-- --------------------------------------------------------
-- Host:                         135.181.100.62
-- Server version:               5.7.23-log - MySQL Community Server (GPL)
-- Server OS:                    Win64
-- HeidiSQL Version:             11.0.0.5919
-- --------------------------------------------------------

/*!40101 SET @OLD_CHARACTER_SET_CLIENT=@@CHARACTER_SET_CLIENT */;
/*!40101 SET NAMES utf8 */;
/*!50503 SET NAMES utf8mb4 */;
/*!40014 SET @OLD_FOREIGN_KEY_CHECKS=@@FOREIGN_KEY_CHECKS, FOREIGN_KEY_CHECKS=0 */;
/*!40101 SET @OLD_SQL_MODE=@@SQL_MODE, SQL_MODE='NO_AUTO_VALUE_ON_ZERO' */;


-- Dumping database structure for vghrms
CREATE DATABASE IF NOT EXISTS `vghrms` /*!40100 DEFAULT CHARACTER SET latin1 */;
USE `vghrms`;

-- Dumping structure for table vghrms.address
CREATE TABLE IF NOT EXISTS `address` (
  `id` bigint(20) NOT NULL AUTO_INCREMENT,
  `company_id` bigint(20) DEFAULT NULL,
  `last_modified` datetime(6) DEFAULT NULL,
  `last_modified_by` varchar(255) DEFAULT NULL,
  `city` varchar(255) DEFAULT NULL,
  `country` varchar(255) DEFAULT NULL,
  `default_add` bit(1) DEFAULT NULL,
  `land_mark` varchar(255) DEFAULT NULL,
  `latitude` double DEFAULT NULL,
  `line_1` varchar(255) DEFAULT NULL,
  `line_2` varchar(255) DEFAULT NULL,
  `longitude` double DEFAULT NULL,
  `pincode` varchar(255) DEFAULT NULL,
  `ref_table` varchar(255) DEFAULT NULL,
  `ref_table_id` bigint(20) DEFAULT NULL,
  `state` varchar(255) DEFAULT NULL,
  `status` varchar(255) DEFAULT NULL,
  `type` varchar(255) DEFAULT NULL,
  PRIMARY KEY (`id`)
) ENGINE=InnoDB AUTO_INCREMENT=160 DEFAULT CHARSET=latin1;

-- Dumping data for table vghrms.address: ~66 rows (approximately)
DELETE FROM `address`;
/*!40000 ALTER TABLE `address` DISABLE KEYS */;
INSERT INTO `address` (`id`, `company_id`, `last_modified`, `last_modified_by`, `city`, `country`, `default_add`, `land_mark`, `latitude`, `line_1`, `line_2`, `longitude`, `pincode`, `ref_table`, `ref_table_id`, `state`, `status`, `type`) VALUES
	(1, 1, '2023-03-03 15:44:16.000000', 'Admin', 'Pune', 'India', b'1', NULL, NULL, 'Baner', NULL, NULL, '400216', 'Company', 1, 'Maharastra', 'D', 'Current Address'),
	(33, 1, '2023-07-12 13:00:01.275127', '538181f9-39f2-43c8-8596-b7309a7dea58', 'Pune', 'India', b'1', NULL, NULL, 'baner', 'pune', NULL, '423123', 'Employee', 13, 'Maharashtra', 'A', 'Current Address'),
	(47, 1, '2023-06-30 10:12:44.100530', '538181f9-39f2-43c8-8596-b7309a7dea58', '   ', '     ', b'0', NULL, NULL, '   Pune', '   ', NULL, '410005', 'WorkExperience', 13, '   ', 'A', 'PERMENANT'),
	(91, 1, '2023-07-12 11:41:46.848234', '538181f9-39f2-43c8-8596-b7309a7dea58', 'Pune', 'Indian', NULL, 'Ratna Hospital,', 73.856255, 'Cts, 967/10, Senapati Bapat Rd, ', 'sbroad.pune@lokmanyasociety.orgModel Colony, Shivajinagar, Pune, ', 18.516726, '411016', 'Branch', 15, 'Maharashtra', 'A', 'CURRENT ADDRESS'),
	(93, 1, '2023-07-12 12:04:09.255105', '538181f9-39f2-43c8-8596-b7309a7dea58', 'Pune', 'Indian', NULL, 'Mahatma Phule Mandai', 73.856255, 'Shinde Ali Road, ', 'Behind Mahatma Phule Mandai Market, Chowk', 18.516726, '411002', 'Branch', 16, 'Maharashtra', 'A', 'CURRENT ADDRESS'),
	(94, 1, '2023-07-12 12:07:27.975118', '538181f9-39f2-43c8-8596-b7309a7dea58', 'Pune', 'India', NULL, 'Neena Co-op. Housing', 73.856255, 'Showroom No. 1, "Exspeciya, S. No, 1 Plot,', 'Neena Co-op. Housing Society, near Ram Mandir,', 18.516726, '411029', 'Branch', 17, 'Maharashtra', 'A', 'CURRENT ADDRESS'),
	(95, 1, '2023-07-12 12:12:05.581141', '538181f9-39f2-43c8-8596-b7309a7dea58', 'Pune', 'India', NULL, 'Guruganesh Nagar', 73.856255, 'Shreyas Apts Shop No. 5 to 9 New D P', ',Guruganesh Nagar,Kothrud,', 18.516726, '411038', 'Branch', 18, 'Maharashtra', 'A', 'CURRENT ADDRESS'),
	(96, 1, '2023-07-12 14:18:20.676661', '538181f9-39f2-43c8-8596-b7309a7dea58', 'Pune', 'India', b'1', NULL, NULL, '559,Talera Garden', 'Munjeri,Market Yard', NULL, '411037', 'Employee', 83, 'Maharashtra', 'A', 'Current Address'),
	(97, 1, '2023-07-13 06:48:51.739813', 'c9c5de82-7567-4023-afdb-7555aa120b96', 'Pune', 'India', b'1', NULL, NULL, '7,Moledina road,Clover center society', 'Nr Dastur High School', NULL, '411001', 'Employee', 85, 'Maharashtra', 'A', 'Current Address'),
	(98, 1, '2023-07-12 13:07:20.835089', '538181f9-39f2-43c8-8596-b7309a7dea58', 'Pune', 'India', b'1', NULL, NULL, 'Behind tapadia park, Rajguru nagar', 'Near Modern School, University Road ', NULL, '410014', 'Employee', 84, 'Maharashtra', 'A', 'Current Address'),
	(99, 1, '2023-07-12 12:56:47.202079', '538181f9-39f2-43c8-8596-b7309a7dea58', 'Pune Satara Road', 'India', b'1', NULL, NULL, '692/693, Krutharth society', 'Pune Satara Road', NULL, '411009', 'Employee', 87, 'Maharashtra', 'A', 'Current Address'),
	(100, 1, '2023-07-12 12:50:26.150111', '538181f9-39f2-43c8-8596-b7309a7dea58', 'Pune', 'India', b'1', NULL, NULL, 'A-321/1, Kalyan Society', 'Near Modern School, University Road ', NULL, '410014', 'Employee', 88, 'Maharashtra', 'A', 'Current Address'),
	(101, 1, '2023-07-12 12:54:18.698120', '538181f9-39f2-43c8-8596-b7309a7dea58', 'Pune', 'India', b'1', NULL, NULL, 'C-311, Shirine Society,Spandan nagar,', 'Near cummins college ', NULL, '410038', 'Employee', 86, 'Maharashtra', 'A', 'Current Address'),
	(102, 1, '2023-07-12 13:03:42.078172', '538181f9-39f2-43c8-8596-b7309a7dea58', '   ', '     ', b'0', NULL, NULL, '   Pune', '   ', NULL, '410005', 'WorkExperience', 21, '   ', 'A', 'PERMENANT'),
	(103, 1, '2023-07-12 13:04:24.362092', '538181f9-39f2-43c8-8596-b7309a7dea58', '   ', '     ', b'0', NULL, NULL, '   Pune', '   ', NULL, '410005', 'WorkExperience', 21, '   ', 'A', 'PERMENANT'),
	(104, 1, '2023-07-12 13:09:04.676114', '538181f9-39f2-43c8-8596-b7309a7dea58', '   ', '     ', b'0', NULL, NULL, '   Pune', '   ', NULL, '410005', 'WorkExperience', 22, '   ', 'A', 'PERMENANT'),
	(105, 1, '2023-07-12 14:01:34.115677', '538181f9-39f2-43c8-8596-b7309a7dea58', '   ', '     ', b'0', NULL, NULL, '   Pune', '   ', NULL, '410005', 'WorkExperience', 23, '   ', 'A', 'PERMENANT'),
	(106, 1, '2023-07-12 14:02:24.014651', '538181f9-39f2-43c8-8596-b7309a7dea58', '   ', '     ', b'0', NULL, NULL, '   Pune', '   ', NULL, '410005', 'WorkExperience', 24, '   ', 'A', 'PERMENANT'),
	(107, 1, '2023-07-12 14:12:50.257683', '538181f9-39f2-43c8-8596-b7309a7dea58', '   ', '     ', b'0', NULL, NULL, '   Pune', '   ', NULL, '410005', 'WorkExperience', 25, '   ', 'A', 'PERMENANT'),
	(109, 1, '2023-07-13 04:13:05.682686', '538181f9-39f2-43c8-8596-b7309a7dea58', 'Pune', 'India', b'1', NULL, NULL, 'Goodwill Housing Society,Iti Road', 'Near Sarja Hotel,Aundh ', NULL, '411031', 'Employee', 89, 'Maharashtra', 'A', 'Current Address'),
	(110, 1, '2023-07-13 04:22:20.300688', '538181f9-39f2-43c8-8596-b7309a7dea58', '   ', '     ', b'0', NULL, NULL, '   Pune', '   ', NULL, '410005', 'WorkExperience', 26, '   ', 'A', 'PERMENANT'),
	(113, 1, '2023-07-13 05:23:24.229736', 'anonymousUser', '   ', '     ', b'0', NULL, NULL, '   Pune', '   ', NULL, '410005', 'WorkExperience', 27, '   ', 'A', 'PERMENANT'),
	(114, 1, '2023-07-13 05:28:18.523651', '538181f9-39f2-43c8-8596-b7309a7dea58', '   ', '     ', b'0', NULL, NULL, '   Near Mumbai Highway', '   ', NULL, '410005', 'WorkExperience', 28, '   ', 'A', 'PERMENANT'),
	(117, 1, '2023-07-13 12:22:51.641921', '538181f9-39f2-43c8-8596-b7309a7dea58', 'Pune', 'India', b'1', NULL, NULL, 'Sus', 'Near Baner', NULL, '454546', 'Employee', 90, 'Maharashtra', 'A', 'Current Address'),
	(118, 1, '2023-07-13 12:34:36.655456', '538181f9-39f2-43c8-8596-b7309a7dea58', '   ', '     ', b'0', NULL, NULL, '   Baner', '   ', NULL, '410005', 'WorkExperience', 29, '   ', 'A', 'PERMENANT'),
	(119, 1, '2023-07-13 17:24:10.134381', '538181f9-39f2-43c8-8596-b7309a7dea58', 'Pune', 'India', b'1', NULL, NULL, 'West Side', 'Near Kate Chowk', NULL, '412251', 'Employee', 91, 'Maharashtra', 'A', 'Current Address'),
	(120, 1, '2023-07-13 17:23:53.507106', '538181f9-39f2-43c8-8596-b7309a7dea58', '   ', '     ', b'0', NULL, NULL, '   Pune', '   ', NULL, '410005', 'WorkExperience', 30, '   ', 'A', 'PERMENANT'),
	(121, 1, '2023-07-18 08:57:28.518553', '538181f9-39f2-43c8-8596-b7309a7dea58', 'Pune', 'India', b'1', NULL, NULL, 'Jay Hind Shop near', 'Sangvi Chowk', NULL, '412244', 'Employee', 92, 'Maharashtra', 'A', 'Current Address'),
	(122, 1, '2023-07-14 10:04:37.107133', 'c9c5de82-7567-4023-afdb-7555aa120b96', 'Pune', 'India', b'1', NULL, NULL, 'Sadashiv Peth', 'Zudio Near', NULL, '415567', 'Employee', 93, 'Maharashtra', 'A', 'Current Address'),
	(123, 1, '2023-07-14 10:26:44.648131', '538181f9-39f2-43c8-8596-b7309a7dea58', '   ', '     ', b'0', NULL, NULL, '   Pune', '   ', NULL, '410005', 'WorkExperience', 31, '   ', 'A', 'PERMENANT'),
	(124, 1, '2023-07-14 10:28:07.335166', '538181f9-39f2-43c8-8596-b7309a7dea58', '   ', '     ', b'0', NULL, NULL, '   Pune', '   ', NULL, '410005', 'WorkExperience', 32, '   ', 'A', 'PERMENANT'),
	(125, 1, '2023-07-14 10:28:07.342145', '538181f9-39f2-43c8-8596-b7309a7dea58', '   ', '     ', b'0', NULL, NULL, '   Pune', '   ', NULL, '410005', 'WorkExperience', 31, '   ', 'A', 'PERMENANT'),
	(126, 1, '2023-07-21 06:49:22.205198', '538181f9-39f2-43c8-8596-b7309a7dea58', 'Pune', 'India', NULL, 'Near Gajanan Maharaj', 123.55, 'Ground Floor, Thite Building', 'Near Gajanan Maharaj Mandir S. No. 279, Plot, No. 3, ', 123.66, '411038', 'Branch', 19, 'Maharashtra', 'A', 'CURRENT ADDRESS'),
	(127, 1, '2023-07-17 04:36:56.119460', '538181f9-39f2-43c8-8596-b7309a7dea58', 'Pune ', 'India', b'1', NULL, NULL, 'Kunal Icon Road', 'Govind Garden Near', NULL, '412255', 'Employee', 95, 'Maharashtra', 'A', 'Current Address'),
	(128, 1, '2023-07-17 08:53:33.599540', '538181f9-39f2-43c8-8596-b7309a7dea58', '   ', '     ', b'0', NULL, NULL, '   Pune', '   ', NULL, '410005', 'WorkExperience', 33, '   ', 'A', 'PERMENANT'),
	(129, 1, '2023-07-18 11:58:44.229631', '538181f9-39f2-43c8-8596-b7309a7dea58', '   Pune', '     India', b'0', NULL, NULL, '   CTS, 967/10, Senapati Bapat Road, near Ratna Hospital, Model Colony, Shivajinagar', '', NULL, '411016', 'Company', 1, '   Maharshtra', 'A', 'PERMENANT'),
	(130, 1, '2023-07-21 06:47:41.653438', '538181f9-39f2-43c8-8596-b7309a7dea58', 'Pune', 'Indian', NULL, 'Next To Regent Fitness Club', 87756.76, 'Ground Floor, Raskar Palace, Bibwewadi', 'Pune Satara Road', 12345.788, '412241', 'Branch', 20, 'Maharashtra', 'A', 'CURRENT ADDRESS'),
	(131, 1, '2023-07-18 11:24:04.763780', '538181f9-39f2-43c8-8596-b7309a7dea58', 'Pune', 'India', b'1', NULL, NULL, 'Kunal Icon Road', 'Rose Icon', NULL, '412233', 'Employee', 97, 'Maharashtra', 'A', 'Current Address'),
	(132, 1, '2023-07-18 11:05:17.778243', '538181f9-39f2-43c8-8596-b7309a7dea58', 'Pune', 'India', b'1', NULL, NULL, 'Baner', 'Pune', NULL, '324569', 'Employee', 94, 'Maharashtra', 'A', 'Current Address'),
	(133, 1, '2023-07-18 11:12:53.718816', '538181f9-39f2-43c8-8596-b7309a7dea58', '   ', '     ', b'0', NULL, NULL, ' Pune', '   ', NULL, '410005', 'WorkExperience', 34, '   ', 'A', 'PERMENANT'),
	(134, 1, '2023-07-18 12:17:55.355643', '538181f9-39f2-43c8-8596-b7309a7dea58', 'Pune', 'India', b'1', NULL, NULL, 'Shivneri Colony, Lane No.16', 'Lokmanya Nagar', NULL, '411015', 'Employee', 98, 'Maharashtra', 'A', 'Current Address'),
	(135, 1, '2023-07-21 07:13:44.967504', 'c9c5de82-7567-4023-afdb-7555aa120b96', 'PunE', 'India', b'1', NULL, NULL, 'More Nagar', 'Dinkar  Shirode Road', NULL, '412110', 'Employee', 99, 'Maharashtra', 'A', 'Current Address'),
	(136, 2, '2023-06-21 06:37:14.246040', 'VG Admin', 'pune', 'India', NULL, NULL, 45.897, 'Pune', NULL, 89.345, '411000', 'Company', 2, 'Maharashtra', 'A', 'CURRENT ADDRESS'),
	(137, 2, '2023-06-21 06:37:14.246040', 'VG Admin', 'pune', 'India', NULL, 'Senapati Bapat Road', 45.897, 'Senapati Bapat Road', 'pune Branch', 89.345, '411022', 'Branch', 21, 'Maharashtra', 'A', 'CURRENT ADDRESS'),
	(138, 1, '2023-07-21 06:58:01.931128', '538181f9-39f2-43c8-8596-b7309a7dea58', 'Pune', 'India', b'1', NULL, NULL, 'Sus', 'Near Baner', NULL, '413256', 'Employee', 104, 'Maharashtra', 'A', 'Current Address'),
	(139, 1, '2023-07-19 08:32:44.478859', '538181f9-39f2-43c8-8596-b7309a7dea58', '   ', '     ', b'0', NULL, NULL, '   Baner', '   ', NULL, '410005', 'WorkExperience', 35, '   ', 'A', 'PERMENANT'),
	(140, 1, '2023-07-19 08:44:48.651989', 'c9c5de82-7567-4023-afdb-7555aa120b96', 'Pune', 'India', b'1', NULL, NULL, 'Dinkar Shirode Road', 'Near West Side', NULL, '142221', 'Employee', 105, 'Maharashtra', 'A', 'Current Address'),
	(141, 1, '2023-07-19 10:35:00.375792', 'b8f33129-b9ce-43db-b11f-1e1b5c0eda8a', '   ', '     ', NULL, NULL, NULL, '   Near Mumbai Highway', '   ', NULL, '410005', 'WorkExperience', 28, '   ', NULL, NULL),
	(142, 1, '2023-07-19 10:35:00.870659', 'b8f33129-b9ce-43db-b11f-1e1b5c0eda8a', '   ', '     ', NULL, NULL, NULL, '   Pune', '   ', NULL, '410005', 'WorkExperience', 27, '   ', NULL, NULL),
	(143, 1, '2023-07-21 06:55:53.540826', '538181f9-39f2-43c8-8596-b7309a7dea58', 'Pune', 'India', b'1', NULL, NULL, 'Dinkar Shirode Road', 'Rose Icon ', NULL, '412231', 'Employee', 108, 'Maharashtra', 'A', 'Current Address'),
	(144, 1, '2023-07-21 06:55:02.270908', '538181f9-39f2-43c8-8596-b7309a7dea58', 'Pune', 'India', b'1', NULL, NULL, 'More Patil Road', 'Rose Icon', NULL, '412231', 'Employee', 109, 'Maharashtra', 'A', 'Current Address'),
	(145, 1, '2023-07-21 06:53:51.544806', '538181f9-39f2-43c8-8596-b7309a7dea58', 'Pune', 'India', b'1', NULL, NULL, '6, Akanksha, Pallod Farm', 'Street 2', NULL, '411987', 'Employee', 111, 'Maharashtra', 'A', 'Current Address'),
	(146, 1, '2023-07-20 11:39:36.640469', '538181f9-39f2-43c8-8596-b7309a7dea58', '   ', '     ', b'0', NULL, NULL, '   Pune', '   ', NULL, '410005', 'WorkExperience', 36, '   ', 'A', 'PERMENANT'),
	(147, 1, '2023-07-21 04:34:18.642213', '538181f9-39f2-43c8-8596-b7309a7dea58', 'Pune', 'India', b'1', NULL, NULL, 'Baner', 'Near Sus', NULL, '413274', 'Employee', 112, 'Maharashtra', 'A', 'Current Address'),
	(148, 1, '2023-07-21 06:54:18.635894', '538181f9-39f2-43c8-8596-b7309a7dea58', 'Pune', 'India', b'1', NULL, NULL, 'Abc Chowk, Lan No.34', 'Ganesh Nagar', NULL, '411067', 'Employee', 112, 'Maharashtra', 'A', 'Current Address'),
	(149, 1, '2023-07-21 06:54:43.279945', '538181f9-39f2-43c8-8596-b7309a7dea58', 'Pune', 'India', b'1', NULL, NULL, 'Dinkar Shirode Road', 'Near Govind Garden', NULL, '412210', 'Employee', 110, 'Maharashtra', 'A', 'Current Address'),
	(150, 1, '2023-07-21 05:31:22.748084', '538181f9-39f2-43c8-8596-b7309a7dea58', '   ', '     ', b'0', NULL, NULL, '   Baner', '   ', NULL, '410005', 'WorkExperience', 37, '   ', 'A', 'PERMENANT'),
	(151, 1, '2023-07-21 05:56:53.853646', '538181f9-39f2-43c8-8596-b7309a7dea58', '   ', '     ', b'0', NULL, NULL, '   Pune', '   ', NULL, '410005', 'WorkExperience', 38, '   ', 'A', 'PERMENANT'),
	(152, 1, '2023-07-21 06:56:17.380501', '538181f9-39f2-43c8-8596-b7309a7dea58', 'Pune', 'India', b'1', NULL, NULL, 'Kunal Icon Road', 'Shivar Chowk', NULL, '412232', 'Employee', 107, 'Maharashtra', 'A', 'Current Address'),
	(153, 1, '2023-07-21 06:11:03.807448', '538181f9-39f2-43c8-8596-b7309a7dea58', '   ', '     ', b'0', NULL, NULL, '   Pune', '   ', NULL, '410005', 'WorkExperience', 39, '   ', 'A', 'PERMENANT'),
	(154, 1, '2023-07-21 06:57:15.997915', '538181f9-39f2-43c8-8596-b7309a7dea58', 'Pune', 'India', b'1', NULL, NULL, 'Nilkandh Society', 'Baner', NULL, '412366', 'Employee', 106, 'Maharashtra', 'A', 'Current Address'),
	(155, 1, '2023-07-21 06:58:51.699415', '538181f9-39f2-43c8-8596-b7309a7dea58', 'Pune', 'India', b'1', NULL, NULL, 'Bajirao  Road', 'Abc Chowk Near', NULL, '412211', 'Employee', 103, 'Maharashtra', 'A', 'Current Address'),
	(156, 1, '2023-07-21 06:48:26.608691', '538181f9-39f2-43c8-8596-b7309a7dea58', '   ', '     ', b'0', NULL, NULL, '   Pune', '   ', NULL, '410005', 'WorkExperience', 40, '   ', 'A', 'PERMENANT'),
	(157, 1, '2023-07-21 07:13:11.211678', 'c9c5de82-7567-4023-afdb-7555aa120b96', 'Pune', 'India', b'1', NULL, NULL, 'Roce Icon', 'Shivar Road', NULL, '412221', 'Employee', 100, 'Maharashtra', 'A', 'Current Address'),
	(158, 1, '2023-07-25 05:48:37.930041', '538181f9-39f2-43c8-8596-b7309a7dea58', 'Pune', 'India', b'1', NULL, NULL, 'Kunal Icon', 'Kate Chowk', NULL, '412211', 'Employee', 113, 'Maharashtra', 'A', 'Current Address'),
	(159, 1, '2023-07-25 05:47:59.898292', '538181f9-39f2-43c8-8596-b7309a7dea58', '   ', '     ', b'0', NULL, NULL, '   Pune', '   ', NULL, '410005', 'WorkExperience', 41, '   ', 'A', 'PERMENANT');
/*!40000 ALTER TABLE `address` ENABLE KEYS */;

-- Dumping structure for table vghrms.appraisal_comments_review
CREATE TABLE IF NOT EXISTS `appraisal_comments_review` (
  `id` bigint(20) NOT NULL AUTO_INCREMENT,
  `company_id` bigint(20) DEFAULT NULL,
  `last_modified` datetime(6) DEFAULT NULL,
  `last_modified_by` varchar(255) DEFAULT NULL,
  `appraisal_review_id` bigint(20) DEFAULT NULL,
  `comment` varchar(255) DEFAULT NULL,
  `comment_type` varchar(255) DEFAULT NULL,
  `ref_form_name` varchar(255) DEFAULT NULL,
  `status` varchar(255) DEFAULT NULL,
  `employee_id` bigint(20) DEFAULT NULL,
  PRIMARY KEY (`id`),
  KEY `FK3w694pu2pet65s2h6qxpmrcqj` (`employee_id`),
  CONSTRAINT `FK3w694pu2pet65s2h6qxpmrcqj` FOREIGN KEY (`employee_id`) REFERENCES `employee` (`id`)
) ENGINE=InnoDB DEFAULT CHARSET=latin1;

-- Dumping data for table vghrms.appraisal_comments_review: ~0 rows (approximately)
DELETE FROM `appraisal_comments_review`;
/*!40000 ALTER TABLE `appraisal_comments_review` DISABLE KEYS */;
/*!40000 ALTER TABLE `appraisal_comments_review` ENABLE KEYS */;

-- Dumping structure for table vghrms.appraisal_details
CREATE TABLE IF NOT EXISTS `appraisal_details` (
  `id` bigint(20) NOT NULL AUTO_INCREMENT,
  `company_id` bigint(20) DEFAULT NULL,
  `expected_value` varchar(255) DEFAULT NULL,
  `last_modified` datetime(6) DEFAULT NULL,
  `last_modified_by` varchar(255) DEFAULT NULL,
  `performance_appraisal_id` bigint(20) DEFAULT NULL,
  `set_value` varchar(255) DEFAULT NULL,
  `status` varchar(255) DEFAULT NULL,
  `performance_indicator_id` bigint(20) DEFAULT NULL,
  PRIMARY KEY (`id`),
  KEY `FK9d2beqggbe2o7ckv2fnp0egu` (`performance_indicator_id`),
  CONSTRAINT `FK9d2beqggbe2o7ckv2fnp0egu` FOREIGN KEY (`performance_indicator_id`) REFERENCES `performance_indicator` (`id`)
) ENGINE=InnoDB DEFAULT CHARSET=latin1;

-- Dumping data for table vghrms.appraisal_details: ~0 rows (approximately)
DELETE FROM `appraisal_details`;
/*!40000 ALTER TABLE `appraisal_details` DISABLE KEYS */;
/*!40000 ALTER TABLE `appraisal_details` ENABLE KEYS */;

-- Dumping structure for table vghrms.appraisal_evaluation
CREATE TABLE IF NOT EXISTS `appraisal_evaluation` (
  `id` bigint(20) NOT NULL AUTO_INCREMENT,
  `company_id` bigint(20) DEFAULT NULL,
  `last_modified` datetime(6) DEFAULT NULL,
  `last_modified_by` varchar(255) DEFAULT NULL,
  `answer_flag` bit(1) DEFAULT NULL,
  `appraisal_review_id` bigint(20) DEFAULT NULL,
  `available_points` bigint(20) DEFAULT NULL,
  `description` varchar(255) DEFAULT NULL,
  `employee_id` bigint(20) DEFAULT NULL,
  `remark` varchar(255) DEFAULT NULL,
  `scored_points` bigint(20) DEFAULT NULL,
  `status` varchar(255) DEFAULT NULL,
  `appraisal_evaluation_parameter_id` bigint(20) DEFAULT NULL,
  PRIMARY KEY (`id`),
  KEY `FK1l7lqludeppfuy23xrmdas0fo` (`appraisal_evaluation_parameter_id`),
  CONSTRAINT `FK1l7lqludeppfuy23xrmdas0fo` FOREIGN KEY (`appraisal_evaluation_parameter_id`) REFERENCES `appraisal_evaluation_parameter` (`id`)
) ENGINE=InnoDB DEFAULT CHARSET=latin1;

-- Dumping data for table vghrms.appraisal_evaluation: ~0 rows (approximately)
DELETE FROM `appraisal_evaluation`;
/*!40000 ALTER TABLE `appraisal_evaluation` DISABLE KEYS */;
/*!40000 ALTER TABLE `appraisal_evaluation` ENABLE KEYS */;

-- Dumping structure for table vghrms.appraisal_evaluation_parameter
CREATE TABLE IF NOT EXISTS `appraisal_evaluation_parameter` (
  `id` bigint(20) NOT NULL AUTO_INCREMENT,
  `company_id` bigint(20) DEFAULT NULL,
  `last_modified` datetime(6) DEFAULT NULL,
  `last_modified_by` varchar(255) DEFAULT NULL,
  `description` varchar(255) DEFAULT NULL,
  `name` varchar(255) DEFAULT NULL,
  `status` varchar(255) DEFAULT NULL,
  `type` varchar(255) DEFAULT NULL,
  PRIMARY KEY (`id`)
) ENGINE=InnoDB DEFAULT CHARSET=latin1;

-- Dumping data for table vghrms.appraisal_evaluation_parameter: ~0 rows (approximately)
DELETE FROM `appraisal_evaluation_parameter`;
/*!40000 ALTER TABLE `appraisal_evaluation_parameter` DISABLE KEYS */;
/*!40000 ALTER TABLE `appraisal_evaluation_parameter` ENABLE KEYS */;

-- Dumping structure for table vghrms.appraisal_review
CREATE TABLE IF NOT EXISTS `appraisal_review` (
  `id` bigint(20) NOT NULL AUTO_INCREMENT,
  `company_id` bigint(20) DEFAULT NULL,
  `last_modified` datetime(6) DEFAULT NULL,
  `last_modified_by` varchar(255) DEFAULT NULL,
  `reporting_officer` varchar(255) DEFAULT NULL,
  `ro_designation` varchar(255) DEFAULT NULL,
  `status` varchar(255) DEFAULT NULL,
  `employee_id` bigint(20) DEFAULT NULL,
  `appraisal_status` varchar(255) DEFAULT NULL,
  `employe_id` bigint(20) DEFAULT NULL,
  PRIMARY KEY (`id`),
  KEY `FK5ynsifrxo8wis2siiro27utbr` (`employee_id`),
  CONSTRAINT `FK5ynsifrxo8wis2siiro27utbr` FOREIGN KEY (`employee_id`) REFERENCES `employee` (`id`)
) ENGINE=InnoDB AUTO_INCREMENT=26 DEFAULT CHARSET=latin1;

-- Dumping data for table vghrms.appraisal_review: ~0 rows (approximately)
DELETE FROM `appraisal_review`;
/*!40000 ALTER TABLE `appraisal_review` DISABLE KEYS */;
INSERT INTO `appraisal_review` (`id`, `company_id`, `last_modified`, `last_modified_by`, `reporting_officer`, `ro_designation`, `status`, `employee_id`, `appraisal_status`, `employe_id`) VALUES
	(25, 1, '2023-07-13 04:52:10.413665', '538181f9-39f2-43c8-8596-b7309a7dea58', NULL, NULL, 'A', NULL, 'Applied', 87);
/*!40000 ALTER TABLE `appraisal_review` ENABLE KEYS */;

-- Dumping structure for table vghrms.approval
CREATE TABLE IF NOT EXISTS `approval` (
  `id` bigint(20) NOT NULL AUTO_INCREMENT,
  `company_id` bigint(20) DEFAULT NULL,
  `last_modified` datetime(6) DEFAULT NULL,
  `last_modified_by` varchar(255) DEFAULT NULL,
  `approval_status` varchar(255) DEFAULT NULL,
  `approver_employee_id` bigint(20) DEFAULT NULL,
  `ref_table` varchar(255) DEFAULT NULL,
  `ref_table_id` bigint(20) DEFAULT NULL,
  `sequence` bigint(20) DEFAULT NULL,
  `status` varchar(255) DEFAULT NULL,
  PRIMARY KEY (`id`)
) ENGINE=InnoDB AUTO_INCREMENT=82 DEFAULT CHARSET=latin1;

-- Dumping data for table vghrms.approval: ~38 rows (approximately)
DELETE FROM `approval`;
/*!40000 ALTER TABLE `approval` DISABLE KEYS */;
INSERT INTO `approval` (`id`, `company_id`, `last_modified`, `last_modified_by`, `approval_status`, `approver_employee_id`, `ref_table`, `ref_table_id`, `sequence`, `status`) VALUES
	(1, 1, '2023-07-14 06:45:02.286497', 'c9c5de82-7567-4023-afdb-7555aa120b96', 'Approved', 83, 'Resignation', 29, 1, 'A'),
	(2, 1, '2023-07-14 06:45:36.442546', '538181f9-39f2-43c8-8596-b7309a7dea58', 'Approved', 13, 'Resignation', 29, 2, 'A'),
	(19, 1, '2023-07-14 12:06:18.977169', 'c9c5de82-7567-4023-afdb-7555aa120b96', 'Approved', 83, 'Resignation', 30, 1, 'A'),
	(20, 1, '2023-07-14 12:07:27.447131', '538181f9-39f2-43c8-8596-b7309a7dea58', 'Approved', 13, 'Resignation', 30, 2, 'A'),
	(25, 1, '2023-07-17 12:00:47.615692', 'c9c5de82-7567-4023-afdb-7555aa120b96', 'Rejected', 83, 'Resignation', 31, 1, 'A'),
	(26, 1, '2023-07-17 11:59:45.619552', '538181f9-39f2-43c8-8596-b7309a7dea58', 'Applied', 13, 'Resignation', 31, 2, 'A'),
	(31, 1, '2023-07-18 12:16:33.954959', 'c9c5de82-7567-4023-afdb-7555aa120b96', 'Approved', 83, 'Resignation', 32, 1, 'A'),
	(32, 1, '2023-07-18 12:16:56.744775', '538181f9-39f2-43c8-8596-b7309a7dea58', 'Rejected', 13, 'Resignation', 32, 2, 'A'),
	(42, 1, '2023-07-19 09:08:08.298229', '245da5d8-1f92-4d54-b6be-e3db460ceb78', 'Applied', 83, 'Resignation', 33, 1, 'A'),
	(43, 1, '2023-07-19 09:08:08.326355', '245da5d8-1f92-4d54-b6be-e3db460ceb78', 'Applied', 13, 'Resignation', 33, 2, 'A'),
	(44, 1, '2023-07-19 09:14:09.075357', '245da5d8-1f92-4d54-b6be-e3db460ceb78', 'Applied', 83, 'Resignation', 34, 1, 'A'),
	(45, 1, '2023-07-19 09:14:09.118340', '245da5d8-1f92-4d54-b6be-e3db460ceb78', 'Applied', 13, 'Resignation', 34, 2, 'A'),
	(46, 1, '2023-07-19 10:25:46.242583', 'c9c5de82-7567-4023-afdb-7555aa120b96', 'Approved', 83, 'Resignation', 35, 1, 'A'),
	(47, 1, '2023-07-19 10:27:18.912204', '538181f9-39f2-43c8-8596-b7309a7dea58', 'Rejected', 13, 'Resignation', 35, 2, 'A'),
	(48, 1, '2023-07-19 09:21:15.394613', '99c16640-80aa-48d6-9016-efa89603fddb', 'Applied', 83, 'Resignation', 36, 1, 'A'),
	(49, 1, '2023-07-19 09:21:15.424152', '99c16640-80aa-48d6-9016-efa89603fddb', 'Applied', 13, 'Resignation', 36, 2, 'A'),
	(60, 1, '2023-07-20 07:19:19.304456', 'c9c5de82-7567-4023-afdb-7555aa120b96', 'Approved', 83, 'LeaveApplication', 146, 1, 'A'),
	(61, 1, '2023-07-20 07:20:05.563766', '538181f9-39f2-43c8-8596-b7309a7dea58', 'Approved', 13, 'LeaveApplication', 146, 2, 'A'),
	(62, 1, '2023-07-24 07:25:25.680172', 'b8f33129-b9ce-43db-b11f-1e1b5c0eda8a', 'Approved', 83, 'LeaveApplication', 147, 1, 'I'),
	(63, 1, '2023-07-24 07:25:25.708169', 'b8f33129-b9ce-43db-b11f-1e1b5c0eda8a', 'Applied', 13, 'LeaveApplication', 147, 2, 'I'),
	(64, 1, '2023-07-20 12:05:27.952929', 'b8f33129-b9ce-43db-b11f-1e1b5c0eda8a', 'Applied', 83, 'LeaveApplication', 148, 1, 'I'),
	(65, 1, '2023-07-20 12:05:27.977018', 'b8f33129-b9ce-43db-b11f-1e1b5c0eda8a', 'Applied', 13, 'LeaveApplication', 148, 2, 'I'),
	(66, 1, '2023-07-20 07:36:49.268448', 'c9c5de82-7567-4023-afdb-7555aa120b96', 'Approved', 83, 'LeaveApplication', 149, 1, 'A'),
	(67, 1, '2023-07-20 07:37:49.523862', '538181f9-39f2-43c8-8596-b7309a7dea58', 'Approved', 13, 'LeaveApplication', 149, 2, 'A'),
	(68, 1, '2023-07-21 04:11:17.586252', 'anonymousUser', 'Applied', 83, 'LeaveApplication', 156, 1, 'A'),
	(69, 1, '2023-07-21 04:11:21.961258', 'anonymousUser', 'Applied', 13, 'LeaveApplication', 156, 2, 'A'),
	(70, 1, '2023-07-21 07:10:44.210040', 'c9c5de82-7567-4023-afdb-7555aa120b96', 'Approved', 83, 'LeaveApplication', 157, 1, 'A'),
	(71, 1, '2023-07-21 07:08:57.015771', '245da5d8-1f92-4d54-b6be-e3db460ceb78', 'Applied', 13, 'LeaveApplication', 157, 2, 'A'),
	(72, 1, '2023-07-24 05:21:28.582564', 'c9c5de82-7567-4023-afdb-7555aa120b96', 'Approved', 83, 'Resignation', 38, 1, 'A'),
	(73, 1, '2023-07-24 05:22:47.634744', '538181f9-39f2-43c8-8596-b7309a7dea58', 'Approved', 13, 'Resignation', 38, 2, 'A'),
	(74, 1, '2023-07-24 07:26:43.594817', 'b8f33129-b9ce-43db-b11f-1e1b5c0eda8a', 'Applied', 83, 'LeaveApplication', 158, 1, 'A'),
	(75, 1, '2023-07-24 07:26:43.617890', 'b8f33129-b9ce-43db-b11f-1e1b5c0eda8a', 'Applied', 13, 'LeaveApplication', 158, 2, 'A'),
	(76, 1, '2023-07-25 09:00:59.936088', 'c9c5de82-7567-4023-afdb-7555aa120b96', 'Approved', 83, 'LeaveApplication', 159, 1, 'A'),
	(77, 1, '2023-07-25 09:01:56.350402', '538181f9-39f2-43c8-8596-b7309a7dea58', 'Approved', 13, 'LeaveApplication', 159, 2, 'A'),
	(78, 1, '2023-07-25 10:55:49.245832', 'c9c5de82-7567-4023-afdb-7555aa120b96', 'Rejected', 83, 'LeaveApplication', 160, 1, 'A'),
	(79, 1, '2023-07-25 09:12:46.648407', '245da5d8-1f92-4d54-b6be-e3db460ceb78', 'Applied', 13, 'LeaveApplication', 160, 2, 'A'),
	(80, 1, '2023-07-25 11:04:58.397761', 'c9c5de82-7567-4023-afdb-7555aa120b96', 'Approved', 83, 'Resignation', 39, 1, 'A'),
	(81, 1, '2023-07-25 11:06:09.472328', '538181f9-39f2-43c8-8596-b7309a7dea58', 'Approved', 13, 'Resignation', 39, 2, 'A');
/*!40000 ALTER TABLE `approval` ENABLE KEYS */;

-- Dumping structure for table vghrms.approval_level
CREATE TABLE IF NOT EXISTS `approval_level` (
  `id` bigint(20) NOT NULL AUTO_INCREMENT,
  `company_id` bigint(20) DEFAULT NULL,
  `last_modified` datetime(6) DEFAULT NULL,
  `last_modified_by` varchar(255) DEFAULT NULL,
  `approval_setting_id` bigint(20) DEFAULT NULL,
  `designation_id` bigint(20) DEFAULT NULL,
  `squence` bigint(20) DEFAULT NULL,
  `status` varchar(255) DEFAULT NULL,
  PRIMARY KEY (`id`)
) ENGINE=InnoDB AUTO_INCREMENT=5 DEFAULT CHARSET=latin1;

-- Dumping data for table vghrms.approval_level: ~4 rows (approximately)
DELETE FROM `approval_level`;
/*!40000 ALTER TABLE `approval_level` DISABLE KEYS */;
INSERT INTO `approval_level` (`id`, `company_id`, `last_modified`, `last_modified_by`, `approval_setting_id`, `designation_id`, `squence`, `status`) VALUES
	(1, 1, '2023-07-20 11:54:23.286339', 'c9c5de82-7567-4023-afdb-7555aa120b96', 1, 5, 2, 'A'),
	(2, 1, '2023-07-20 11:54:23.286339', 'c9c5de82-7567-4023-afdb-7555aa120b96', 1, 31, 1, 'A'),
	(3, 1, '2023-07-13 07:58:55.208842', '538181f9-39f2-43c8-8596-b7309a7dea58', 2, 5, 2, 'A'),
	(4, 1, '2023-07-13 07:58:55.043813', '538181f9-39f2-43c8-8596-b7309a7dea58', 2, 31, 1, 'A');
/*!40000 ALTER TABLE `approval_level` ENABLE KEYS */;

-- Dumping structure for table vghrms.approval_setting
CREATE TABLE IF NOT EXISTS `approval_setting` (
  `id` bigint(20) NOT NULL AUTO_INCREMENT,
  `company_id` bigint(20) DEFAULT NULL,
  `last_modified` datetime(6) DEFAULT NULL,
  `last_modified_by` varchar(255) DEFAULT NULL,
  `approval_category` int(11) DEFAULT NULL,
  `department_id` bigint(20) DEFAULT NULL,
  `status` varchar(255) DEFAULT NULL,
  `type` varchar(255) DEFAULT NULL,
  PRIMARY KEY (`id`)
) ENGINE=InnoDB AUTO_INCREMENT=3 DEFAULT CHARSET=latin1;

-- Dumping data for table vghrms.approval_setting: ~2 rows (approximately)
DELETE FROM `approval_setting`;
/*!40000 ALTER TABLE `approval_setting` DISABLE KEYS */;
INSERT INTO `approval_setting` (`id`, `company_id`, `last_modified`, `last_modified_by`, `approval_category`, `department_id`, `status`, `type`) VALUES
	(1, 1, '2023-07-13 07:54:45.365804', '538181f9-39f2-43c8-8596-b7309a7dea58', 0, 1, 'A', 'Leave Approval'),
	(2, 1, '2023-07-13 07:58:54.840803', '538181f9-39f2-43c8-8596-b7309a7dea58', 0, 1, 'A', 'Resignation Approval');
/*!40000 ALTER TABLE `approval_setting` ENABLE KEYS */;

-- Dumping structure for table vghrms.asset_application
CREATE TABLE IF NOT EXISTS `asset_application` (
  `id` bigint(20) NOT NULL AUTO_INCREMENT,
  `company_id` bigint(20) DEFAULT NULL,
  `last_modified` datetime(6) DEFAULT NULL,
  `last_modified_by` varchar(255) DEFAULT NULL,
  `apply_date` datetime(6) DEFAULT NULL,
  `asset_id` bigint(20) DEFAULT NULL,
  `assetype` varchar(255) DEFAULT NULL,
  `assgin_date` datetime(6) DEFAULT NULL,
  `description` varchar(255) DEFAULT NULL,
  `employee_id` bigint(20) DEFAULT NULL,
  `quantity` bigint(20) DEFAULT NULL,
  `req_status` varchar(255) DEFAULT NULL,
  `status` varchar(255) DEFAULT NULL,
  PRIMARY KEY (`id`)
) ENGINE=InnoDB DEFAULT CHARSET=latin1;

-- Dumping data for table vghrms.asset_application: ~0 rows (approximately)
DELETE FROM `asset_application`;
/*!40000 ALTER TABLE `asset_application` DISABLE KEYS */;
/*!40000 ALTER TABLE `asset_application` ENABLE KEYS */;

-- Dumping structure for table vghrms.asset_inventory
CREATE TABLE IF NOT EXISTS `asset_inventory` (
  `id` bigint(20) NOT NULL AUTO_INCREMENT,
  `company_id` bigint(20) DEFAULT NULL,
  `last_modified` datetime(6) DEFAULT NULL,
  `last_modified_by` varchar(255) DEFAULT NULL,
  `asset_id` varchar(255) DEFAULT NULL,
  `asset_name` varchar(255) DEFAULT NULL,
  `asset_status` varchar(255) DEFAULT NULL,
  `asset_user_id` bigint(20) DEFAULT NULL,
  `assetype` varchar(255) DEFAULT NULL,
  `jhi_condition` varchar(255) DEFAULT NULL,
  `description` varchar(255) DEFAULT NULL,
  `fine_amt` double DEFAULT NULL,
  `manufacturer` varchar(255) DEFAULT NULL,
  `model` varchar(255) DEFAULT NULL,
  `product_number` varchar(255) DEFAULT NULL,
  `purchase_from` varchar(255) DEFAULT NULL,
  `purchase_to` varchar(255) DEFAULT NULL,
  `refund_amt` double DEFAULT NULL,
  `status` varchar(255) DEFAULT NULL,
  `submitted_amt` double DEFAULT NULL,
  `supplier` varchar(255) DEFAULT NULL,
  `value` double DEFAULT NULL,
  `warranty_in_months` bigint(20) DEFAULT NULL,
  PRIMARY KEY (`id`)
) ENGINE=InnoDB AUTO_INCREMENT=28 DEFAULT CHARSET=latin1;

-- Dumping data for table vghrms.asset_inventory: ~16 rows (approximately)
DELETE FROM `asset_inventory`;
/*!40000 ALTER TABLE `asset_inventory` DISABLE KEYS */;
INSERT INTO `asset_inventory` (`id`, `company_id`, `last_modified`, `last_modified_by`, `asset_id`, `asset_name`, `asset_status`, `asset_user_id`, `assetype`, `jhi_condition`, `description`, `fine_amt`, `manufacturer`, `model`, `product_number`, `purchase_from`, `purchase_to`, `refund_amt`, `status`, `submitted_amt`, `supplier`, `value`, `warranty_in_months`) VALUES
	(12, 1, '2023-07-13 03:27:29.168702', 'anonymousUser', '101', 'Laptop', NULL, 85, NULL, 'Good', 'Dell Laptop Having Windows And Latest Antivirus', NULL, 'Dell', 'LATITUDE', 'NT2018DT000549', '2021-12-08T18:30:00.000Z', '2024-08-14T18:30:00.000Z', NULL, 'D', NULL, 'Dell', 40000, 12),
	(13, 1, '2023-07-13 03:27:50.243671', 'anonymousUser', '102', 'Laptop', NULL, 85, NULL, 'Good', 'Laptop Having Windows And Intel Processor', NULL, 'Dell', 'Inspiron', 'CND51815QH', '2022-05-17T18:30:00.000Z', '2023-11-12T18:30:00.000Z', NULL, 'D', NULL, 'Dell', 50000, 24),
	(14, 1, '2023-07-13 03:28:01.776669', 'anonymousUser', '103', 'Laptop', NULL, 85, NULL, 'Excellent ', 'Thinkpad Having Windows And Intel Latest Processor', NULL, 'Lenovo', 'Thinkpad', 'PG0254VK', '2023-01-02T18:30:00.000Z', '2025-01-05T18:30:00.000Z', NULL, 'D', NULL, 'Lenovo', 60000, 24),
	(15, 1, '2023-07-13 03:28:13.695684', 'anonymousUser', '104', 'Laptop', NULL, 85, NULL, 'Good', 'Windows  And Intel With Ssd', NULL, 'Lenovo', 'Thinkpad1', 'PGO254RG', '2022-12-15T13:47:56.000Z', '2024-03-13T18:30:00.000Z', NULL, 'D', NULL, 'Lenovo', 45000, 18),
	(16, 1, '2023-07-21 08:28:18.636336', '538181f9-39f2-43c8-8596-b7309a7dea58', '105', 'Laptop', NULL, 84, 'Equipment', 'Good', 'G Series Laptop Having Windows And Ssd', 1000, 'Dell', 'Gseries', 'GJ38MH2', '2021-01-20T18:30:00.000Z', '2023-11-14T18:30:00.000Z', 32000, 'A', 35000, 'Dell', 35000, 36),
	(17, 1, '2023-07-21 08:28:59.249352', '538181f9-39f2-43c8-8596-b7309a7dea58', '301', 'Desktop', NULL, 13, 'Equipment', 'Good', 'Windows Server ', 1000, 'Lenovo', 'Idealpad', 'XNJ5648N', '2022-08-23T13:47:56.000Z', '2024-08-21T13:47:56.000Z', 65000, 'A', 70000, 'Lenovo', 70000, 24),
	(18, 1, '2023-07-13 03:40:57.498661', 'anonymousUser', '106', 'Laptop', NULL, 83, NULL, 'Good', 'Windows With Intel And Ssd', NULL, 'Asus', 'Vivobook', 'VGH67894TN', '2022-06-01T18:30:00.000Z', '2024-05-16T13:47:56.000Z', NULL, 'A', NULL, 'Asus', 55000, 24),
	(19, 1, '2023-07-21 08:25:14.427475', 'anonymousUser', '101', 'Laptop', NULL, 88, 'Equipment', 'Good', 'Dell Laptop With Windows And Antivirus ', 2000, 'Dell', 'Lattitude', 'NT201DT00549', '2021-12-08T13:47:56.000Z', '2024-08-14T04:05:01.000Z', 35000, 'A', 40000, 'Dell', 40000, 12),
	(20, 1, '2023-07-21 08:24:22.015351', 'anonymousUser', '102', 'Laptop ', NULL, 87, 'Equipment', 'Good', 'Laptop Having Windows And Intel Processor', 500, 'Dell', 'Inspiron', 'CND51815QH', '2022-05-17T13:47:56.000Z', '2023-11-12T04:05:01.000Z', 45000, 'A', 50000, 'DelL', 50000, 24),
	(21, 1, '2023-07-21 08:22:34.135800', 'anonymousUser', '103', 'Laptop', NULL, 86, 'Equipment', 'Excellent', 'Thinkpad Having Windows And Latest Processor', 100, 'Lenovo', 'Thinkpad', 'PG0254VK', '2023-01-02T13:47:56.000Z', '2025-01-06T04:05:01.000Z', 1000, 'A', 6000, 'Lenovo', 60000, 24),
	(22, 1, '2023-07-14 05:03:47.745686', '538181f9-39f2-43c8-8596-b7309a7dea58', '401', 'Laptop', NULL, 91, NULL, 'Good', 'Good Condition', NULL, 'Asus', 'asus21443', '1124334', '2023-07-04T17:11:47.000Z', '2023-08-29T18:30:00.000Z', NULL, 'D', NULL, 'Asus Dev', 30000, 5),
	(23, 1, '2023-07-17 08:38:50.998545', '538181f9-39f2-43c8-8596-b7309a7dea58', '107', 'Mouse', NULL, 85, NULL, 'Damage', 'Good Condition', NULL, 'Acer', '2838838', '6789998', '2023-07-12T07:30:08.000Z', '2023-07-31T07:30:08.000Z', NULL, 'D', NULL, 'Acer Seller', 500, 8),
	(24, 1, '2023-07-17 10:48:40.566588', 'c9c5de82-7567-4023-afdb-7555aa120b96', 'dell123', 'Dell Laptop', NULL, 95, NULL, 'Good', 'Good Condition', NULL, 'Anil', '1234', '878654', '2023-07-06T10:45:38.000Z', '2023-09-28T18:30:00.000Z', NULL, 'D', NULL, 'Kartik', 4, 3),
	(25, 1, '2023-07-17 13:01:01.062525', 'anonymousUser', 'vg67824678', 'Laptop', NULL, 94, NULL, 'Good', 'Hcl Laptops', NULL, 'Hcl', 'vg72yr489r', '123498765', '2023-07-06T10:24:51.000Z', '2024-07-11T18:30:00.000Z', NULL, 'D', NULL, 'Hcl Suppliers', 30000, 12),
	(26, 1, '2023-07-21 08:23:24.621977', 'anonymousUser', '109', 'Speaker', NULL, 104, 'Equipment', 'Good', 'Good Condition', 100, 'Dell', '98089989899', '123453456', '2023-07-12T10:39:13.000Z', '2023-07-28T10:39:13.000Z', 800, 'A', 1000, 'Om Computers', 1000, 4),
	(27, 1, '2023-07-25 11:17:03.693719', '538181f9-39f2-43c8-8596-b7309a7dea58', '1231', 'Charger', NULL, 113, 'Aquipment', 'Good', 'Good Condition', 0, 'Ketan', '564654', '987654', '2023-07-20T11:05:40.000Z', '2023-08-29T18:30:00.000Z', 2000, 'A', 2000, 'Subhash', 2000, 5);
/*!40000 ALTER TABLE `asset_inventory` ENABLE KEYS */;

-- Dumping structure for table vghrms.attendance
CREATE TABLE IF NOT EXISTS `attendance` (
  `id` bigint(20) NOT NULL AUTO_INCREMENT,
  `company_id` bigint(20) DEFAULT NULL,
  `last_modified` datetime(6) DEFAULT NULL,
  `last_modified_by` varchar(255) DEFAULT NULL,
  `break_time` varchar(255) DEFAULT NULL,
  `date` datetime(6) DEFAULT NULL,
  `day` varchar(255) DEFAULT NULL,
  `device_info` varchar(255) DEFAULT NULL,
  `employee_id` bigint(20) DEFAULT NULL,
  `has_checked_in` bit(1) DEFAULT NULL,
  `hours` varchar(255) DEFAULT NULL,
  `latitude` double DEFAULT NULL,
  `longitude` double DEFAULT NULL,
  `status` varchar(255) DEFAULT NULL,
  PRIMARY KEY (`id`)
) ENGINE=InnoDB AUTO_INCREMENT=488 DEFAULT CHARSET=latin1;

-- Dumping data for table vghrms.attendance: ~251 rows (approximately)
DELETE FROM `attendance`;
/*!40000 ALTER TABLE `attendance` DISABLE KEYS */;
INSERT INTO `attendance` (`id`, `company_id`, `last_modified`, `last_modified_by`, `break_time`, `date`, `day`, `device_info`, `employee_id`, `has_checked_in`, `hours`, `latitude`, `longitude`, `status`) VALUES
	(210, 1, '2023-07-13 04:10:46.588682', '538181f9-39f2-43c8-8596-b7309a7dea58', NULL, '2023-07-13 09:40:46.000000', 'Thursday', 'desktop', 89, b'1', NULL, 0, 0, 'D'),
	(212, 1, '2023-07-14 04:49:10.946160', '538181f9-39f2-43c8-8596-b7309a7dea58', NULL, '2023-07-13 23:59:59.000000', 'Friday', 'desktop', 87, b'0', '06:40', 0, 0, 'A'),
	(213, 1, '2023-07-14 04:49:26.074232', '538181f9-39f2-43c8-8596-b7309a7dea58', NULL, '2023-07-13 23:59:59.000000', 'Friday', 'desktop', 85, b'0', NULL, 0, 0, 'A'),
	(214, 1, '2023-07-14 04:49:03.227449', '538181f9-39f2-43c8-8596-b7309a7dea58', NULL, '2023-07-13 23:59:59.000000', 'Friday', 'desktop', 88, b'0', '07:25', 0, 0, 'A'),
	(215, 1, '2023-07-14 04:49:33.027360', '538181f9-39f2-43c8-8596-b7309a7dea58', NULL, '2023-07-13 23:59:59.000000', 'Friday', 'desktop', 84, b'0', NULL, 0, 0, 'A'),
	(216, 1, '2023-07-14 04:49:18.964884', '538181f9-39f2-43c8-8596-b7309a7dea58', NULL, '2023-07-13 23:59:59.000000', 'Friday', 'desktop', 86, b'0', NULL, 0, 0, 'A'),
	(238, 1, '2023-06-02 04:13:43.357512', 'e44c660c-00a1-42a3-84b3-d932f1351dcd', NULL, '2023-06-01 09:43:43.000000', 'Thursday', 'desktop', 13, b'1', '08:00', 0, 0, 'A'),
	(239, 1, '2023-06-02 04:13:43.357512', 'e44c660c-00a1-42a3-84b3-d932f1351dcd', NULL, '2023-06-02 09:43:43.000000', 'Friday', 'desktop', 13, b'1', '08:00', 0, 0, 'A'),
	(240, 1, '2023-06-03 04:13:43.357512', 'e44c660c-00a1-42a3-84b3-d932f1351dcd', NULL, '2023-06-03 09:43:43.000000', 'Saturday', 'desktop', 13, b'1', '08:00', 0, 0, 'D'),
	(241, 1, '2023-06-02 04:13:43.357512', 'e44c660c-00a1-42a3-84b3-d932f1351dcd', NULL, '2023-06-05 09:43:43.000000', 'Monday', 'desktop', 13, b'1', '08:00', 0, 0, 'A'),
	(242, 1, '2023-06-03 04:13:43.357512', 'e44c660c-00a1-42a3-84b3-d932f1351dcd', NULL, '2023-06-06 09:43:43.000000', 'Tuesday', 'desktop', 13, b'1', '08:00', 0, 0, 'A'),
	(243, 1, '2023-06-02 04:13:43.357512', 'e44c660c-00a1-42a3-84b3-d932f1351dcd', NULL, '2023-06-07 09:43:43.000000', 'Wednesday', 'desktop', 13, b'1', '08:00', 0, 0, 'A'),
	(244, 1, '2023-06-03 04:13:43.357512', 'e44c660c-00a1-42a3-84b3-d932f1351dcd', NULL, '2023-06-08 09:43:43.000000', 'Thursday', 'desktop', 13, b'1', '08:00', 0, 0, 'A'),
	(245, 1, '2023-06-02 04:13:43.357512', 'e44c660c-00a1-42a3-84b3-d932f1351dcd', NULL, '2023-06-09 09:43:43.000000', 'Friday', 'desktop', 13, b'1', '08:00', 0, 0, 'A'),
	(246, 1, '2023-06-03 04:13:43.357512', 'e44c660c-00a1-42a3-84b3-d932f1351dcd', NULL, '2023-06-12 09:43:43.000000', 'Monday', 'desktop', 13, b'1', '08:00', 0, 0, 'A'),
	(247, 1, '2023-06-02 04:13:43.357512', 'e44c660c-00a1-42a3-84b3-d932f1351dcd', NULL, '2023-06-13 09:43:43.000000', 'Tuesday', 'desktop', 13, b'1', '08:00', 0, 0, 'A'),
	(248, 1, '2023-06-03 04:13:43.357512', 'e44c660c-00a1-42a3-84b3-d932f1351dcd', NULL, '2023-06-14 09:43:43.000000', 'wednesday', 'desktop', 13, b'1', '08:00', 0, 0, 'A'),
	(249, 1, '2023-06-02 04:13:43.357512', 'e44c660c-00a1-42a3-84b3-d932f1351dcd', NULL, '2023-06-15 09:43:43.000000', 'Thursday', 'desktop', 13, b'1', '08:00', 0, 0, 'A'),
	(250, 1, '2023-06-03 04:13:43.357512', 'e44c660c-00a1-42a3-84b3-d932f1351dcd', NULL, '2023-06-16 09:43:43.000000', 'Friday', 'desktop', 13, b'1', '08:00', 0, 0, 'A'),
	(251, 1, '2023-06-02 04:13:43.357512', 'e44c660c-00a1-42a3-84b3-d932f1351dcd', NULL, '2023-06-17 09:43:43.000000', 'Saturday', 'desktop', 13, b'1', '08:00', 0, 0, 'D'),
	(252, 1, '2023-06-03 04:13:43.357512', 'e44c660c-00a1-42a3-84b3-d932f1351dcd', NULL, '2023-06-19 09:43:43.000000', 'Monday', 'desktop', 13, b'1', '08:00', 0, 0, 'A'),
	(253, 1, '2023-06-02 04:13:43.357512', 'e44c660c-00a1-42a3-84b3-d932f1351dcd', NULL, '2023-06-20 09:43:43.000000', 'Tuesday', 'desktop', 13, b'1', '08:00', 0, 0, 'A'),
	(254, 1, '2023-06-03 04:13:43.357512', 'e44c660c-00a1-42a3-84b3-d932f1351dcd', NULL, '2023-06-21 09:43:43.000000', 'Wednesday', 'desktop', 13, b'1', '08:00', 0, 0, 'A'),
	(255, 1, '2023-06-02 04:13:43.357512', 'e44c660c-00a1-42a3-84b3-d932f1351dcd', NULL, '2023-06-22 09:43:43.000000', 'Thursday', 'desktop', 13, b'1', '08:00', 0, 0, 'A'),
	(256, 1, '2023-06-03 04:13:43.357512', 'e44c660c-00a1-42a3-84b3-d932f1351dcd', NULL, '2023-06-23 09:43:43.000000', 'Friday', 'desktop', 13, b'1', '08:00', 0, 0, 'A'),
	(257, 1, '2023-06-02 04:13:43.357512', 'e44c660c-00a1-42a3-84b3-d932f1351dcd', NULL, '2023-06-26 09:43:43.000000', 'Monday', 'desktop', 13, b'1', '08:00', 0, 0, 'A'),
	(258, 1, '2023-06-03 04:13:43.357512', 'e44c660c-00a1-42a3-84b3-d932f1351dcd', NULL, '2023-06-27 09:43:43.000000', 'Tuesday', 'desktop', 13, b'1', '08:00', 0, 0, 'A'),
	(259, 1, '2023-06-02 04:13:43.357512', 'e44c660c-00a1-42a3-84b3-d932f1351dcd', NULL, '2023-06-28 09:43:43.000000', 'Wednesday', 'desktop', 13, b'1', '08:00', 0, 0, 'A'),
	(260, 1, '2023-06-03 04:13:43.357512', 'e44c660c-00a1-42a3-84b3-d932f1351dcd', NULL, '2023-06-29 09:43:43.000000', 'Thursday', 'desktop', 13, b'1', '08:00', 0, 0, 'A'),
	(261, 1, '2023-06-02 04:13:43.357512', 'e44c660c-00a1-42a3-84b3-d932f1351dcd', NULL, '2023-06-30 09:43:43.000000', 'Friday', 'desktop', 13, b'1', '08:00', 0, 0, 'A'),
	(262, 1, '2023-06-02 04:13:43.357512', 'e44c660c-00a1-42a3-84b3-d932f1351dcd', NULL, '2023-06-01 09:43:43.000000', 'Thursday', 'desktop', 83, b'1', '08:00', 0, 0, 'A'),
	(263, 1, '2023-06-02 04:13:43.357512', 'e44c660c-00a1-42a3-84b3-d932f1351dcd', NULL, '2023-06-02 09:43:43.000000', 'Friday', 'desktop', 83, b'1', '08:00', 0, 0, 'A'),
	(264, 1, '2023-06-03 04:13:43.357512', 'e44c660c-00a1-42a3-84b3-d932f1351dcd', NULL, '2023-06-03 09:43:43.000000', 'Saturday', 'desktop', 83, b'1', '08:00', 0, 0, 'D'),
	(265, 1, '2023-06-02 04:13:43.357512', 'e44c660c-00a1-42a3-84b3-d932f1351dcd', NULL, '2023-06-05 09:43:43.000000', 'Monday', 'desktop', 83, b'1', '08:00', 0, 0, 'A'),
	(266, 1, '2023-06-03 04:13:43.357512', 'e44c660c-00a1-42a3-84b3-d932f1351dcd', NULL, '2023-06-06 09:43:43.000000', 'Tuesday', 'desktop', 83, b'1', '08:00', 0, 0, 'A'),
	(267, 1, '2023-06-02 04:13:43.357512', 'e44c660c-00a1-42a3-84b3-d932f1351dcd', NULL, '2023-06-07 09:43:43.000000', 'Wednesday', 'desktop', 83, b'1', '08:00', 0, 0, 'A'),
	(268, 1, '2023-06-03 04:13:43.357512', 'e44c660c-00a1-42a3-84b3-d932f1351dcd', NULL, '2023-06-08 09:43:43.000000', 'Thursday', 'desktop', 83, b'1', '08:00', 0, 0, 'A'),
	(269, 1, '2023-06-02 04:13:43.357512', 'e44c660c-00a1-42a3-84b3-d932f1351dcd', NULL, '2023-06-09 09:43:43.000000', 'Friday', 'desktop', 83, b'1', '08:00', 0, 0, 'A'),
	(270, 1, '2023-06-03 04:13:43.357512', 'e44c660c-00a1-42a3-84b3-d932f1351dcd', NULL, '2023-06-12 09:43:43.000000', 'Monday', 'desktop', 83, b'1', '08:00', 0, 0, 'A'),
	(271, 1, '2023-06-02 04:13:43.357512', 'e44c660c-00a1-42a3-84b3-d932f1351dcd', NULL, '2023-06-13 09:43:43.000000', 'Tuesday', 'desktop', 83, b'1', '08:00', 0, 0, 'A'),
	(272, 1, '2023-06-03 04:13:43.357512', 'e44c660c-00a1-42a3-84b3-d932f1351dcd', NULL, '2023-06-14 09:43:43.000000', 'wednesday', 'desktop', 83, b'1', '08:00', 0, 0, 'A'),
	(273, 1, '2023-06-02 04:13:43.357512', 'e44c660c-00a1-42a3-84b3-d932f1351dcd', NULL, '2023-06-15 09:43:43.000000', 'Thursday', 'desktop', 83, b'1', '08:00', 0, 0, 'A'),
	(274, 1, '2023-06-03 04:13:43.357512', 'e44c660c-00a1-42a3-84b3-d932f1351dcd', NULL, '2023-06-16 09:43:43.000000', 'Friday', 'desktop', 83, b'1', '08:00', 0, 0, 'A'),
	(275, 1, '2023-06-02 04:13:43.357512', 'e44c660c-00a1-42a3-84b3-d932f1351dcd', NULL, '2023-06-17 09:43:43.000000', 'Saturday', 'desktop', 83, b'1', '08:00', 0, 0, 'D'),
	(276, 1, '2023-06-03 04:13:43.357512', 'e44c660c-00a1-42a3-84b3-d932f1351dcd', NULL, '2023-06-19 09:43:43.000000', 'Monday', 'desktop', 83, b'1', '08:00', 0, 0, 'A'),
	(277, 1, '2023-06-02 04:13:43.357512', 'e44c660c-00a1-42a3-84b3-d932f1351dcd', NULL, '2023-06-20 09:43:43.000000', 'Tuesday', 'desktop', 83, b'1', '08:00', 0, 0, 'A'),
	(278, 1, '2023-06-03 04:13:43.357512', 'e44c660c-00a1-42a3-84b3-d932f1351dcd', NULL, '2023-06-21 09:43:43.000000', 'Wednesday', 'desktop', 83, b'1', '08:00', 0, 0, 'A'),
	(279, 1, '2023-06-02 04:13:43.357512', 'e44c660c-00a1-42a3-84b3-d932f1351dcd', NULL, '2023-06-22 09:43:43.000000', 'Thursday', 'desktop', 83, b'1', '08:00', 0, 0, 'A'),
	(280, 1, '2023-06-03 04:13:43.357512', 'e44c660c-00a1-42a3-84b3-d932f1351dcd', NULL, '2023-06-23 09:43:43.000000', 'Friday', 'desktop', 83, b'1', '08:00', 0, 0, 'A'),
	(281, 1, '2023-06-02 04:13:43.357512', 'e44c660c-00a1-42a3-84b3-d932f1351dcd', NULL, '2023-06-26 09:43:43.000000', 'Monday', 'desktop', 83, b'1', '08:00', 0, 0, 'A'),
	(282, 1, '2023-06-03 04:13:43.357512', 'e44c660c-00a1-42a3-84b3-d932f1351dcd', NULL, '2023-06-27 09:43:43.000000', 'Tuesday', 'desktop', 83, b'1', '08:00', 0, 0, 'A'),
	(283, 1, '2023-06-02 04:13:43.357512', 'e44c660c-00a1-42a3-84b3-d932f1351dcd', NULL, '2023-06-28 09:43:43.000000', 'Wednesday', 'desktop', 83, b'1', '08:00', 0, 0, 'A'),
	(284, 1, '2023-06-03 04:13:43.357512', 'e44c660c-00a1-42a3-84b3-d932f1351dcd', NULL, '2023-06-29 09:43:43.000000', 'Thursday', 'desktop', 83, b'1', '08:00', 0, 0, 'A'),
	(285, 1, '2023-06-02 04:13:43.357512', 'e44c660c-00a1-42a3-84b3-d932f1351dcd', NULL, '2023-06-30 09:43:43.000000', 'Friday', 'desktop', 83, b'1', '08:00', 0, 0, 'A'),
	(286, 1, '2023-06-02 04:13:43.357512', 'e44c660c-00a1-42a3-84b3-d932f1351dcd', NULL, '2023-07-01 09:43:43.000000', 'Saturday', 'desktop', 88, b'1', '08:00', 0, 0, 'D'),
	(287, 1, '2023-06-02 04:13:43.357512', 'e44c660c-00a1-42a3-84b3-d932f1351dcd', NULL, '2023-07-03 09:43:43.000000', 'Monday', 'desktop', 88, b'1', '08:00', 0, 0, 'A'),
	(288, 1, '2023-07-03 04:13:43.357512', 'e44c660c-00a1-42a3-84b3-d932f1351dcd', NULL, '2023-07-04 09:43:43.000000', 'Tuesday', 'desktop', 88, b'1', '08:00', 0, 0, 'A'),
	(289, 1, '2023-07-03 04:13:43.357512', 'e44c660c-00a1-42a3-84b3-d932f1351dcd', NULL, '2023-07-07 09:43:43.000000', 'Friday', 'desktop', 88, b'1', '08:00', 0, 0, 'A'),
	(290, 1, '2023-06-02 04:13:43.357512', 'e44c660c-00a1-42a3-84b3-d932f1351dcd', NULL, '2023-07-10 09:43:43.000000', 'Monday', 'desktop', 88, b'1', '08:00', 0, 0, 'A'),
	(291, 1, '2023-06-02 04:13:43.357512', 'e44c660c-00a1-42a3-84b3-d932f1351dcd', NULL, '2023-07-11 09:43:43.000000', 'Tuesday', 'desktop', 88, b'1', '08:00', 0, 0, 'A'),
	(292, 1, '2023-07-03 04:13:43.357512', 'e44c660c-00a1-42a3-84b3-d932f1351dcd', NULL, '2023-07-12 09:43:43.000000', 'Wednesday', 'desktop', 88, b'1', '08:00', 0, 0, 'A'),
	(294, 1, '2023-06-02 04:13:43.357512', 'e44c660c-00a1-42a3-84b3-d932f1351dcd', NULL, '2023-07-01 09:43:43.000000', 'Saturday', 'desktop', 84, b'1', '08:00', 0, 0, 'D'),
	(295, 1, '2023-06-02 04:13:43.357512', 'e44c660c-00a1-42a3-84b3-d932f1351dcd', NULL, '2023-07-03 09:43:43.000000', 'Monday', 'desktop', 84, b'1', '08:00', 0, 0, 'A'),
	(296, 1, '2023-07-03 04:13:43.357512', 'e44c660c-00a1-42a3-84b3-d932f1351dcd', NULL, '2023-07-04 09:43:43.000000', 'Tuesday', 'desktop', 84, b'1', '08:00', 0, 0, 'A'),
	(297, 1, '2023-06-02 04:13:43.357512', 'e44c660c-00a1-42a3-84b3-d932f1351dcd', NULL, '2023-07-05 09:43:43.000000', 'Wednesday', 'desktop', 84, b'1', '08:00', 0, 0, 'A'),
	(298, 1, '2023-06-02 04:13:43.357512', 'e44c660c-00a1-42a3-84b3-d932f1351dcd', NULL, '2023-07-06 09:43:43.000000', 'Thrusday', 'desktop', 84, b'1', '08:00', 0, 0, 'A'),
	(299, 1, '2023-07-03 04:13:43.357512', 'e44c660c-00a1-42a3-84b3-d932f1351dcd', NULL, '2023-07-07 09:43:43.000000', 'Friday', 'desktop', 84, b'1', '08:00', 0, 0, 'A'),
	(300, 1, '2023-06-02 04:13:43.357512', 'e44c660c-00a1-42a3-84b3-d932f1351dcd', NULL, '2023-07-10 09:43:43.000000', 'Monday', 'desktop', 84, b'1', '08:00', 0, 0, 'A'),
	(301, 1, '2023-06-02 04:13:43.357512', 'e44c660c-00a1-42a3-84b3-d932f1351dcd', NULL, '2023-07-11 09:43:43.000000', 'Tuesday', 'desktop', 84, b'1', '08:00', 0, 0, 'A'),
	(302, 1, '2023-07-03 04:13:43.357512', 'e44c660c-00a1-42a3-84b3-d932f1351dcd', NULL, '2023-07-12 09:43:43.000000', 'Wednesday', 'desktop', 84, b'1', '08:00', 0, 0, 'A'),
	(304, 1, '2023-06-02 04:13:43.357512', 'e44c660c-00a1-42a3-84b3-d932f1351dcd', NULL, '2023-07-01 09:43:43.000000', 'Saturday', 'desktop', 85, b'1', '08:00', 0, 0, 'D'),
	(305, 1, '2023-06-02 04:13:43.357512', 'e44c660c-00a1-42a3-84b3-d932f1351dcd', NULL, '2023-07-03 09:43:43.000000', 'Monday', 'desktop', 85, b'1', '08:00', 0, 0, 'A'),
	(306, 1, '2023-07-03 04:13:43.357512', 'e44c660c-00a1-42a3-84b3-d932f1351dcd', NULL, '2023-07-04 09:43:43.000000', 'Tuesday', 'desktop', 85, b'1', '08:00', 0, 0, 'A'),
	(307, 1, '2023-06-02 04:13:43.357512', 'e44c660c-00a1-42a3-84b3-d932f1351dcd', NULL, '2023-07-05 09:43:43.000000', 'Wednesday', 'desktop', 85, b'1', '08:00', 0, 0, 'A'),
	(308, 1, '2023-06-02 04:13:43.357512', 'e44c660c-00a1-42a3-84b3-d932f1351dcd', NULL, '2023-07-06 09:43:43.000000', 'Thrusday', 'desktop', 85, b'1', '08:00', 0, 0, 'A'),
	(309, 1, '2023-07-03 04:13:43.357512', 'e44c660c-00a1-42a3-84b3-d932f1351dcd', NULL, '2023-07-07 09:43:43.000000', 'Friday', 'desktop', 85, b'1', '08:00', 0, 0, 'A'),
	(310, 1, '2023-06-02 04:13:43.357512', 'e44c660c-00a1-42a3-84b3-d932f1351dcd', NULL, '2023-07-10 09:43:43.000000', 'Monday', 'desktop', 85, b'1', '08:00', 0, 0, 'A'),
	(311, 1, '2023-06-02 04:13:43.357512', 'e44c660c-00a1-42a3-84b3-d932f1351dcd', NULL, '2023-07-11 09:43:43.000000', 'Tuesday', 'desktop', 85, b'1', '08:00', 0, 0, 'A'),
	(312, 1, '2023-07-03 04:13:43.357512', 'e44c660c-00a1-42a3-84b3-d932f1351dcd', NULL, '2023-07-12 09:43:43.000000', 'Wednesday', 'desktop', 85, b'1', '08:00', 0, 0, 'A'),
	(314, 1, '2023-06-02 04:13:43.357512', 'e44c660c-00a1-42a3-84b3-d932f1351dcd', NULL, '2023-07-01 09:43:43.000000', 'Saturday', 'desktop', 86, b'1', '08:00', 0, 0, 'D'),
	(315, 1, '2023-06-02 04:13:43.357512', 'e44c660c-00a1-42a3-84b3-d932f1351dcd', NULL, '2023-07-03 09:43:43.000000', 'Monday', 'desktop', 86, b'1', '08:00', 0, 0, 'A'),
	(316, 1, '2023-07-03 04:13:43.357512', 'e44c660c-00a1-42a3-84b3-d932f1351dcd', NULL, '2023-07-04 09:43:43.000000', 'Tuesday', 'desktop', 86, b'1', '08:00', 0, 0, 'A'),
	(317, 1, '2023-06-02 04:13:43.357512', 'e44c660c-00a1-42a3-84b3-d932f1351dcd', NULL, '2023-07-05 09:43:43.000000', 'Wednesday', 'desktop', 86, b'1', '08:00', 0, 0, 'A'),
	(318, 1, '2023-06-02 04:13:43.357512', 'e44c660c-00a1-42a3-84b3-d932f1351dcd', NULL, '2023-07-06 09:43:43.000000', 'Thrusday', 'desktop', 86, b'1', '08:00', 0, 0, 'A'),
	(319, 1, '2023-07-03 04:13:43.357512', 'e44c660c-00a1-42a3-84b3-d932f1351dcd', NULL, '2023-07-07 09:43:43.000000', 'Friday', 'desktop', 86, b'1', '08:00', 0, 0, 'A'),
	(320, 1, '2023-06-02 04:13:43.357512', 'e44c660c-00a1-42a3-84b3-d932f1351dcd', NULL, '2023-07-10 09:43:43.000000', 'Monday', 'desktop', 86, b'1', '08:00', 0, 0, 'A'),
	(321, 1, '2023-06-02 04:13:43.357512', 'e44c660c-00a1-42a3-84b3-d932f1351dcd', NULL, '2023-07-11 09:43:43.000000', 'Tuesday', 'desktop', 86, b'1', '08:00', 0, 0, 'A'),
	(322, 1, '2023-07-03 04:13:43.357512', 'e44c660c-00a1-42a3-84b3-d932f1351dcd', NULL, '2023-07-12 09:43:43.000000', 'Wednesday', 'desktop', 86, b'1', '08:00', 0, 0, 'A'),
	(324, 1, '2023-06-02 04:13:43.357512', 'e44c660c-00a1-42a3-84b3-d932f1351dcd', NULL, '2023-07-01 09:43:43.000000', 'Saturday', 'desktop', 87, b'1', '08:00', 0, 0, 'D'),
	(325, 1, '2023-06-02 04:13:43.357512', 'e44c660c-00a1-42a3-84b3-d932f1351dcd', NULL, '2023-07-03 09:43:43.000000', 'Monday', 'desktop', 87, b'1', '08:00', 0, 0, 'A'),
	(326, 1, '2023-07-03 04:13:43.357512', 'e44c660c-00a1-42a3-84b3-d932f1351dcd', NULL, '2023-07-04 09:43:43.000000', 'Tuesday', 'desktop', 87, b'1', '08:00', 0, 0, 'A'),
	(327, 1, '2023-06-02 04:13:43.357512', 'e44c660c-00a1-42a3-84b3-d932f1351dcd', NULL, '2023-07-05 09:43:43.000000', 'Wednesday', 'desktop', 87, b'1', '08:00', 0, 0, 'A'),
	(328, 1, '2023-06-02 04:13:43.357512', 'e44c660c-00a1-42a3-84b3-d932f1351dcd', NULL, '2023-07-06 09:43:43.000000', 'Thrusday', 'desktop', 87, b'1', '08:00', 0, 0, 'A'),
	(329, 1, '2023-07-03 04:13:43.357512', 'e44c660c-00a1-42a3-84b3-d932f1351dcd', NULL, '2023-07-07 09:43:43.000000', 'Friday', 'desktop', 87, b'1', '08:00', 0, 0, 'A'),
	(330, 1, '2023-06-02 04:13:43.357512', 'e44c660c-00a1-42a3-84b3-d932f1351dcd', NULL, '2023-07-10 09:43:43.000000', 'Monday', 'desktop', 87, b'1', '08:00', 0, 0, 'A'),
	(331, 1, '2023-06-02 04:13:43.357512', 'e44c660c-00a1-42a3-84b3-d932f1351dcd', NULL, '2023-07-11 09:43:43.000000', 'Tuesday', 'desktop', 87, b'1', '08:00', 0, 0, 'A'),
	(332, 1, '2023-07-03 04:13:43.357512', 'e44c660c-00a1-42a3-84b3-d932f1351dcd', NULL, '2023-07-12 09:43:43.000000', 'Wednesday', 'desktop', 87, b'1', '08:00', 0, 0, 'A'),
	(333, 1, '2023-06-02 04:13:43.357512', 'e44c660c-00a1-42a3-84b3-d932f1351dcd', NULL, '2023-07-03 09:43:43.000000', 'Monday', 'desktop', 13, b'1', '08:00', 0, 0, 'A'),
	(334, 1, '2023-07-03 04:13:43.357512', 'e44c660c-00a1-42a3-84b3-d932f1351dcd', NULL, '2023-07-04 09:43:43.000000', 'Tuesday', 'desktop', 13, b'1', '08:00', 0, 0, 'A'),
	(335, 1, '2023-06-02 04:13:43.357512', 'e44c660c-00a1-42a3-84b3-d932f1351dcd', NULL, '2023-07-05 09:43:43.000000', 'Wednesday', 'desktop', 13, b'1', '08:00', 0, 0, 'A'),
	(336, 1, '2023-06-02 04:13:43.357512', 'e44c660c-00a1-42a3-84b3-d932f1351dcd', NULL, '2023-07-06 09:43:43.000000', 'Thrusday', 'desktop', 13, b'1', '08:00', 0, 0, 'A'),
	(337, 1, '2023-07-03 04:13:43.357512', 'e44c660c-00a1-42a3-84b3-d932f1351dcd', NULL, '2023-07-07 09:43:43.000000', 'Friday', 'desktop', 13, b'1', '08:00', 0, 0, 'A'),
	(338, 1, '2023-06-02 04:13:43.357512', 'e44c660c-00a1-42a3-84b3-d932f1351dcd', NULL, '2023-07-10 09:43:43.000000', 'Monday', 'desktop', 13, b'1', '08:00', 0, 0, 'A'),
	(339, 1, '2023-06-02 04:13:43.357512', 'e44c660c-00a1-42a3-84b3-d932f1351dcd', NULL, '2023-07-11 09:43:43.000000', 'Tuesday', 'desktop', 13, b'1', '08:00', 0, 0, 'A'),
	(340, 1, '2023-07-03 04:13:43.357512', 'e44c660c-00a1-42a3-84b3-d932f1351dcd', NULL, '2023-07-12 09:43:43.000000', 'Wednesday', 'desktop', 13, b'1', '08:00', 0, 0, 'A'),
	(341, 1, '2023-07-14 04:40:44.751776', '538181f9-39f2-43c8-8596-b7309a7dea58', NULL, '2023-07-13 23:59:59.000000', 'Friday', 'desktop', 13, b'0', '08:00', 0, 0, 'A'),
	(342, 1, '2023-06-02 04:13:43.357512', 'e44c660c-00a1-42a3-84b3-d932f1351dcd', NULL, '2023-07-03 09:43:43.000000', 'Monday', 'desktop', 83, b'1', '08:00', 0, 0, 'A'),
	(343, 1, '2023-07-03 04:13:43.357512', 'e44c660c-00a1-42a3-84b3-d932f1351dcd', NULL, '2023-07-04 09:43:43.000000', 'Tuesday', 'desktop', 83, b'1', '08:00', 0, 0, 'A'),
	(344, 1, '2023-06-02 04:13:43.357512', 'e44c660c-00a1-42a3-84b3-d932f1351dcd', NULL, '2023-07-05 09:43:43.000000', 'Wednesday', 'desktop', 83, b'1', '08:00', 0, 0, 'A'),
	(345, 1, '2023-06-02 04:13:43.357512', 'e44c660c-00a1-42a3-84b3-d932f1351dcd', NULL, '2023-07-06 09:43:43.000000', 'Thrusday', 'desktop', 83, b'1', '08:00', 0, 0, 'A'),
	(346, 1, '2023-07-03 04:13:43.357512', 'e44c660c-00a1-42a3-84b3-d932f1351dcd', NULL, '2023-07-07 09:43:43.000000', 'Friday', 'desktop', 83, b'1', '08:00', 0, 0, 'A'),
	(347, 1, '2023-06-02 04:13:43.357512', 'e44c660c-00a1-42a3-84b3-d932f1351dcd', NULL, '2023-07-10 09:43:43.000000', 'Monday', 'desktop', 83, b'1', '08:00', 0, 0, 'A'),
	(348, 1, '2023-06-02 04:13:43.357512', 'e44c660c-00a1-42a3-84b3-d932f1351dcd', NULL, '2023-07-11 09:43:43.000000', 'Tuesday', 'desktop', 83, b'1', '08:00', 0, 0, 'A'),
	(349, 1, '2023-07-03 04:13:43.357512', 'e44c660c-00a1-42a3-84b3-d932f1351dcd', NULL, '2023-07-12 09:43:43.000000', 'Wednesday', 'desktop', 83, b'1', '08:00', 0, 0, 'A'),
	(350, 1, '2023-07-14 04:44:39.104699', 'c9c5de82-7567-4023-afdb-7555aa120b96', NULL, '2023-07-13 23:59:59.000000', 'Friday', 'desktop', 83, b'0', '08:00', 0, 0, 'A'),
	(351, 1, '2023-07-13 17:24:30.260080', '538181f9-39f2-43c8-8596-b7309a7dea58', NULL, '2023-07-13 22:54:30.000000', 'Thursday', 'desktop', 91, b'0', '00:00', 0, 0, 'A'),
	(352, 1, '2023-07-14 11:54:36.744130', '538181f9-39f2-43c8-8596-b7309a7dea58', NULL, '2023-07-14 17:24:36.000000', 'Friday', 'desktop', 90, b'0', '07:51', 0, 0, 'A'),
	(353, 1, '2023-07-14 12:07:09.764174', '538181f9-39f2-43c8-8596-b7309a7dea58', NULL, '2023-07-14 17:37:09.000000', 'Friday', 'desktop', 13, b'1', '07:12', 0, 0, 'A'),
	(354, 1, '2023-07-14 11:55:55.325167', '538181f9-39f2-43c8-8596-b7309a7dea58', NULL, '2023-07-14 17:25:55.000000', 'Friday', 'desktop', 83, b'0', '07:11', 0, 0, 'A'),
	(355, 1, '2023-07-14 11:54:45.652134', '538181f9-39f2-43c8-8596-b7309a7dea58', NULL, '2023-07-14 17:24:45.000000', 'Friday', 'desktop', 89, b'0', '07:06', 0, 0, 'A'),
	(356, 1, '2023-07-14 11:54:30.837132', '538181f9-39f2-43c8-8596-b7309a7dea58', NULL, '2023-07-14 17:24:30.000000', 'Friday', 'desktop', 91, b'0', '07:06', 0, 0, 'A'),
	(357, 1, '2023-07-14 11:54:52.434131', '538181f9-39f2-43c8-8596-b7309a7dea58', NULL, '2023-07-14 17:24:52.000000', 'Friday', 'desktop', 88, b'0', '07:04', 0, 0, 'A'),
	(358, 1, '2023-07-14 07:23:04.281154', 'b8f33129-b9ce-43db-b11f-1e1b5c0eda8a', NULL, '2023-07-14 12:53:04.000000', 'Friday', 'desktop', 87, b'0', '01:37', 0, 0, 'A'),
	(359, 1, '2023-07-14 11:55:07.942192', '538181f9-39f2-43c8-8596-b7309a7dea58', NULL, '2023-07-14 17:25:07.000000', 'Friday', 'desktop', 86, b'0', '07:06', 0, 0, 'A'),
	(360, 1, '2023-07-14 11:52:44.160161', '53f78cbc-f73a-4bee-ada7-e9e823770f2d', NULL, '2023-07-14 17:22:44.000000', 'Friday', 'desktop', 85, b'0', '07:03', 0, 0, 'A'),
	(361, 1, '2023-07-14 11:55:47.739145', '538181f9-39f2-43c8-8596-b7309a7dea58', NULL, '2023-07-14 17:25:47.000000', 'Friday', 'desktop', 84, b'0', '07:06', 0, 0, 'A'),
	(362, 1, '2023-07-14 11:54:16.838165', '538181f9-39f2-43c8-8596-b7309a7dea58', NULL, '2023-07-14 17:24:16.000000', 'Friday', 'desktop', 92, b'0', '06:09', 0, 0, 'A'),
	(363, 1, '2023-07-14 11:54:24.508125', '538181f9-39f2-43c8-8596-b7309a7dea58', NULL, '2023-07-14 17:24:24.000000', 'Friday', 'desktop', 93, b'0', '02:08', 0, 0, 'A'),
	(364, 1, '2023-07-14 12:04:54.150169', '57a46b5d-f172-4fe5-b503-cf8b7a0a9faa', NULL, '2023-07-14 17:34:54.000000', 'Friday', 'desktop', 94, b'1', NULL, 0, 0, 'A'),
	(365, 1, '2023-07-17 11:51:58.674543', 'b8f33129-b9ce-43db-b11f-1e1b5c0eda8a', NULL, '2023-07-17 17:21:58.000000', 'Monday', 'desktop', 87, b'0', '04:05', 0, 0, 'A'),
	(366, 1, '2023-07-18 04:39:49.173587', '538181f9-39f2-43c8-8596-b7309a7dea58', NULL, '2023-07-17 23:59:59.000000', 'Tuesday', 'desktop', 13, b'0', '04:15', 0, 0, 'A'),
	(367, 1, '2023-07-18 04:47:42.173557', '538181f9-39f2-43c8-8596-b7309a7dea58', NULL, '2023-07-17 23:59:59.000000', 'Tuesday', 'desktop', 88, b'0', NULL, 0, 0, 'A'),
	(368, 1, '2023-07-18 04:46:54.416545', '538181f9-39f2-43c8-8596-b7309a7dea58', NULL, '2023-07-17 23:59:59.000000', 'Tuesday', 'desktop', 95, b'0', '04:57', 0, 0, 'A'),
	(369, 1, '2023-07-18 04:47:01.499566', '538181f9-39f2-43c8-8596-b7309a7dea58', NULL, '2023-07-17 23:59:59.000000', 'Tuesday', 'desktop', 94, b'0', NULL, 0, 0, 'A'),
	(370, 1, '2023-07-18 04:47:09.164565', '538181f9-39f2-43c8-8596-b7309a7dea58', NULL, '2023-07-17 23:59:59.000000', 'Tuesday', 'desktop', 93, b'0', NULL, 0, 0, 'A'),
	(371, 1, '2023-07-18 04:47:31.249556', '538181f9-39f2-43c8-8596-b7309a7dea58', NULL, '2023-07-17 23:59:59.000000', 'Tuesday', 'desktop', 91, b'0', NULL, 0, 0, 'A'),
	(372, 1, '2023-07-17 06:56:04.564103', '538181f9-39f2-43c8-8596-b7309a7dea58', NULL, '2023-07-17 12:26:04.000000', 'Monday', 'desktop', 90, b'1', NULL, 0, 0, 'A'),
	(373, 1, '2023-07-18 04:47:36.311596', '538181f9-39f2-43c8-8596-b7309a7dea58', NULL, '2023-07-17 23:59:59.000000', 'Tuesday', 'desktop', 89, b'0', NULL, 0, 0, 'A'),
	(374, 1, '2023-07-18 04:47:57.931572', '538181f9-39f2-43c8-8596-b7309a7dea58', NULL, '2023-07-17 23:59:59.000000', 'Tuesday', 'desktop', 86, b'0', NULL, 0, 0, 'A'),
	(375, 1, '2023-07-18 04:48:04.017574', '538181f9-39f2-43c8-8596-b7309a7dea58', NULL, '2023-07-17 23:59:59.000000', 'Tuesday', 'desktop', 85, b'0', '04:34', 0, 0, 'A'),
	(376, 1, '2023-07-18 04:48:10.850537', '538181f9-39f2-43c8-8596-b7309a7dea58', NULL, '2023-07-17 23:59:59.000000', 'Tuesday', 'desktop', 84, b'0', NULL, 0, 0, 'A'),
	(377, 1, '2023-07-18 04:48:22.679559', '538181f9-39f2-43c8-8596-b7309a7dea58', NULL, '2023-07-17 23:59:59.000000', 'Tuesday', 'desktop', 83, b'0', NULL, 0, 0, 'A'),
	(378, 1, '2023-07-18 12:05:23.710072', 'c9c5de82-7567-4023-afdb-7555aa120b96', NULL, '2023-07-18 17:35:23.000000', 'Tuesday', 'desktop', 87, b'0', '01:32', 0, 0, 'A'),
	(379, 1, '2023-07-19 03:47:28.690146', '538181f9-39f2-43c8-8596-b7309a7dea58', NULL, '2023-07-18 23:59:59.000000', 'Wednesday', 'desktop', 13, b'0', '06:41', 0, 0, 'A'),
	(380, 1, '2023-07-18 12:03:49.429852', 'c9c5de82-7567-4023-afdb-7555aa120b96', NULL, '2023-07-18 17:33:49.000000', 'Tuesday', 'desktop', 95, b'0', '07:17', 0, 0, 'A'),
	(381, 1, '2023-07-18 12:04:09.221506', 'c9c5de82-7567-4023-afdb-7555aa120b96', NULL, '2023-07-18 17:34:09.000000', 'Tuesday', 'desktop', 94, b'0', '07:17', 0, 0, 'A'),
	(382, 1, '2023-07-18 12:04:17.816932', 'c9c5de82-7567-4023-afdb-7555aa120b96', NULL, '2023-07-18 17:34:17.000000', 'Tuesday', 'desktop', 93, b'0', '07:17', 0, 0, 'A'),
	(383, 1, '2023-07-18 12:04:33.167946', 'c9c5de82-7567-4023-afdb-7555aa120b96', NULL, '2023-07-18 17:34:33.000000', 'Tuesday', 'desktop', 92, b'0', '07:17', 0, 0, 'A'),
	(384, 1, '2023-07-18 12:04:41.913446', 'c9c5de82-7567-4023-afdb-7555aa120b96', NULL, '2023-07-18 17:34:41.000000', 'Tuesday', 'desktop', 91, b'0', '07:17', 0, 0, 'A'),
	(385, 1, '2023-07-18 12:05:06.668557', 'c9c5de82-7567-4023-afdb-7555aa120b96', NULL, '2023-07-18 17:35:06.000000', 'Tuesday', 'desktop', 89, b'0', '07:18', 0, 0, 'A'),
	(386, 1, '2023-07-18 12:05:14.739086', 'c9c5de82-7567-4023-afdb-7555aa120b96', NULL, '2023-07-18 17:35:14.000000', 'Tuesday', 'desktop', 88, b'0', '07:18', 0, 0, 'A'),
	(387, 1, '2023-07-18 12:05:32.362927', 'c9c5de82-7567-4023-afdb-7555aa120b96', NULL, '2023-07-18 17:35:32.000000', 'Tuesday', 'desktop', 86, b'0', '07:18', 0, 0, 'A'),
	(388, 1, '2023-07-19 03:50:23.215872', '538181f9-39f2-43c8-8596-b7309a7dea58', NULL, '2023-07-18 23:59:59.000000', 'Wednesday', 'desktop', 85, b'0', NULL, 0, 0, 'A'),
	(389, 1, '2023-07-19 04:29:20.030699', '118b393b-d112-45c5-9d70-4860114f8eea', NULL, '2023-07-18 23:59:59.000000', 'Wednesday', 'desktop', 84, b'0', NULL, 0, 0, 'A'),
	(390, 1, '2023-07-19 03:50:01.801735', '538181f9-39f2-43c8-8596-b7309a7dea58', NULL, '2023-07-18 23:59:59.000000', 'Wednesday', 'desktop', 83, b'0', NULL, 0, 0, 'A'),
	(391, 1, '2023-07-18 12:03:39.032375', 'c9c5de82-7567-4023-afdb-7555aa120b96', NULL, '2023-07-18 17:33:38.000000', 'Tuesday', 'desktop', 97, b'0', '00:26', 0, 0, 'A'),
	(392, 1, '2023-07-20 03:48:06.421250', '538181f9-39f2-43c8-8596-b7309a7dea58', NULL, '2023-07-19 23:59:59.000000', 'Thursday', 'desktop', 98, b'0', NULL, 0, 0, 'A'),
	(393, 1, '2023-07-20 03:48:13.949297', '538181f9-39f2-43c8-8596-b7309a7dea58', NULL, '2023-07-19 23:59:59.000000', 'Thursday', 'desktop', 97, b'0', NULL, 0, 0, 'A'),
	(394, 1, '2023-07-19 03:44:30.718450', '538181f9-39f2-43c8-8596-b7309a7dea58', NULL, '2023-07-19 09:14:30.000000', 'Wednesday', 'desktop', 95, b'1', NULL, 0, 0, 'A'),
	(395, 1, '2023-07-19 09:11:04.232827', 'b8f33129-b9ce-43db-b11f-1e1b5c0eda8a', NULL, '2023-07-19 14:41:04.000000', 'Wednesday', 'desktop', 87, b'0', '00:10', 0, 0, 'A'),
	(396, 1, '2023-07-20 03:48:30.633956', '538181f9-39f2-43c8-8596-b7309a7dea58', NULL, '2023-07-19 23:59:59.000000', 'Thursday', 'desktop', 94, b'0', NULL, 0, 0, 'A'),
	(397, 1, '2023-07-19 03:44:57.221821', '538181f9-39f2-43c8-8596-b7309a7dea58', NULL, '2023-07-19 09:14:57.000000', 'Wednesday', 'desktop', 93, b'1', NULL, 0, 0, 'A'),
	(398, 1, '2023-07-20 03:49:23.402990', '538181f9-39f2-43c8-8596-b7309a7dea58', NULL, '2023-07-19 23:59:59.000000', 'Thursday', 'desktop', 92, b'0', NULL, 0, 0, 'A'),
	(399, 1, '2023-07-19 03:45:12.936325', '538181f9-39f2-43c8-8596-b7309a7dea58', NULL, '2023-07-19 09:15:12.000000', 'Wednesday', 'desktop', 91, b'1', NULL, 0, 0, 'A'),
	(400, 1, '2023-07-20 04:00:24.227169', '538181f9-39f2-43c8-8596-b7309a7dea58', NULL, '2023-07-19 23:59:59.000000', 'Thursday', 'desktop', 89, b'0', NULL, 0, 0, 'A'),
	(401, 1, '2023-07-20 04:00:47.719182', '538181f9-39f2-43c8-8596-b7309a7dea58', NULL, '2023-07-19 23:59:59.000000', 'Thursday', 'desktop', 88, b'0', NULL, 0, 0, 'A'),
	(402, 1, '2023-07-19 09:25:17.051386', '538181f9-39f2-43c8-8596-b7309a7dea58', NULL, '2023-07-19 14:55:16.000000', 'Wednesday', 'desktop', 13, b'0', '05:38', 0, 0, 'A'),
	(403, 1, '2023-07-19 12:47:13.780432', '0e93736c-591c-4a65-b352-5fc83979bfde', NULL, '2023-07-19 18:17:13.000000', 'Wednesday', 'desktop', 86, b'0', '08:59', 0, 0, 'A'),
	(404, 1, '2023-07-20 05:07:08.597122', '538181f9-39f2-43c8-8596-b7309a7dea58', NULL, '2023-07-19 23:59:59.000000', 'Thursday', 'desktop', 83, b'0', NULL, 0, 0, 'A'),
	(405, 1, '2023-07-20 05:09:45.799572', '538181f9-39f2-43c8-8596-b7309a7dea58', NULL, '2023-07-19 23:59:59.000000', 'Thursday', 'desktop', 85, b'0', NULL, 0, 0, 'A'),
	(406, 1, '2023-07-20 03:47:57.794010', '538181f9-39f2-43c8-8596-b7309a7dea58', NULL, '2023-07-19 23:59:59.000000', 'Thursday', 'desktop', 99, b'0', NULL, 0, 0, 'A'),
	(407, 1, '2023-07-20 07:10:04.260091', '118b393b-d112-45c5-9d70-4860114f8eea', NULL, '2023-07-19 23:59:59.000000', 'Thursday', 'desktop', 84, b'0', NULL, 0, 0, 'A'),
	(408, 1, '2023-07-20 03:47:31.403691', '538181f9-39f2-43c8-8596-b7309a7dea58', NULL, '2023-07-19 23:59:59.000000', 'Thursday', 'desktop', 105, b'0', NULL, 0, 0, 'A'),
	(409, 1, '2023-07-19 08:56:33.288168', 'c9c5de82-7567-4023-afdb-7555aa120b96', NULL, '2023-07-19 14:26:33.000000', 'Wednesday', 'desktop', 106, b'1', NULL, 0, 0, 'A'),
	(410, 1, '2023-07-20 03:47:24.192748', '538181f9-39f2-43c8-8596-b7309a7dea58', NULL, '2023-07-19 23:59:59.000000', 'Thursday', 'desktop', 107, b'0', NULL, 0, 0, 'A'),
	(411, 1, '2023-07-20 03:47:40.037077', '538181f9-39f2-43c8-8596-b7309a7dea58', NULL, '2023-07-19 23:59:59.000000', 'Thursday', 'desktop', 104, b'0', NULL, 0, 0, 'A'),
	(412, 1, '2023-07-20 09:08:45.780767', 'b8f33129-b9ce-43db-b11f-1e1b5c0eda8a', NULL, '2023-07-20 14:38:45.000000', 'Thursday', 'desktop', 87, b'0', '03:00', 0, 0, 'A'),
	(413, 1, '2023-07-21 04:36:34.986867', '538181f9-39f2-43c8-8596-b7309a7dea58', NULL, '2023-07-20 23:59:59.000000', 'Friday', 'desktop', 108, b'0', NULL, 0, 0, 'A'),
	(414, 1, '2023-07-21 04:36:41.152506', '538181f9-39f2-43c8-8596-b7309a7dea58', NULL, '2023-07-20 23:59:59.000000', 'Friday', 'desktop', 107, b'0', NULL, 0, 0, 'A'),
	(415, 1, '2023-07-21 04:36:48.825010', '538181f9-39f2-43c8-8596-b7309a7dea58', NULL, '2023-07-20 23:59:59.000000', 'Friday', 'desktop', 105, b'0', NULL, 0, 0, 'A'),
	(416, 1, '2023-07-21 04:36:59.407424', '538181f9-39f2-43c8-8596-b7309a7dea58', NULL, '2023-07-20 23:59:59.000000', 'Friday', 'desktop', 104, b'0', NULL, 0, 0, 'A'),
	(417, 1, '2023-07-21 04:37:57.618588', '538181f9-39f2-43c8-8596-b7309a7dea58', NULL, '2023-07-20 23:59:59.000000', 'Friday', 'desktop', 100, b'0', NULL, 0, 0, 'A'),
	(418, 1, '2023-07-21 04:54:54.175340', '538181f9-39f2-43c8-8596-b7309a7dea58', NULL, '2023-07-20 23:59:59.000000', 'Friday', 'desktop', 99, b'0', NULL, 0, 0, 'A'),
	(419, 1, '2023-07-21 05:04:04.122800', '538181f9-39f2-43c8-8596-b7309a7dea58', NULL, '2023-07-20 23:59:59.000000', 'Friday', 'desktop', 98, b'0', NULL, 0, 0, 'A'),
	(420, 1, '2023-07-21 05:06:25.618986', '538181f9-39f2-43c8-8596-b7309a7dea58', NULL, '2023-07-20 23:59:59.000000', 'Friday', 'desktop', 97, b'0', NULL, 0, 0, 'A'),
	(421, 1, '2023-07-21 05:06:43.750017', '538181f9-39f2-43c8-8596-b7309a7dea58', NULL, '2023-07-20 23:59:59.000000', 'Friday', 'desktop', 96, b'0', NULL, 0, 0, 'A'),
	(422, 1, '2023-07-20 03:48:30.742088', '538181f9-39f2-43c8-8596-b7309a7dea58', NULL, '2023-07-20 09:18:30.000000', 'Thursday', 'desktop', 94, b'1', NULL, 0, 0, 'A'),
	(423, 1, '2023-07-21 04:07:00.153140', '538181f9-39f2-43c8-8596-b7309a7dea58', NULL, '2023-07-20 23:59:59.000000', 'Friday', 'desktop', 13, b'0', '06:54', 0, 0, 'A'),
	(424, 1, '2023-07-20 03:49:23.527423', '538181f9-39f2-43c8-8596-b7309a7dea58', NULL, '2023-07-20 09:19:23.000000', 'Thursday', 'desktop', 92, b'1', NULL, 0, 0, 'A'),
	(425, 1, '2023-07-21 05:11:19.582677', '538181f9-39f2-43c8-8596-b7309a7dea58', NULL, '2023-07-20 23:59:59.000000', 'Friday', 'desktop', 86, b'0', NULL, 0, 0, 'A'),
	(426, 1, '2023-07-21 05:10:11.020095', '538181f9-39f2-43c8-8596-b7309a7dea58', NULL, '2023-07-20 23:59:59.000000', 'Friday', 'desktop', 89, b'0', NULL, 0, 0, 'A'),
	(427, 1, '2023-07-21 05:10:30.192673', '538181f9-39f2-43c8-8596-b7309a7dea58', NULL, '2023-07-20 23:59:59.000000', 'Friday', 'desktop', 88, b'0', NULL, 0, 0, 'A'),
	(428, 1, '2023-07-21 05:04:37.187037', '538181f9-39f2-43c8-8596-b7309a7dea58', NULL, '2023-07-20 23:59:59.000000', 'Friday', 'desktop', 83, b'0', '10:02', 0, 0, 'A'),
	(429, 1, '2023-07-21 05:11:39.526309', '538181f9-39f2-43c8-8596-b7309a7dea58', NULL, '2023-07-20 23:59:59.000000', 'Friday', 'desktop', 85, b'0', NULL, 0, 0, 'A'),
	(430, 1, '2023-07-21 04:36:25.919538', '538181f9-39f2-43c8-8596-b7309a7dea58', NULL, '2023-07-20 23:59:59.000000', 'Friday', 'desktop', 109, b'0', NULL, 0, 0, 'A'),
	(431, 1, '2023-07-21 05:12:04.915842', '538181f9-39f2-43c8-8596-b7309a7dea58', NULL, '2023-07-20 23:59:59.000000', 'Friday', 'desktop', 84, b'0', NULL, 0, 0, 'A'),
	(432, 1, '2023-07-21 04:36:19.245836', '538181f9-39f2-43c8-8596-b7309a7dea58', NULL, '2023-07-20 23:59:59.000000', 'Friday', 'desktop', 110, b'0', NULL, 0, 0, 'A'),
	(433, 1, '2023-07-21 04:36:11.047996', '538181f9-39f2-43c8-8596-b7309a7dea58', NULL, '2023-07-20 23:59:59.000000', 'Friday', 'desktop', 111, b'0', NULL, 0, 0, 'A'),
	(434, 1, '2023-07-21 04:35:43.970291', '538181f9-39f2-43c8-8596-b7309a7dea58', NULL, '2023-07-20 23:59:59.000000', 'Friday', 'desktop', 112, b'0', NULL, 0, 0, 'A'),
	(435, 1, '2023-07-21 09:45:50.177223', 'b8f33129-b9ce-43db-b11f-1e1b5c0eda8a', NULL, '2023-07-21 15:15:50.000000', 'Friday', 'desktop', 87, b'0', '01:48', 0, 0, 'A'),
	(436, 1, '2023-07-21 08:36:56.976068', '538181f9-39f2-43c8-8596-b7309a7dea58', NULL, '2023-07-21 14:06:56.000000', 'Friday', 'desktop', 13, b'0', '01:48', 0, 0, 'A'),
	(437, 1, '2023-07-21 04:35:44.083039', '538181f9-39f2-43c8-8596-b7309a7dea58', NULL, '2023-07-21 10:05:43.000000', 'Friday', 'desktop', 112, b'1', NULL, 0, 0, 'A'),
	(438, 1, '2023-07-21 04:36:11.185069', '538181f9-39f2-43c8-8596-b7309a7dea58', NULL, '2023-07-21 10:06:11.000000', 'Friday', 'desktop', 111, b'1', NULL, 0, 0, 'A'),
	(439, 1, '2023-07-21 04:36:19.357989', '538181f9-39f2-43c8-8596-b7309a7dea58', NULL, '2023-07-21 10:06:19.000000', 'Friday', 'desktop', 110, b'1', NULL, 0, 0, 'A'),
	(440, 1, '2023-07-21 04:36:25.995702', '538181f9-39f2-43c8-8596-b7309a7dea58', NULL, '2023-07-21 10:06:25.000000', 'Friday', 'desktop', 109, b'1', NULL, 0, 0, 'A'),
	(441, 1, '2023-07-21 04:36:35.102049', '538181f9-39f2-43c8-8596-b7309a7dea58', NULL, '2023-07-21 10:06:34.000000', 'Friday', 'desktop', 108, b'1', NULL, 0, 0, 'A'),
	(442, 1, '2023-07-21 04:36:41.266696', '538181f9-39f2-43c8-8596-b7309a7dea58', NULL, '2023-07-21 10:06:41.000000', 'Friday', 'desktop', 107, b'1', NULL, 0, 0, 'A'),
	(443, 1, '2023-07-21 04:36:48.938208', '538181f9-39f2-43c8-8596-b7309a7dea58', NULL, '2023-07-21 10:06:48.000000', 'Friday', 'desktop', 105, b'1', NULL, 0, 0, 'A'),
	(444, 1, '2023-07-21 04:36:59.542731', '538181f9-39f2-43c8-8596-b7309a7dea58', NULL, '2023-07-21 10:06:59.000000', 'Friday', 'desktop', 104, b'1', NULL, 0, 0, 'A'),
	(445, 1, '2023-07-21 04:37:10.484509', '538181f9-39f2-43c8-8596-b7309a7dea58', NULL, '2023-07-21 10:07:10.000000', 'Friday', 'desktop', 103, b'1', NULL, 0, 0, 'A'),
	(446, 1, '2023-07-21 04:37:57.702165', '538181f9-39f2-43c8-8596-b7309a7dea58', NULL, '2023-07-21 10:07:57.000000', 'Friday', 'desktop', 100, b'1', NULL, 0, 0, 'A'),
	(447, 1, '2023-07-21 04:54:54.204375', '538181f9-39f2-43c8-8596-b7309a7dea58', NULL, '2023-07-21 10:24:54.000000', 'Friday', 'desktop', 99, b'1', NULL, 0, 0, 'A'),
	(448, 1, '2023-07-21 05:04:04.198952', '538181f9-39f2-43c8-8596-b7309a7dea58', NULL, '2023-07-21 10:34:04.000000', 'Friday', 'desktop', 98, b'1', NULL, 0, 0, 'A'),
	(449, 1, '2023-07-21 05:04:37.270203', '538181f9-39f2-43c8-8596-b7309a7dea58', NULL, '2023-07-21 10:34:37.000000', 'Friday', 'desktop', 83, b'1', NULL, 0, 0, 'A'),
	(450, 1, '2023-07-21 05:06:25.712637', '538181f9-39f2-43c8-8596-b7309a7dea58', NULL, '2023-07-21 10:36:25.000000', 'Friday', 'desktop', 97, b'1', NULL, 0, 0, 'A'),
	(451, 1, '2023-07-21 05:06:43.863167', '538181f9-39f2-43c8-8596-b7309a7dea58', NULL, '2023-07-21 10:36:43.000000', 'Friday', 'desktop', 96, b'1', NULL, 0, 0, 'A'),
	(453, 1, '2023-07-21 05:10:11.117221', '538181f9-39f2-43c8-8596-b7309a7dea58', NULL, '2023-07-21 10:40:11.000000', 'Friday', 'desktop', 89, b'1', NULL, 0, 0, 'A'),
	(454, 1, '2023-07-21 05:10:30.296815', '538181f9-39f2-43c8-8596-b7309a7dea58', NULL, '2023-07-21 10:40:30.000000', 'Friday', 'desktop', 88, b'1', NULL, 0, 0, 'A'),
	(455, 1, '2023-07-21 05:11:19.673802', '538181f9-39f2-43c8-8596-b7309a7dea58', NULL, '2023-07-21 10:41:19.000000', 'Friday', 'desktop', 86, b'1', NULL, 0, 0, 'A'),
	(456, 1, '2023-07-21 05:11:39.608901', '538181f9-39f2-43c8-8596-b7309a7dea58', NULL, '2023-07-21 10:41:39.000000', 'Friday', 'desktop', 85, b'1', NULL, 0, 0, 'A'),
	(457, 1, '2023-07-21 05:12:05.015997', '538181f9-39f2-43c8-8596-b7309a7dea58', NULL, '2023-07-21 10:42:04.000000', 'Friday', 'desktop', 84, b'1', NULL, 0, 0, 'A'),
	(458, 1, '2023-07-21 07:10:42.484265', '538181f9-39f2-43c8-8596-b7309a7dea58', NULL, '2023-07-21 12:40:42.000000', 'Friday', 'desktop', 91, b'1', NULL, 0, 0, 'A'),
	(459, 1, '2023-07-24 11:25:13.164055', '538181f9-39f2-43c8-8596-b7309a7dea58', NULL, '2023-07-24 16:55:13.000000', 'Monday', 'desktop', 13, b'0', '06:18', 0, 0, 'A'),
	(460, 1, '2023-07-24 08:24:26.324528', 'b8f33129-b9ce-43db-b11f-1e1b5c0eda8a', NULL, '2023-07-24 13:54:26.000000', 'Monday', 'desktop', 87, b'0', '00:59', 0, 0, 'A'),
	(461, 1, '2023-07-25 03:50:10.593085', '538181f9-39f2-43c8-8596-b7309a7dea58', NULL, '2023-07-24 23:59:59.000000', 'Tuesday', 'desktop', 83, b'0', NULL, 0, 0, 'A'),
	(462, 1, '2023-07-25 11:50:38.684922', '538181f9-39f2-43c8-8596-b7309a7dea58', NULL, '2023-07-25 17:20:38.000000', 'Tuesday', 'desktop', 13, b'1', '01:02', 0, 0, 'A'),
	(463, 1, '2023-07-25 03:46:48.318105', '538181f9-39f2-43c8-8596-b7309a7dea58', NULL, '2023-07-25 09:16:48.000000', 'Tuesday', 'desktop', 112, b'1', NULL, 0, 0, 'A'),
	(464, 1, '2023-07-25 03:46:54.463047', '538181f9-39f2-43c8-8596-b7309a7dea58', NULL, '2023-07-25 09:16:54.000000', 'Tuesday', 'desktop', 111, b'1', NULL, 0, 0, 'A'),
	(465, 1, '2023-07-25 03:47:01.412665', '538181f9-39f2-43c8-8596-b7309a7dea58', NULL, '2023-07-25 09:17:01.000000', 'Tuesday', 'desktop', 110, b'1', NULL, 0, 0, 'A'),
	(466, 1, '2023-07-25 03:47:07.107812', '538181f9-39f2-43c8-8596-b7309a7dea58', NULL, '2023-07-25 09:17:07.000000', 'Tuesday', 'desktop', 109, b'1', NULL, 0, 0, 'A'),
	(467, 1, '2023-07-25 03:47:20.874027', '538181f9-39f2-43c8-8596-b7309a7dea58', NULL, '2023-07-25 09:17:20.000000', 'Tuesday', 'desktop', 108, b'1', NULL, 0, 0, 'A'),
	(468, 1, '2023-07-25 03:47:28.481526', '538181f9-39f2-43c8-8596-b7309a7dea58', NULL, '2023-07-25 09:17:28.000000', 'Tuesday', 'desktop', 107, b'1', NULL, 0, 0, 'A'),
	(469, 1, '2023-07-25 03:47:35.711907', '538181f9-39f2-43c8-8596-b7309a7dea58', NULL, '2023-07-25 09:17:35.000000', 'Tuesday', 'desktop', 106, b'1', NULL, 0, 0, 'A'),
	(470, 1, '2023-07-25 03:47:42.003604', '538181f9-39f2-43c8-8596-b7309a7dea58', NULL, '2023-07-25 09:17:41.000000', 'Tuesday', 'desktop', 105, b'1', NULL, 0, 0, 'A'),
	(471, 1, '2023-07-25 03:47:51.384325', '538181f9-39f2-43c8-8596-b7309a7dea58', NULL, '2023-07-25 09:17:51.000000', 'Tuesday', 'desktop', 104, b'1', NULL, 0, 0, 'A'),
	(472, 1, '2023-07-25 03:47:57.849070', '538181f9-39f2-43c8-8596-b7309a7dea58', NULL, '2023-07-25 09:17:57.000000', 'Tuesday', 'desktop', 103, b'1', NULL, 0, 0, 'A'),
	(473, 1, '2023-07-25 03:48:04.437402', '538181f9-39f2-43c8-8596-b7309a7dea58', NULL, '2023-07-25 09:18:04.000000', 'Tuesday', 'desktop', 100, b'1', NULL, 0, 0, 'A'),
	(474, 1, '2023-07-25 03:48:11.167943', '538181f9-39f2-43c8-8596-b7309a7dea58', NULL, '2023-07-25 09:18:11.000000', 'Tuesday', 'desktop', 99, b'1', NULL, 0, 0, 'A'),
	(475, 1, '2023-07-25 03:48:29.692485', '538181f9-39f2-43c8-8596-b7309a7dea58', NULL, '2023-07-25 09:18:29.000000', 'Tuesday', 'desktop', 98, b'1', NULL, 0, 0, 'A'),
	(476, 1, '2023-07-25 03:48:35.405483', '538181f9-39f2-43c8-8596-b7309a7dea58', NULL, '2023-07-25 09:18:35.000000', 'Tuesday', 'desktop', 97, b'1', NULL, 0, 0, 'A'),
	(477, 1, '2023-07-25 03:48:41.671736', '538181f9-39f2-43c8-8596-b7309a7dea58', NULL, '2023-07-25 09:18:41.000000', 'Tuesday', 'desktop', 96, b'1', NULL, 0, 0, 'A'),
	(478, 1, '2023-07-25 03:48:57.569191', '538181f9-39f2-43c8-8596-b7309a7dea58', NULL, '2023-07-25 09:18:57.000000', 'Tuesday', 'desktop', 93, b'1', NULL, 0, 0, 'A'),
	(479, 1, '2023-07-25 03:49:10.987213', '538181f9-39f2-43c8-8596-b7309a7dea58', NULL, '2023-07-25 09:19:10.000000', 'Tuesday', 'desktop', 91, b'1', NULL, 0, 0, 'A'),
	(480, 1, '2023-07-25 03:49:21.962263', '538181f9-39f2-43c8-8596-b7309a7dea58', NULL, '2023-07-25 09:19:21.000000', 'Tuesday', 'desktop', 89, b'1', NULL, 0, 0, 'A'),
	(481, 1, '2023-07-25 03:49:31.095068', '538181f9-39f2-43c8-8596-b7309a7dea58', NULL, '2023-07-25 09:19:31.000000', 'Tuesday', 'desktop', 88, b'1', NULL, 0, 0, 'A'),
	(482, 1, '2023-07-25 03:49:38.662224', '538181f9-39f2-43c8-8596-b7309a7dea58', NULL, '2023-07-25 09:19:38.000000', 'Tuesday', 'desktop', 87, b'1', NULL, 0, 0, 'A'),
	(483, 1, '2023-07-25 03:49:50.522545', '538181f9-39f2-43c8-8596-b7309a7dea58', NULL, '2023-07-25 09:19:50.000000', 'Tuesday', 'desktop', 86, b'1', NULL, 0, 0, 'A'),
	(484, 1, '2023-07-25 03:49:57.137002', '538181f9-39f2-43c8-8596-b7309a7dea58', NULL, '2023-07-25 09:19:57.000000', 'Tuesday', 'desktop', 85, b'1', NULL, 0, 0, 'A'),
	(485, 1, '2023-07-25 03:50:04.804070', '538181f9-39f2-43c8-8596-b7309a7dea58', NULL, '2023-07-25 09:20:04.000000', 'Tuesday', 'desktop', 84, b'1', NULL, 0, 0, 'A'),
	(486, 1, '2023-07-25 03:50:10.701266', '538181f9-39f2-43c8-8596-b7309a7dea58', NULL, '2023-07-25 09:20:10.000000', 'Tuesday', 'desktop', 83, b'1', NULL, 0, 0, 'A'),
	(487, 1, '2023-07-25 04:33:16.275264', 'c9c5de82-7567-4023-afdb-7555aa120b96', NULL, '2023-07-25 10:03:16.000000', 'Tuesday', 'desktop', 113, b'1', NULL, 0, 0, 'A');
/*!40000 ALTER TABLE `attendance` ENABLE KEYS */;

-- Dumping structure for table vghrms.banks_details
CREATE TABLE IF NOT EXISTS `banks_details` (
  `id` bigint(20) NOT NULL AUTO_INCREMENT,
  `company_id` bigint(20) DEFAULT NULL,
  `last_modified` datetime(6) DEFAULT NULL,
  `last_modified_by` varchar(255) DEFAULT NULL,
  `account_number` bigint(20) DEFAULT NULL,
  `bank_name` varchar(255) DEFAULT NULL,
  `branch_name` varchar(255) DEFAULT NULL,
  `branch_trans_code` varchar(255) DEFAULT NULL,
  `gstin` varchar(255) DEFAULT NULL,
  `ref_table` varchar(255) DEFAULT NULL,
  `ref_table_id` bigint(20) DEFAULT NULL,
  `status` varchar(255) DEFAULT NULL,
  `tan` varchar(255) DEFAULT NULL,
  `tax_number` varchar(255) DEFAULT NULL,
  PRIMARY KEY (`id`)
) ENGINE=InnoDB AUTO_INCREMENT=51 DEFAULT CHARSET=latin1;

-- Dumping data for table vghrms.banks_details: ~27 rows (approximately)
DELETE FROM `banks_details`;
/*!40000 ALTER TABLE `banks_details` DISABLE KEYS */;
INSERT INTO `banks_details` (`id`, `company_id`, `last_modified`, `last_modified_by`, `account_number`, `bank_name`, `branch_name`, `branch_trans_code`, `gstin`, `ref_table`, `ref_table_id`, `status`, `tan`, `tax_number`) VALUES
	(1, 1, '2023-07-10 09:13:00.260489', '538181f9-39f2-43c8-8596-b7309a7dea58', 98765534212345, 'Bank of Baroda ', NULL, 'BOBI0787889', NULL, 'EMPLOYEE', 13, 'A', NULL, 'ABCDE1234F'),
	(25, 1, '2023-07-12 12:42:31.157125', '538181f9-39f2-43c8-8596-b7309a7dea58', 50363990586, 'Kotak Bank', NULL, 'KKBK0000725', NULL, 'Employee', 85, 'A', NULL, 'GFGSN6565S'),
	(26, 1, '2023-07-20 11:50:33.324510', 'b8f33129-b9ce-43db-b11f-1e1b5c0eda8a', 62333990581123, 'Bank Of India', NULL, 'BKID0000517', NULL, 'EMPLOYEE', 87, 'A', NULL, 'BVSDD3454G'),
	(27, 1, '2023-07-12 12:53:56.995102', '538181f9-39f2-43c8-8596-b7309a7dea58', 30333990584, 'Axis Bank', NULL, 'UUYT0086432', NULL, 'Employee', 83, 'A', NULL, 'HGFGU7856N'),
	(28, 1, '2023-07-12 13:55:33.826735', '538181f9-39f2-43c8-8596-b7309a7dea58', 60333990581, 'Bank Of Baroda', NULL, 'BARB0AGRPUN', NULL, 'Employee', 86, 'A', NULL, 'GFHGD2322H'),
	(29, 1, '2023-07-12 13:56:05.354672', '538181f9-39f2-43c8-8596-b7309a7dea58', 80323940583, 'State Bank Of India', NULL, 'SBIN0000575', NULL, 'Employee', 88, 'A', NULL, 'VFAFD5654S'),
	(30, 1, '2023-07-12 14:09:39.003739', '538181f9-39f2-43c8-8596-b7309a7dea58', 87457645343, 'Bank Of India', NULL, 'BKID0000506', NULL, 'Employee', 84, 'A', NULL, 'AHSBF2322G'),
	(31, 1, '2023-07-13 04:15:48.501726', '538181f9-39f2-43c8-8596-b7309a7dea58', 90353970585, 'Bank Of Maharashtra', NULL, 'MAHB0001865', NULL, 'Employee', 89, 'A', NULL, 'GHFDH7666S'),
	(32, 1, '2023-07-13 12:25:38.837929', '538181f9-39f2-43c8-8596-b7309a7dea58', 90909090909, 'Axis Bank', NULL, 'SBIN0009898', NULL, 'Employee', 90, 'A', NULL, 'NJUKI8907H'),
	(33, 1, '2023-07-13 17:20:55.038326', '538181f9-39f2-43c8-8596-b7309a7dea58', 60333990581, 'Bank Off Maharashtra', NULL, 'MAHB0001865', NULL, 'Employee', 91, 'A', NULL, 'HTDHF5765S'),
	(34, 1, '2023-07-14 10:16:05.193148', 'c9c5de82-7567-4023-afdb-7555aa120b96', 60333990451, 'Bank Of Maharashtra', NULL, 'MAHB0002354', NULL, 'Employee', 93, 'A', NULL, 'HFGTS3454S'),
	(35, 1, '2023-07-17 04:42:02.641043', '538181f9-39f2-43c8-8596-b7309a7dea58', 60333898675, 'Bank Of Maharashtra', NULL, 'MAHB0001895', NULL, 'Employee', 95, 'A', NULL, 'HSRTS6567S'),
	(36, 1, '2023-07-18 11:07:03.191795', '538181f9-39f2-43c8-8596-b7309a7dea58', 345678987654, 'State Bank Of India', NULL, 'SBIH0003434', NULL, 'Employee', 97, 'A', NULL, 'GDHSJ4565G'),
	(37, 1, '2023-07-19 05:00:30.514943', '538181f9-39f2-43c8-8596-b7309a7dea58', 6044545444, 'Bank Of Maharashtrs', NULL, 'MAHB0001865', NULL, 'Employee', 99, 'A', NULL, 'ADBJD6757H'),
	(38, 1, '2023-07-19 07:07:42.554692', '538181f9-39f2-43c8-8596-b7309a7dea58', 87878787877, 'State Bank Of Maharashtra', NULL, 'SBIN0000238', NULL, 'Employee', 104, 'A', NULL, 'BHNJI9898M'),
	(39, 1, '2023-07-20 11:05:31.068525', '538181f9-39f2-43c8-8596-b7309a7dea58', 6767565656, 'Bank Of Maharashtra', NULL, 'BOMI0089898', NULL, 'Employee', 111, 'A', NULL, 'LKMNL9089L'),
	(40, 1, '2023-07-21 04:57:50.004740', '538181f9-39f2-43c8-8596-b7309a7dea58', 100028888883, 'State Bank Of Maharashtra', NULL, 'SBIN0000777', NULL, 'Employee', 112, 'A', NULL, 'ABGSG9090J'),
	(41, 1, '2023-07-21 05:28:29.866745', '538181f9-39f2-43c8-8596-b7309a7dea58', 9898989898, 'Maharashtra', NULL, 'SBIN0004333', NULL, 'Employee', 109, 'A', NULL, 'PENHJ1234F'),
	(42, 1, '2023-07-21 05:29:15.887984', '538181f9-39f2-43c8-8596-b7309a7dea58', 60333990581, 'Bank Of Maharashtra', NULL, 'MAHB0001987', NULL, 'Employee', 110, 'A', NULL, 'SDEFD9766F'),
	(43, 1, '2023-07-21 05:59:42.494435', '538181f9-39f2-43c8-8596-b7309a7dea58', 9993993988, 'Axis Bank', NULL, 'AXIN0009992', NULL, 'Employee', 108, 'A', NULL, 'VGBHU1234R'),
	(44, 1, '2023-07-21 06:05:16.427473', '538181f9-39f2-43c8-8596-b7309a7dea58', 678889929992, 'State Bank Of Maharashtra', NULL, 'SBIN0092939', NULL, 'Employee', 107, 'A', NULL, 'ABHNS0092M'),
	(45, 1, '2023-07-21 06:13:11.221309', '538181f9-39f2-43c8-8596-b7309a7dea58', 6033399044, 'Bank Of Maharshtra', NULL, 'MJHF0001876', NULL, 'Employee', 107, 'A', NULL, 'ASFSF6745D'),
	(46, 1, '2023-07-21 06:16:39.621373', '538181f9-39f2-43c8-8596-b7309a7dea58', 895647738453, 'Bank Of Mharashtra', NULL, 'MHAB0001874', NULL, 'Employee', 106, 'A', NULL, 'SDDFD4565G'),
	(47, 1, '2023-07-21 06:23:44.166611', '538181f9-39f2-43c8-8596-b7309a7dea58', 81783894943, 'State Bank Of India', NULL, 'SBOS0037743', NULL, 'Employee', 105, 'A', NULL, 'HGDFF9876H'),
	(48, 1, '2023-07-21 06:44:58.571667', '538181f9-39f2-43c8-8596-b7309a7dea58', 8786507698, 'Bank Of Maharashtra', NULL, 'MSHB0001933', NULL, 'Employee', 103, 'A', NULL, 'DHFGH9909D'),
	(49, 1, '2023-07-21 07:21:23.858671', 'c9c5de82-7567-4023-afdb-7555aa120b96', 89978589545, 'Bank Of India', NULL, 'FSDS0002222', NULL, 'Employee', 100, 'A', NULL, 'GFDGD5485J'),
	(50, 1, '2023-07-25 05:39:51.380021', '538181f9-39f2-43c8-8596-b7309a7dea58', 6756754645745, 'Bank Of Maharashtra', NULL, 'MAHB0001865', NULL, 'Employee', 113, 'A', NULL, 'HGFTF8765T');
/*!40000 ALTER TABLE `banks_details` ENABLE KEYS */;

-- Dumping structure for table vghrms.branch
CREATE TABLE IF NOT EXISTS `branch` (
  `id` bigint(20) NOT NULL AUTO_INCREMENT,
  `company_id` bigint(20) DEFAULT NULL,
  `last_modified` datetime(6) DEFAULT NULL,
  `last_modified_by` varchar(255) DEFAULT NULL,
  `branch_id` bigint(20) DEFAULT NULL,
  `branch_name` varchar(255) NOT NULL,
  `branch_type` varchar(255) DEFAULT NULL,
  `branchcode` varchar(255) DEFAULT NULL,
  `description` varchar(255) DEFAULT NULL,
  `region_id` bigint(20) DEFAULT NULL,
  `status` varchar(255) DEFAULT NULL,
  `web_site` varchar(255) DEFAULT NULL,
  PRIMARY KEY (`id`)
) ENGINE=InnoDB AUTO_INCREMENT=22 DEFAULT CHARSET=latin1;

-- Dumping data for table vghrms.branch: ~11 rows (approximately)
DELETE FROM `branch`;
/*!40000 ALTER TABLE `branch` DISABLE KEYS */;
INSERT INTO `branch` (`id`, `company_id`, `last_modified`, `last_modified_by`, `branch_id`, `branch_name`, `branch_type`, `branchcode`, `description`, `region_id`, `status`, `web_site`) VALUES
	(1, 1, '2023-07-21 06:51:08.484395', '538181f9-39f2-43c8-8596-b7309a7dea58', NULL, 'Navi Peth Branch', 'Zonal Office', '9990071', 'Zonal Branch', 1, 'A', 'navipeth.pune@lokmanyasociety.org'),
	(12, 1, '2023-07-21 07:04:08.488712', '538181f9-39f2-43c8-8596-b7309a7dea58', NULL, 'Pune Zonal Office', 'Head Office', '9990048', 'Head Branch', 1, 'A', 'sbroad.pune@lokmanyasociety.org'),
	(13, 1, '2023-07-12 11:39:11.905248', '538181f9-39f2-43c8-8596-b7309a7dea58', NULL, 'Pune Zonal Office', 'Head Office', '9990048', 'Head Branch', 1, 'D', 'sbroad.pune@lokmanyasociety.org'),
	(14, 1, '2023-07-12 11:39:46.053241', '538181f9-39f2-43c8-8596-b7309a7dea58', NULL, 'Pune Zonal Office', 'Head Office', '9990048', 'Head Branch', 1, 'D', 'sbroad.pune@lokmanyasociety.org'),
	(15, 1, '2023-07-12 11:41:46.605216', '538181f9-39f2-43c8-8596-b7309a7dea58', NULL, 'Pune Zonal Office', 'Head Office', '9990048', 'Head Branch', 1, 'D', 'sbroad.pune@lokmanyasociety.org'),
	(16, 1, '2023-07-12 12:04:09.020136', '538181f9-39f2-43c8-8596-b7309a7dea58', NULL, 'Mandai Branch', 'Branch', '9990054', 'Branch', 1, 'A', 'mandai.pune@lokmanyasociety.org'),
	(17, 1, '2023-07-12 12:07:27.734106', '538181f9-39f2-43c8-8596-b7309a7dea58', NULL, 'Dahanukar Colony Branch', 'Branch', '9990050', 'Branch', 1, 'A', 'dahanukar.pune@lokmanyasociety.org'),
	(18, 1, '2023-07-12 12:12:05.095083', '538181f9-39f2-43c8-8596-b7309a7dea58', NULL, 'Guruganesh Nagar Branch', 'Branch', '9990059', 'Branch', 1, 'A', 'guruganesh.pune@lokmanyasociety.org'),
	(19, 1, '2023-07-21 06:49:21.766339', '538181f9-39f2-43c8-8596-b7309a7dea58', NULL, 'Chinchwad Branch', 'Branch', '9990051', 'Branch', 1, 'A', 'chinchwad.pune@lokmanyasociety.org'),
	(20, 1, '2023-07-21 06:47:41.247244', '538181f9-39f2-43c8-8596-b7309a7dea58', NULL, 'Bibvewadi Branch', 'Branch', '76857656', 'Bibwewadi Branch', 1, 'A', 'https://lokmanyasociety.org'),
	(21, 2, '2023-06-21 14:10:17.000000', NULL, NULL, 'baner', NULL, '6554', 'baner', 1, 'A', 'vishwaguru@gmail.com');
/*!40000 ALTER TABLE `branch` ENABLE KEYS */;

-- Dumping structure for table vghrms.company
CREATE TABLE IF NOT EXISTS `company` (
  `id` bigint(20) NOT NULL AUTO_INCREMENT,
  `company_name` varchar(255) DEFAULT NULL,
  `contact_person` varchar(255) DEFAULT NULL,
  `email` varchar(255) DEFAULT NULL,
  `fax` varchar(255) DEFAULT NULL,
  `last_modified` datetime(6) DEFAULT NULL,
  `last_modified_by` varchar(255) DEFAULT NULL,
  `leave_setting_level` varchar(255) DEFAULT NULL,
  `mobile_number` varchar(255) DEFAULT NULL,
  `payout_date` datetime(6) DEFAULT NULL,
  `payslip_date` bigint(20) DEFAULT NULL,
  `phone_number` varchar(255) DEFAULT NULL,
  `postal_code` varchar(255) DEFAULT NULL,
  `reg_number` varchar(255) DEFAULT NULL,
  `status` varchar(255) DEFAULT NULL,
  `website_url` varchar(255) DEFAULT NULL,
  `retirement_age` bigint(20) DEFAULT NULL,
  PRIMARY KEY (`id`)
) ENGINE=InnoDB AUTO_INCREMENT=3 DEFAULT CHARSET=latin1;

-- Dumping data for table vghrms.company: ~2 rows (approximately)
DELETE FROM `company`;
/*!40000 ALTER TABLE `company` DISABLE KEYS */;
INSERT INTO `company` (`id`, `company_name`, `contact_person`, `email`, `fax`, `last_modified`, `last_modified_by`, `leave_setting_level`, `mobile_number`, `payout_date`, `payslip_date`, `phone_number`, `postal_code`, `reg_number`, `status`, `website_url`, `retirement_age`) VALUES
	(1, 'Lokmanya Multipurpose Co-Op  Society Ltd (Multi-State)', 'Sarang Kulkarni', 'sbroad.pune@lokmanyasociety.org', 'FAX1235', '2023-07-18 11:58:36.153000', NULL, 'Branch ', '9156356349', NULL, NULL, '020-25683000', '411016', NULL, 'A', 'https://lokmanyasociety.org/', 58),
	(2, 'Lokmanya Multipurpose Co Op Society Ltd Multi State', 'Sarang Kulkarni', 'sbroad.pune@lokmanyasociety.org', 'FAX123', '2023-07-21 05:50:45.558000', NULL, 'Branch ', '9823134565', NULL, NULL, '020-25683000', '411016', NULL, 'D', 'https://lokmanyasociety.org', NULL);
/*!40000 ALTER TABLE `company` ENABLE KEYS */;

-- Dumping structure for table vghrms.contacts
CREATE TABLE IF NOT EXISTS `contacts` (
  `id` bigint(20) NOT NULL AUTO_INCREMENT,
  `company_id` bigint(20) DEFAULT NULL,
  `last_modified` datetime(6) DEFAULT NULL,
  `last_modified_by` varchar(255) DEFAULT NULL,
  `contact` varchar(255) DEFAULT NULL,
  `contact_pref` varchar(255) DEFAULT NULL,
  `contact_reference` varchar(255) DEFAULT NULL,
  `contact_type` varchar(255) DEFAULT NULL,
  `name` varchar(255) DEFAULT NULL,
  `ref_table` varchar(255) DEFAULT NULL,
  `ref_table_id` bigint(20) DEFAULT NULL,
  `status` varchar(255) DEFAULT NULL,
  PRIMARY KEY (`id`)
) ENGINE=InnoDB AUTO_INCREMENT=283 DEFAULT CHARSET=latin1;

-- Dumping data for table vghrms.contacts: ~108 rows (approximately)
DELETE FROM `contacts`;
/*!40000 ALTER TABLE `contacts` DISABLE KEYS */;
INSERT INTO `contacts` (`id`, `company_id`, `last_modified`, `last_modified_by`, `contact`, `contact_pref`, `contact_reference`, `contact_type`, `name`, `ref_table`, `ref_table_id`, `status`) VALUES
	(67, 1, '2023-07-12 13:00:01.275127', '538181f9-39f2-43c8-8596-b7309a7dea58', '9838883388', 'Personal', NULL, 'Mobile', 'Somesh Gaikwad', 'Employee', 13, 'A'),
	(176, 1, '2023-07-12 14:18:20.676661', '538181f9-39f2-43c8-8596-b7309a7dea58', '9421553155', 'Personal', NULL, 'Mobile', 'Suman Patil', 'Employee', 83, 'A'),
	(177, 1, '2023-07-13 06:48:51.739813', 'c9c5de82-7567-4023-afdb-7555aa120b96', '9421552122', 'Personal', NULL, 'Mobile', 'Akash Karavle', 'Employee', 85, 'A'),
	(178, 1, '2023-07-12 12:39:32.238128', '538181f9-39f2-43c8-8596-b7309a7dea58', '9988778909', 'Primary', 'Father', 'Mobile', 'Rajesh Patil', 'EMPLOYEE', 83, 'A'),
	(179, 1, '2023-07-12 13:07:20.835089', '538181f9-39f2-43c8-8596-b7309a7dea58', '9823544544', 'Personal', NULL, 'Mobile', 'Ganesh Narayan', 'Employee', 84, 'A'),
	(180, 1, '2023-07-12 12:41:56.612117', '538181f9-39f2-43c8-8596-b7309a7dea58', '8989787878', 'Primary', 'Brother', 'Mobile', 'Deepak Karavle', 'EMPLOYEE', 85, 'A'),
	(181, 1, '2023-07-12 12:44:10.390129', '538181f9-39f2-43c8-8596-b7309a7dea58', '9089897867', NULL, NULL, NULL, NULL, 'FamilyInfo', 31, 'A'),
	(182, 1, '2023-07-12 12:56:47.202079', '538181f9-39f2-43c8-8596-b7309a7dea58', '8645453298', 'Personal', NULL, 'Mobile', 'Rahul Patil', 'Employee', 87, 'A'),
	(183, 1, '2023-07-12 12:50:26.150111', '538181f9-39f2-43c8-8596-b7309a7dea58', '9823544544', 'Personal', NULL, 'Mobile', 'Mrudula Chingale', 'Employee', 88, 'A'),
	(184, 1, '2023-07-20 11:49:42.985069', 'b8f33129-b9ce-43db-b11f-1e1b5c0eda8a', '91121212121', 'Primary', 'Sister', 'Mobile', 'Anagha Patil', 'EMPLOYEE', 87, 'A'),
	(185, 1, '2023-07-20 10:39:35.499823', 'b8f33129-b9ce-43db-b11f-1e1b5c0eda8a', '7656545656', NULL, NULL, NULL, NULL, 'FamilyInfo', 32, 'A'),
	(186, 1, '2023-07-12 12:54:18.727097', '538181f9-39f2-43c8-8596-b7309a7dea58', '9325105758', 'Personal', NULL, 'Mobile', 'Swapnil Suryavanshi', 'Employee', 86, 'A'),
	(187, 1, '2023-07-12 12:57:52.564128', '538181f9-39f2-43c8-8596-b7309a7dea58', '9089765432', NULL, NULL, NULL, NULL, 'FamilyInfo', 33, 'A'),
	(188, 1, '2023-07-12 13:54:35.916689', '538181f9-39f2-43c8-8596-b7309a7dea58', 'rupali@gmail.com', 'Primary', 'Sister', 'Email', 'Rupali Suryavanshi', 'EMPLOYEE', 86, 'A'),
	(189, 1, '2023-07-13 11:05:56.557933', '538181f9-39f2-43c8-8596-b7309a7dea58', '9087654321', 'Primary', 'Brother', 'Mobile', 'Rushabh Chingale', 'EMPLOYEE', 88, 'A'),
	(190, 1, '2023-07-13 11:06:59.465949', '538181f9-39f2-43c8-8596-b7309a7dea58', '8978675656', NULL, NULL, NULL, NULL, 'FamilyInfo', 34, 'A'),
	(191, 1, '2023-07-12 13:57:45.527689', '538181f9-39f2-43c8-8596-b7309a7dea58', '9089897878', NULL, NULL, NULL, NULL, 'FamilyInfo', 35, 'A'),
	(192, 1, '2023-07-20 12:40:42.750794', 'c9c5de82-7567-4023-afdb-7555aa120b96', '7809454534', 'Primary', 'Mother', 'Mobile', 'Aruna Jagtap', 'EMPLOYEE', 13, 'A'),
	(193, 1, '2023-07-20 12:48:05.672221', 'c9c5de82-7567-4023-afdb-7555aa120b96', '8978677867', NULL, NULL, NULL, NULL, 'FamilyInfo', 36, 'A'),
	(194, 1, '2023-07-12 14:08:45.763666', '538181f9-39f2-43c8-8596-b7309a7dea58', '7878676767', 'Primary', 'Brother', 'Mobile', 'Rahul Narayan', 'EMPLOYEE', 84, 'A'),
	(195, 1, '2023-07-12 14:10:32.632705', '538181f9-39f2-43c8-8596-b7309a7dea58', '7878676778', NULL, NULL, NULL, NULL, 'FamilyInfo', 37, 'A'),
	(196, 1, '2023-07-13 04:13:05.743678', '538181f9-39f2-43c8-8596-b7309a7dea58', '9423742441', 'Personal', NULL, 'Mobile', 'Namrata Gunjal', 'Employee', 89, 'A'),
	(197, 1, '2023-07-13 04:15:02.287686', '538181f9-39f2-43c8-8596-b7309a7dea58', '8765432109', 'Primary', 'Mother', 'Mobile', 'Maratha', 'EMPLOYEE', 89, 'A'),
	(198, 1, '2023-07-13 04:17:12.054671', '538181f9-39f2-43c8-8596-b7309a7dea58', '9823435781', NULL, NULL, NULL, NULL, 'FamilyInfo', 38, 'A'),
	(199, 1, '2023-07-13 04:54:17.547680', '538181f9-39f2-43c8-8596-b7309a7dea58', 'mrudula@lokmanya.com', NULL, NULL, 'EMAIL', NULL, 'Trainer', 17, 'A'),
	(200, 1, '2023-07-13 04:54:17.692717', '538181f9-39f2-43c8-8596-b7309a7dea58', '9823544544', NULL, NULL, 'PHONE', NULL, 'Trainer', 17, 'A'),
	(201, 1, '2023-07-13 04:54:18.440679', '538181f9-39f2-43c8-8596-b7309a7dea58', 'mrudula@lokmanya.com', NULL, NULL, 'EMAIL', NULL, 'Trainer', 18, 'A'),
	(202, 1, '2023-07-13 04:54:18.442830', '538181f9-39f2-43c8-8596-b7309a7dea58', '9823544544', NULL, NULL, 'PHONE', NULL, 'Trainer', 18, 'A'),
	(203, 1, '2023-07-13 07:36:47.625791', '538181f9-39f2-43c8-8596-b7309a7dea58', 'swapnil@lokmanya.com', NULL, NULL, 'EMAIL', NULL, 'Trainer', 19, 'A'),
	(204, 1, '2023-07-13 07:36:47.678817', '538181f9-39f2-43c8-8596-b7309a7dea58', '7867676767', NULL, NULL, 'PHONE', NULL, 'Trainer', 19, 'A'),
	(205, 1, '2023-07-13 11:05:56.375913', '538181f9-39f2-43c8-8596-b7309a7dea58', '7878676756', 'Secondary', 'Sister', 'Mobile', 'Radha Patil', 'EMPLOYEE', 88, 'A'),
	(206, 1, '2023-07-13 11:06:59.456938', '538181f9-39f2-43c8-8596-b7309a7dea58', '7867676767', NULL, NULL, NULL, NULL, 'FamilyInfo', 39, 'A'),
	(207, 1, '2023-07-13 12:22:51.659954', '538181f9-39f2-43c8-8596-b7309a7dea58', '8987898788', 'Personal', NULL, 'Mobile', 'Rajveer Nawale', 'Employee', 90, 'A'),
	(208, 1, '2023-07-13 12:24:40.218935', '538181f9-39f2-43c8-8596-b7309a7dea58', '9289289289', 'Primary', 'Friend', 'Mobile', 'Shiwaji Patil', 'EMPLOYEE', 90, 'A'),
	(209, 1, '2023-07-13 12:26:27.333942', '538181f9-39f2-43c8-8596-b7309a7dea58', '9898989898', NULL, NULL, NULL, NULL, 'FamilyInfo', 40, 'A'),
	(210, 1, '2023-07-13 17:24:10.134381', '538181f9-39f2-43c8-8596-b7309a7dea58', '9876786765', 'Personal', NULL, 'Mobile', 'Kairav Sharma', 'Employee', 91, 'A'),
	(211, 1, '2023-07-13 17:19:59.772730', '538181f9-39f2-43c8-8596-b7309a7dea58', '9078676545', 'Primary', 'Sister', 'Mobile', 'Neha Sharma', 'EMPLOYEE', 91, 'A'),
	(212, 1, '2023-07-13 17:21:35.303984', '538181f9-39f2-43c8-8596-b7309a7dea58', '9987654343', NULL, NULL, NULL, NULL, 'FamilyInfo', 41, 'A'),
	(213, 1, '2023-07-18 08:57:28.518553', '538181f9-39f2-43c8-8596-b7309a7dea58', '9878674563', 'Personal', NULL, 'Mobile', 'Naira More', 'Employee', 92, 'A'),
	(214, 1, '2023-07-14 10:04:37.153136', 'c9c5de82-7567-4023-afdb-7555aa120b96', '9878675654', 'Personal', NULL, 'Mobile', 'KartiK Pawer', 'Employee', 93, 'A'),
	(215, 1, '2023-07-14 10:11:38.892170', 'c9c5de82-7567-4023-afdb-7555aa120b96', '9878765654', 'Primary', 'Friend', 'Mobile', 'Ketan ', 'EMPLOYEE', 93, 'A'),
	(216, 1, '2023-07-14 10:16:55.246139', 'c9c5de82-7567-4023-afdb-7555aa120b96', '9878654544', NULL, NULL, NULL, NULL, 'FamilyInfo', 42, 'A'),
	(217, 1, '2023-07-17 04:36:56.182009', '538181f9-39f2-43c8-8596-b7309a7dea58', '9878675654', 'Personal', NULL, 'Mobile', 'Atharv More', 'Employee', 95, 'A'),
	(218, 1, '2023-07-17 04:39:02.921218', '538181f9-39f2-43c8-8596-b7309a7dea58', '9878564453', 'Primary', 'Friend', 'Mobile', 'Sarthak', 'EMPLOYEE', 95, 'A'),
	(219, 1, '2023-07-17 11:17:27.368559', 'c9c5de82-7567-4023-afdb-7555aa120b96', 'Atharv@lokmanya.com', NULL, NULL, 'EMAIL', NULL, 'Trainer', 22, 'A'),
	(220, 1, '2023-07-18 10:47:37.081941', '538181f9-39f2-43c8-8596-b7309a7dea58', '8989898989', NULL, NULL, NULL, NULL, 'FamilyInfo', 43, 'A'),
	(221, 1, '2023-07-18 11:24:04.763780', '538181f9-39f2-43c8-8596-b7309a7dea58', '9878675645', 'Personal', NULL, 'Mobile', 'Sushma Bora', 'Employee', 97, 'A'),
	(222, 1, '2023-07-18 11:05:11.702177', '538181f9-39f2-43c8-8596-b7309a7dea58', '9878787676', 'Primary', 'Friend', 'Mobile', 'Khushi', 'EMPLOYEE', 97, 'A'),
	(223, 1, '2023-07-18 11:05:17.804896', '538181f9-39f2-43c8-8596-b7309a7dea58', '9898989898', 'Personal', NULL, 'Mobile', 'Rutuja Pawar', 'Employee', 94, 'A'),
	(224, 1, '2023-07-18 11:07:47.353955', '538181f9-39f2-43c8-8596-b7309a7dea58', '9878786767', NULL, NULL, NULL, NULL, 'FamilyInfo', 44, 'A'),
	(225, 1, '2023-07-18 12:17:55.355643', '538181f9-39f2-43c8-8596-b7309a7dea58', '7867564545', 'Personal', NULL, 'Mobile', 'Kavita Rane', 'Employee', 98, 'A'),
	(226, 1, '2023-07-18 12:46:21.835446', '538181f9-39f2-43c8-8596-b7309a7dea58', 'ramesh@gmail.com', NULL, NULL, 'EMAIL', NULL, 'Trainer', 23, 'A'),
	(227, 1, '2023-07-18 12:46:21.999620', '538181f9-39f2-43c8-8596-b7309a7dea58', '9898989889', NULL, NULL, 'PHONE', NULL, 'Trainer', 23, 'A'),
	(228, 1, '2023-07-18 12:45:45.555444', '538181f9-39f2-43c8-8596-b7309a7dea58', 'taramati@gmail.com', NULL, NULL, 'EMAIL', NULL, 'Trainer', 24, 'A'),
	(229, 1, '2023-07-18 12:45:45.715694', '538181f9-39f2-43c8-8596-b7309a7dea58', '8798766767', NULL, NULL, 'PHONE', NULL, 'Trainer', 24, 'A'),
	(230, 1, '2023-07-21 07:13:44.967504', 'c9c5de82-7567-4023-afdb-7555aa120b96', '9878765445', 'Personal', NULL, 'Mobile', 'Nihan Patil', 'Employee', 99, 'A'),
	(231, 1, '2023-07-21 06:58:01.931128', '538181f9-39f2-43c8-8596-b7309a7dea58', '9898989898', 'Personal', NULL, 'Mobile', 'Rama Rahane', 'Employee', 104, 'A'),
	(232, 1, '2023-07-19 07:04:30.807455', '538181f9-39f2-43c8-8596-b7309a7dea58', 'rajesh@gmail.com', 'Primary', 'Father', 'Email', 'Rajesh Rahane', 'EMPLOYEE', 104, 'A'),
	(233, 1, '2023-07-19 08:27:13.834514', '538181f9-39f2-43c8-8596-b7309a7dea58', '9090909090', NULL, NULL, NULL, NULL, 'FamilyInfo', 45, 'A'),
	(234, 1, '2023-07-19 08:44:48.701318', 'c9c5de82-7567-4023-afdb-7555aa120b96', '9878676556', 'Personal', NULL, 'Mobile', 'Pragati Shinde', 'Employee', 105, 'A'),
	(235, 1, '2023-07-19 10:33:54.191106', 'b8f33129-b9ce-43db-b11f-1e1b5c0eda8a', '7656545656', NULL, NULL, NULL, NULL, 'FamilyInfo', 32, NULL),
	(236, 1, '2023-07-20 12:10:53.792016', '538181f9-39f2-43c8-8596-b7309a7dea58', 'nihan@lokmanya.com', NULL, NULL, 'EMAIL', NULL, 'Trainer', 25, 'A'),
	(237, 1, '2023-07-20 12:10:53.931192', '538181f9-39f2-43c8-8596-b7309a7dea58', '9878676545', NULL, NULL, 'PHONE', NULL, 'Trainer', 25, 'A'),
	(238, 1, '2023-07-21 06:11:43.444588', '538181f9-39f2-43c8-8596-b7309a7dea58', '9447477344', 'Primary', 'Brother', 'Mobile', 'Ansh', 'EMPLOYEE', 107, 'A'),
	(239, 1, '2023-07-21 06:55:53.540826', '538181f9-39f2-43c8-8596-b7309a7dea58', '9878676534', 'Personal', NULL, 'Mobile', 'Shivadnya Rahane', 'Employee', 108, 'A'),
	(240, 1, '2023-07-21 06:55:02.270908', '538181f9-39f2-43c8-8596-b7309a7dea58', '9876565455', 'Personal', NULL, 'Mobile', 'Surbhi Bhosale', 'Employee', 109, 'A'),
	(241, 1, '2023-07-20 10:39:35.499823', 'b8f33129-b9ce-43db-b11f-1e1b5c0eda8a', '9876543212', NULL, NULL, NULL, NULL, 'FamilyInfo', 46, 'A'),
	(242, 1, '2023-07-21 06:53:51.544806', '538181f9-39f2-43c8-8596-b7309a7dea58', '7865454545', 'Personal', NULL, 'Mobile', 'Priya Jadhav', 'Employee', 111, 'A'),
	(243, 1, '2023-07-20 11:04:42.013562', '538181f9-39f2-43c8-8596-b7309a7dea58', '7867564534', 'Primary', 'Mother', 'Mobile', 'Rahi Jadhav', 'EMPLOYEE', 111, 'A'),
	(244, 1, '2023-07-20 11:04:41.980575', '538181f9-39f2-43c8-8596-b7309a7dea58', 'bharat@gmail.com', 'Secondary', 'Father', 'Email', 'Bharat Jadhav', 'EMPLOYEE', 111, 'A'),
	(245, 1, '2023-07-20 11:17:52.996963', '538181f9-39f2-43c8-8596-b7309a7dea58', '8978676778', NULL, NULL, NULL, NULL, 'FamilyInfo', 47, 'A'),
	(246, 1, '2023-07-20 11:51:13.021149', 'b8f33129-b9ce-43db-b11f-1e1b5c0eda8a', '9876511112', NULL, NULL, NULL, NULL, 'FamilyInfo', 46, NULL),
	(247, 1, '2023-07-20 11:51:13.470912', 'b8f33129-b9ce-43db-b11f-1e1b5c0eda8a', '7656545655', NULL, NULL, NULL, NULL, 'FamilyInfo', 32, NULL),
	(248, 1, '2023-07-20 11:51:50.270745', 'b8f33129-b9ce-43db-b11f-1e1b5c0eda8a', '7656555556', NULL, NULL, NULL, NULL, 'FamilyInfo', 32, NULL),
	(249, 1, '2023-07-20 11:52:24.421304', 'b8f33129-b9ce-43db-b11f-1e1b5c0eda8a', '9876543212', NULL, NULL, NULL, NULL, 'FamilyInfo', 46, NULL),
	(250, 1, '2023-07-20 11:52:24.847020', 'b8f33129-b9ce-43db-b11f-1e1b5c0eda8a', '7656545656', NULL, NULL, NULL, NULL, 'FamilyInfo', 32, NULL),
	(251, 1, '2023-07-21 04:34:18.690406', '538181f9-39f2-43c8-8596-b7309a7dea58', '8989898989', 'Personal', NULL, 'Mobile', 'Pratyush Khandagale', 'Employee', 112, 'A'),
	(252, 1, '2023-07-21 06:54:18.635894', '538181f9-39f2-43c8-8596-b7309a7dea58', '7867564545', 'Personal', NULL, 'Mobile', 'Pratyush Khandagale', 'Employee', 112, 'A'),
	(253, 1, '2023-07-21 04:56:36.812612', '538181f9-39f2-43c8-8596-b7309a7dea58', '9898989898', 'Primary', 'Father', 'Mobile', 'Ramesh', 'EMPLOYEE', 112, 'A'),
	(254, 1, '2023-07-21 05:04:44.365859', '538181f9-39f2-43c8-8596-b7309a7dea58', '9898989898', NULL, NULL, NULL, NULL, 'FamilyInfo', 48, 'A'),
	(255, 1, '2023-07-21 05:04:44.356853', '538181f9-39f2-43c8-8596-b7309a7dea58', '9898989898', NULL, NULL, NULL, NULL, 'FamilyInfo', 49, 'A'),
	(256, 1, '2023-07-21 06:54:43.279945', '538181f9-39f2-43c8-8596-b7309a7dea58', '9876234543', 'Personal', NULL, 'Mobile', 'Sushma Bhosale', 'Employee', 110, 'A'),
	(257, 1, '2023-07-21 05:26:38.616806', '538181f9-39f2-43c8-8596-b7309a7dea58', '9878676544', 'Primary', 'Sister', 'Mobile', 'Mrudula ', 'EMPLOYEE', 110, 'A'),
	(258, 1, '2023-07-21 05:27:35.272881', '538181f9-39f2-43c8-8596-b7309a7dea58', '9898989898', 'Primary', 'Mother', 'Mobile', 'Prashat', 'EMPLOYEE', 109, 'A'),
	(259, 1, '2023-07-21 05:29:15.451337', '538181f9-39f2-43c8-8596-b7309a7dea58', '8989898989', NULL, NULL, NULL, NULL, 'FamilyInfo', 50, 'A'),
	(260, 1, '2023-07-21 05:31:43.015764', '538181f9-39f2-43c8-8596-b7309a7dea58', '9876543456', NULL, NULL, NULL, NULL, 'FamilyInfo', 51, 'A'),
	(261, 1, '2023-07-21 05:58:35.489755', '538181f9-39f2-43c8-8596-b7309a7dea58', 'piyush@gmail.com', 'Primary', 'Husband', 'Email', 'Piyush Patil', 'EMPLOYEE', 108, 'A'),
	(262, 1, '2023-07-21 06:00:48.654599', '538181f9-39f2-43c8-8596-b7309a7dea58', '9898989898', NULL, NULL, NULL, NULL, 'FamilyInfo', 52, 'A'),
	(263, 1, '2023-07-21 06:56:17.380501', '538181f9-39f2-43c8-8596-b7309a7dea58', '9878765644', 'Personal', NULL, 'Mobile', 'Aranvi Shitole', 'Employee', 107, 'A'),
	(264, 1, '2023-07-21 06:04:46.377218', '538181f9-39f2-43c8-8596-b7309a7dea58', '9878565644', NULL, NULL, NULL, NULL, 'FamilyInfo', 53, 'A'),
	(265, 1, '2023-07-21 06:57:15.997915', '538181f9-39f2-43c8-8596-b7309a7dea58', '9898989898', 'Personal', NULL, 'Mobile', 'Tara Bhosale', 'Employee', 106, 'A'),
	(266, 1, '2023-07-21 06:15:51.735578', '538181f9-39f2-43c8-8596-b7309a7dea58', '8956784344', 'Primary', 'Brother', 'Mobile', 'Sushma', 'EMPLOYEE', 106, 'A'),
	(267, 1, '2023-07-21 06:17:16.826293', '538181f9-39f2-43c8-8596-b7309a7dea58', '9875567534', NULL, NULL, NULL, NULL, 'FamilyInfo', 54, 'A'),
	(268, 1, '2023-07-21 06:22:54.065147', '538181f9-39f2-43c8-8596-b7309a7dea58', 'sayali@gmail.com', 'Primary', 'Sister', 'Email', 'Sayali', 'EMPLOYEE', 105, 'A'),
	(269, 1, '2023-07-21 06:24:35.113229', '538181f9-39f2-43c8-8596-b7309a7dea58', '9656789575', NULL, NULL, NULL, NULL, 'FamilyInfo', 55, 'A'),
	(270, 1, '2023-07-21 06:58:51.699415', '538181f9-39f2-43c8-8596-b7309a7dea58', '9765456783', 'Personal', NULL, 'Mobile', 'Sai Sonar', 'Employee', 103, 'A'),
	(271, 1, '2023-07-21 06:44:26.821121', '538181f9-39f2-43c8-8596-b7309a7dea58', '9874567434', 'Primary', 'Friend', 'Mobile', 'Nikhil', 'EMPLOYEE', 103, 'A'),
	(272, 1, '2023-07-21 06:48:48.877398', '538181f9-39f2-43c8-8596-b7309a7dea58', '9543456785', NULL, NULL, NULL, NULL, 'FamilyInfo', 56, 'A'),
	(273, 1, '2023-07-21 07:13:11.253824', 'c9c5de82-7567-4023-afdb-7555aa120b96', '9878567445', 'Personal', NULL, 'Mobile', 'Sunay Hora', 'Employee', 100, 'A'),
	(274, 1, '2023-07-21 07:20:13.262108', 'c9c5de82-7567-4023-afdb-7555aa120b96', '9867564534', 'Primary', 'Brother', 'Mobile', 'Sunil', 'EMPLOYEE', 100, 'A'),
	(275, 1, '2023-07-21 07:22:09.249947', 'c9c5de82-7567-4023-afdb-7555aa120b96', '9876545677', NULL, NULL, NULL, NULL, 'FamilyInfo', 57, 'A'),
	(276, 1, '2023-07-21 07:24:51.264478', 'c9c5de82-7567-4023-afdb-7555aa120b96', '9345675433', 'Primary', 'Mother', 'Mobile', 'Sanika', 'EMPLOYEE', 99, 'A'),
	(277, 1, '2023-07-21 07:28:37.119663', 'c9c5de82-7567-4023-afdb-7555aa120b96', '9876545365', NULL, NULL, NULL, NULL, 'FamilyInfo', 58, 'A'),
	(278, 1, '2023-07-25 05:48:37.930041', '538181f9-39f2-43c8-8596-b7309a7dea58', '9834654775', 'Personal', NULL, 'Mobile', 'Sonam Dhere', 'Employee', 113, 'A'),
	(279, 1, '2023-07-25 05:40:03.230771', '538181f9-39f2-43c8-8596-b7309a7dea58', '9876456533', 'Primary', 'Brother', 'Mobile', 'Kartik More', 'EMPLOYEE', 113, 'A'),
	(280, 1, '2023-07-25 05:41:03.001185', '538181f9-39f2-43c8-8596-b7309a7dea58', '9878677567', NULL, NULL, NULL, NULL, 'FamilyInfo', 59, 'A'),
	(281, 1, '2023-07-25 06:41:21.697007', '538181f9-39f2-43c8-8596-b7309a7dea58', 'sonam@lokmanya.com', NULL, NULL, 'EMAIL', NULL, 'Trainer', 26, 'A'),
	(282, 1, '2023-07-25 06:41:21.843215', '538181f9-39f2-43c8-8596-b7309a7dea58', '9876565654', NULL, NULL, 'PHONE', NULL, 'Trainer', 26, 'A');
/*!40000 ALTER TABLE `contacts` ENABLE KEYS */;

-- Dumping structure for table vghrms.custom_approvar
CREATE TABLE IF NOT EXISTS `custom_approvar` (
  `id` bigint(20) NOT NULL AUTO_INCREMENT,
  `company_id` bigint(20) DEFAULT NULL,
  `last_modified` datetime(6) DEFAULT NULL,
  `last_modified_by` varchar(255) DEFAULT NULL,
  `approval_setting_id` varchar(255) DEFAULT NULL,
  `employe_id` bigint(20) DEFAULT NULL,
  `squence` varchar(255) DEFAULT NULL,
  `status` varchar(255) DEFAULT NULL,
  PRIMARY KEY (`id`)
) ENGINE=InnoDB DEFAULT CHARSET=latin1;

-- Dumping data for table vghrms.custom_approvar: ~0 rows (approximately)
DELETE FROM `custom_approvar`;
/*!40000 ALTER TABLE `custom_approvar` DISABLE KEYS */;
/*!40000 ALTER TABLE `custom_approvar` ENABLE KEYS */;

-- Dumping structure for table vghrms.custom_leave_policy
CREATE TABLE IF NOT EXISTS `custom_leave_policy` (
  `id` bigint(20) NOT NULL AUTO_INCREMENT,
  `company_id` bigint(20) DEFAULT NULL,
  `last_modified` datetime(6) DEFAULT NULL,
  `last_modified_by` varchar(255) DEFAULT NULL,
  `custom_policy_name` varchar(255) DEFAULT NULL,
  `days` bigint(20) DEFAULT NULL,
  `status` varchar(255) DEFAULT NULL,
  `employee_id` bigint(20) DEFAULT NULL,
  `leave_policy_id` bigint(20) DEFAULT NULL,
  PRIMARY KEY (`id`),
  KEY `FKn14mgo6yej993q11hdui9bajy` (`employee_id`),
  KEY `FK9skkum032p10twaufunxs04nx` (`leave_policy_id`),
  CONSTRAINT `FK9skkum032p10twaufunxs04nx` FOREIGN KEY (`leave_policy_id`) REFERENCES `leave_policy` (`id`),
  CONSTRAINT `FKn14mgo6yej993q11hdui9bajy` FOREIGN KEY (`employee_id`) REFERENCES `employee` (`id`)
) ENGINE=InnoDB AUTO_INCREMENT=119 DEFAULT CHARSET=latin1;

-- Dumping data for table vghrms.custom_leave_policy: ~36 rows (approximately)
DELETE FROM `custom_leave_policy`;
/*!40000 ALTER TABLE `custom_leave_policy` DISABLE KEYS */;
INSERT INTO `custom_leave_policy` (`id`, `company_id`, `last_modified`, `last_modified_by`, `custom_policy_name`, `days`, `status`, `employee_id`, `leave_policy_id`) VALUES
	(75, 1, '2023-07-12 13:54:24.664658', '538181f9-39f2-43c8-8596-b7309a7dea58', 'Privilage Leave', 18, 'A', 83, 9),
	(76, 1, '2023-07-12 13:54:24.778656', '538181f9-39f2-43c8-8596-b7309a7dea58', 'Privilage Leave', 18, 'A', 88, 9),
	(77, 1, '2023-07-12 13:54:24.790671', '538181f9-39f2-43c8-8596-b7309a7dea58', 'Privilage Leave', 18, 'A', 13, 9),
	(78, 1, '2023-07-12 13:54:24.788670', '538181f9-39f2-43c8-8596-b7309a7dea58', 'Privilage Leave', 18, 'A', 84, 9),
	(79, 1, '2023-07-12 13:54:24.848698', '538181f9-39f2-43c8-8596-b7309a7dea58', 'Privilage Leave', 18, 'A', 85, 9),
	(86, 1, '2023-07-12 14:01:43.472655', '538181f9-39f2-43c8-8596-b7309a7dea58', 'Casual Leave', 8, 'A', 13, 11),
	(87, 1, '2023-07-12 14:01:43.502672', '538181f9-39f2-43c8-8596-b7309a7dea58', 'Casual Leave', 8, 'A', 85, 11),
	(88, 1, '2023-07-12 14:01:43.506837', '538181f9-39f2-43c8-8596-b7309a7dea58', 'Casual Leave', 8, 'A', 87, 11),
	(89, 1, '2023-07-12 14:01:43.518679', '538181f9-39f2-43c8-8596-b7309a7dea58', 'Casual Leave', 8, 'A', 86, 11),
	(90, 1, '2023-07-12 14:01:43.527684', '538181f9-39f2-43c8-8596-b7309a7dea58', 'Casual Leave', 8, 'A', 84, 11),
	(91, 1, '2023-07-12 14:01:43.534734', '538181f9-39f2-43c8-8596-b7309a7dea58', 'Casual Leave', 8, 'A', 83, 11),
	(92, 1, '2023-07-12 14:01:43.794682', '538181f9-39f2-43c8-8596-b7309a7dea58', 'Casual Leave', 8, 'A', 88, 11),
	(95, 1, '2023-07-12 14:04:53.406664', '538181f9-39f2-43c8-8596-b7309a7dea58', 'Maternity Leave', 180, 'A', 88, 12),
	(96, 1, '2023-07-12 14:04:53.411688', '538181f9-39f2-43c8-8596-b7309a7dea58', 'Maternity Leave', 180, 'A', 83, 12),
	(97, 1, '2023-07-12 14:06:19.826652', '538181f9-39f2-43c8-8596-b7309a7dea58', 'Extraordinory Leave', 5, 'A', 86, 13),
	(98, 1, '2023-07-12 14:06:19.829664', '538181f9-39f2-43c8-8596-b7309a7dea58', 'Extraordinory Leave', 5, 'A', 87, 13),
	(99, 1, '2023-07-12 14:06:19.830650', '538181f9-39f2-43c8-8596-b7309a7dea58', 'Extraordinory Leave', 5, 'A', 85, 13),
	(100, 1, '2023-07-12 14:07:47.891034', '538181f9-39f2-43c8-8596-b7309a7dea58', 'Compansatory Leave', 5, 'A', 84, 14),
	(101, 1, '2023-07-12 14:07:47.891710', '538181f9-39f2-43c8-8596-b7309a7dea58', 'Compansatory Leave', 5, 'A', 86, 14),
	(102, 1, '2023-07-12 14:07:47.892680', '538181f9-39f2-43c8-8596-b7309a7dea58', 'Compansatory Leave', 5, 'A', 83, 14),
	(103, 1, '2023-07-12 14:07:47.899700', '538181f9-39f2-43c8-8596-b7309a7dea58', 'Compansatory Leave', 5, 'A', 88, 14),
	(104, 1, '2023-07-18 12:55:14.765142', '538181f9-39f2-43c8-8596-b7309a7dea58', 'Medical Leave Policy', 5, 'A', 84, 10),
	(105, 1, '2023-07-18 12:55:14.767148', '538181f9-39f2-43c8-8596-b7309a7dea58', 'Medical Leave Policy', 5, 'A', 85, 10),
	(106, 1, '2023-07-18 12:55:14.774139', '538181f9-39f2-43c8-8596-b7309a7dea58', 'Medical Leave Policy', 5, 'A', 13, 10),
	(107, 1, '2023-07-18 12:55:14.777140', '538181f9-39f2-43c8-8596-b7309a7dea58', 'Medical Leave Policy', 5, 'A', 87, 10),
	(108, 1, '2023-07-18 12:55:14.763148', '538181f9-39f2-43c8-8596-b7309a7dea58', 'Medical Leave Policy', 5, 'A', 86, 10),
	(109, 1, '2023-07-18 12:55:14.794137', '538181f9-39f2-43c8-8596-b7309a7dea58', 'Medical Leave Policy', 5, 'A', 83, 10),
	(110, 1, '2023-07-18 12:55:15.060727', '538181f9-39f2-43c8-8596-b7309a7dea58', 'Medical Leave Policy', 5, 'A', 89, 10),
	(111, 1, '2023-07-18 12:55:15.061673', '538181f9-39f2-43c8-8596-b7309a7dea58', 'Medical Leave Policy', 5, 'A', 92, 10),
	(112, 1, '2023-07-18 12:55:15.072673', '538181f9-39f2-43c8-8596-b7309a7dea58', 'Medical Leave Policy', 5, 'A', 88, 10),
	(113, 1, '2023-07-18 12:55:15.077674', '538181f9-39f2-43c8-8596-b7309a7dea58', 'Medical Leave Policy', 5, 'A', 91, 10),
	(114, 1, '2023-07-18 12:55:15.090703', '538181f9-39f2-43c8-8596-b7309a7dea58', 'Medical Leave Policy', 5, 'A', 93, 10),
	(115, 1, '2023-07-18 12:55:15.112296', '538181f9-39f2-43c8-8596-b7309a7dea58', 'Medical Leave Policy', 5, 'A', 94, 10),
	(116, 1, '2023-07-18 12:55:15.346631', '538181f9-39f2-43c8-8596-b7309a7dea58', 'Medical Leave Policy', 5, 'A', 97, 10),
	(117, 1, '2023-07-18 12:55:15.350612', '538181f9-39f2-43c8-8596-b7309a7dea58', 'Medical Leave Policy', 5, 'A', 95, 10),
	(118, 1, '2023-07-18 12:55:15.352619', '538181f9-39f2-43c8-8596-b7309a7dea58', 'Medical Leave Policy', 5, 'A', 98, 10);
/*!40000 ALTER TABLE `custom_leave_policy` ENABLE KEYS */;

-- Dumping structure for table vghrms.databasechangelog
CREATE TABLE IF NOT EXISTS `databasechangelog` (
  `ID` varchar(255) NOT NULL,
  `AUTHOR` varchar(255) NOT NULL,
  `FILENAME` varchar(255) NOT NULL,
  `DATEEXECUTED` datetime NOT NULL,
  `ORDEREXECUTED` int(11) NOT NULL,
  `EXECTYPE` varchar(10) NOT NULL,
  `MD5SUM` varchar(35) DEFAULT NULL,
  `DESCRIPTION` varchar(255) DEFAULT NULL,
  `COMMENTS` varchar(255) DEFAULT NULL,
  `TAG` varchar(255) DEFAULT NULL,
  `LIQUIBASE` varchar(20) DEFAULT NULL,
  `CONTEXTS` varchar(255) DEFAULT NULL,
  `LABELS` varchar(255) DEFAULT NULL,
  `DEPLOYMENT_ID` varchar(10) DEFAULT NULL
) ENGINE=InnoDB DEFAULT CHARSET=latin1;

-- Dumping data for table vghrms.databasechangelog: ~2 rows (approximately)
DELETE FROM `databasechangelog`;
/*!40000 ALTER TABLE `databasechangelog` DISABLE KEYS */;
INSERT INTO `databasechangelog` (`ID`, `AUTHOR`, `FILENAME`, `DATEEXECUTED`, `ORDEREXECUTED`, `EXECTYPE`, `MD5SUM`, `DESCRIPTION`, `COMMENTS`, `TAG`, `LIQUIBASE`, `CONTEXTS`, `LABELS`, `DEPLOYMENT_ID`) VALUES
	('00000000000001', 'jhipster', 'config/liquibase/changelog/00000000000000_initial_schema.xml', '2023-07-02 14:46:17', 1, 'EXECUTED', '8:7e1a3e366f880a17ab6b89b3e3811c31', 'createTable tableName=jhi_user; createTable tableName=jhi_authority; createTable tableName=jhi_user_authority; addPrimaryKey tableName=jhi_user_authority; addForeignKeyConstraint baseTableName=jhi_user_authority, constraintName=fk_authority_name, ...', '', NULL, '4.15.0', NULL, NULL, '8289341259'),
	('00000000000002', 'jhipster', 'config/liquibase/changelog/00000000000000_initial_schema.xml', '2023-07-02 14:46:19', 2, 'EXECUTED', '8:fc8e5b393c90215202ec38612ed14f68', 'createTable tableName=jhi_date_time_wrapper', '', NULL, '4.15.0', 'test', NULL, '8289341259');
/*!40000 ALTER TABLE `databasechangelog` ENABLE KEYS */;

-- Dumping structure for table vghrms.databasechangeloglock
CREATE TABLE IF NOT EXISTS `databasechangeloglock` (
  `ID` int(11) NOT NULL,
  `LOCKED` bit(1) NOT NULL,
  `LOCKGRANTED` datetime DEFAULT NULL,
  `LOCKEDBY` varchar(255) DEFAULT NULL,
  PRIMARY KEY (`ID`)
) ENGINE=InnoDB DEFAULT CHARSET=latin1;

-- Dumping data for table vghrms.databasechangeloglock: ~0 rows (approximately)
DELETE FROM `databasechangeloglock`;
/*!40000 ALTER TABLE `databasechangeloglock` DISABLE KEYS */;
INSERT INTO `databasechangeloglock` (`ID`, `LOCKED`, `LOCKGRANTED`, `LOCKEDBY`) VALUES
	(1, b'0', NULL, NULL);
/*!40000 ALTER TABLE `databasechangeloglock` ENABLE KEYS */;

-- Dumping structure for table vghrms.deduction
CREATE TABLE IF NOT EXISTS `deduction` (
  `id` bigint(20) NOT NULL AUTO_INCREMENT,
  `company_id` bigint(20) DEFAULT NULL,
  `last_modified` datetime(6) DEFAULT NULL,
  `last_modified_by` varchar(255) DEFAULT NULL,
  `employee_id` bigint(20) DEFAULT NULL,
  `has_unit_cal` bit(1) DEFAULT NULL,
  `name` varchar(255) DEFAULT NULL,
  `status` varchar(255) DEFAULT NULL,
  `unit_amount` double DEFAULT NULL,
  PRIMARY KEY (`id`)
) ENGINE=InnoDB DEFAULT CHARSET=latin1;

-- Dumping data for table vghrms.deduction: ~0 rows (approximately)
DELETE FROM `deduction`;
/*!40000 ALTER TABLE `deduction` DISABLE KEYS */;
/*!40000 ALTER TABLE `deduction` ENABLE KEYS */;

-- Dumping structure for table vghrms.department
CREATE TABLE IF NOT EXISTS `department` (
  `id` bigint(20) NOT NULL AUTO_INCREMENT,
  `company_id` bigint(20) DEFAULT NULL,
  `last_modified` datetime(6) DEFAULT NULL,
  `last_modified_by` varchar(255) DEFAULT NULL,
  `name` varchar(255) DEFAULT NULL,
  `status` varchar(255) DEFAULT NULL,
  PRIMARY KEY (`id`)
) ENGINE=InnoDB AUTO_INCREMENT=25 DEFAULT CHARSET=latin1;

-- Dumping data for table vghrms.department: ~9 rows (approximately)
DELETE FROM `department`;
/*!40000 ALTER TABLE `department` DISABLE KEYS */;
INSERT INTO `department` (`id`, `company_id`, `last_modified`, `last_modified_by`, `name`, `status`) VALUES
	(1, 1, '2023-07-12 12:13:04.844130', '538181f9-39f2-43c8-8596-b7309a7dea58', 'Account', 'A'),
	(17, 1, '2023-07-12 12:13:52.316090', '538181f9-39f2-43c8-8596-b7309a7dea58', 'Admin', 'A'),
	(18, 1, '2023-07-12 12:14:02.706112', '538181f9-39f2-43c8-8596-b7309a7dea58', 'Sales', 'A'),
	(19, 1, '2023-07-12 12:14:38.776098', '538181f9-39f2-43c8-8596-b7309a7dea58', 'Marketing', 'A'),
	(20, 1, '2023-07-13 11:11:14.025945', '538181f9-39f2-43c8-8596-b7309a7dea58', 'IT Dept', 'A'),
	(21, 1, '2023-07-12 12:16:08.773229', '538181f9-39f2-43c8-8596-b7309a7dea58', 'HR Department', 'D'),
	(22, 1, '2023-07-17 09:32:33.462556', '538181f9-39f2-43c8-8596-b7309a7dea58', 'Finance', 'A'),
	(23, 2, '2023-05-30 06:56:12.379410', 'VG Admin', 'Computer Dept', 'A'),
	(24, 1, '2023-07-20 11:31:52.061424', '538181f9-39f2-43c8-8596-b7309a7dea58', 'Reseach Program', 'A');
/*!40000 ALTER TABLE `department` ENABLE KEYS */;

-- Dumping structure for table vghrms.designation
CREATE TABLE IF NOT EXISTS `designation` (
  `id` bigint(20) NOT NULL AUTO_INCREMENT,
  `company_id` bigint(20) DEFAULT NULL,
  `last_modified` datetime(6) DEFAULT NULL,
  `last_modified_by` varchar(255) DEFAULT NULL,
  `department_id` bigint(20) DEFAULT NULL,
  `name` varchar(255) DEFAULT NULL,
  `status` varchar(255) DEFAULT NULL,
  PRIMARY KEY (`id`)
) ENGINE=InnoDB AUTO_INCREMENT=37 DEFAULT CHARSET=latin1;

-- Dumping data for table vghrms.designation: ~15 rows (approximately)
DELETE FROM `designation`;
/*!40000 ALTER TABLE `designation` DISABLE KEYS */;
INSERT INTO `designation` (`id`, `company_id`, `last_modified`, `last_modified_by`, `department_id`, `name`, `status`) VALUES
	(5, 1, '2023-06-22 10:32:23.208352', 'anonymousUser', 1, 'Admin', 'A'),
	(23, 1, '2023-07-12 12:15:41.418106', '538181f9-39f2-43c8-8596-b7309a7dea58', 1, 'Clerk', 'A'),
	(24, 1, '2023-07-12 12:17:03.772084', '538181f9-39f2-43c8-8596-b7309a7dea58', 1, 'Assistant Manager', 'A'),
	(25, 1, '2023-07-12 12:17:48.395128', '538181f9-39f2-43c8-8596-b7309a7dea58', 17, 'Branch Manager', 'A'),
	(26, 1, '2023-07-12 12:18:05.796104', '538181f9-39f2-43c8-8596-b7309a7dea58', 18, 'Sales Officer', 'A'),
	(27, 1, '2023-07-12 12:18:22.876073', '538181f9-39f2-43c8-8596-b7309a7dea58', 19, 'Marketing Officer', 'A'),
	(28, 1, '2023-07-12 12:18:47.743102', '538181f9-39f2-43c8-8596-b7309a7dea58', 1, 'Junior Clerk', 'A'),
	(29, 1, '2023-07-12 12:19:49.701173', '538181f9-39f2-43c8-8596-b7309a7dea58', 20, 'Senior Clerk ', 'A'),
	(30, 1, '2023-07-12 12:20:03.816109', '538181f9-39f2-43c8-8596-b7309a7dea58', 17, 'Cashier', 'A'),
	(31, 1, '2023-07-12 12:20:59.577166', '538181f9-39f2-43c8-8596-b7309a7dea58', 17, 'Human Resource', 'A'),
	(32, 1, '2023-07-12 12:21:17.898116', '538181f9-39f2-43c8-8596-b7309a7dea58', 1, 'Loan Officer', 'A'),
	(33, 1, '2023-07-14 11:37:31.934142', '538181f9-39f2-43c8-8596-b7309a7dea58', 22, 'Finance Manager', 'A'),
	(34, 2, '2023-06-01 11:30:28.937304', 'VG Admin', 1, 'Branch Manager', 'A'),
	(35, 1, '2023-07-20 11:32:36.060847', '538181f9-39f2-43c8-8596-b7309a7dea58', 1, 'Peonn', 'A'),
	(36, 1, '2023-07-20 07:25:43.866379', '538181f9-39f2-43c8-8596-b7309a7dea58', 24, 'Junior Manager', 'A');
/*!40000 ALTER TABLE `designation` ENABLE KEYS */;

-- Dumping structure for table vghrms.document
CREATE TABLE IF NOT EXISTS `document` (
  `id` bigint(20) NOT NULL AUTO_INCREMENT,
  `company_id` bigint(20) DEFAULT NULL,
  `last_modified` datetime(6) DEFAULT NULL,
  `last_modified_by` varchar(255) DEFAULT NULL,
  `content_type` varchar(255) DEFAULT NULL,
  `doc_category` varchar(255) DEFAULT NULL,
  `doc_type` varchar(255) DEFAULT NULL,
  `file_name` varchar(255) DEFAULT NULL,
  `file_uuid` varchar(255) DEFAULT NULL,
  `folder_uuid` varchar(255) DEFAULT NULL,
  `ref_table` varchar(255) DEFAULT NULL,
  `ref_table_id` bigint(20) DEFAULT NULL,
  `status` varchar(255) DEFAULT NULL,
  PRIMARY KEY (`id`)
) ENGINE=InnoDB AUTO_INCREMENT=149 DEFAULT CHARSET=latin1;

-- Dumping data for table vghrms.document: ~68 rows (approximately)
DELETE FROM `document`;
/*!40000 ALTER TABLE `document` DISABLE KEYS */;
INSERT INTO `document` (`id`, `company_id`, `last_modified`, `last_modified_by`, `content_type`, `doc_category`, `doc_type`, `file_name`, `file_uuid`, `folder_uuid`, `ref_table`, `ref_table_id`, `status`) VALUES
	(81, 1, '2023-07-12 12:06:32.564084', '538181f9-39f2-43c8-8596-b7309a7dea58', 'png', 'Company', 'Company', 'Lok.jpg', '7c8871e8-e8c3-49be-a2ae-54fb0f97659e', NULL, 'Company', 1, 'A'),
	(82, 1, '2023-07-12 12:50:27.708076', '538181f9-39f2-43c8-8596-b7309a7dea58', 'jpg', 'Personal Document', 'PROFILE', '9.jpg', 'a32cb48b-a78d-4153-8824-440dc50bf114', NULL, 'Employee', 88, 'A'),
	(83, 1, '2023-07-12 12:50:49.840102', '538181f9-39f2-43c8-8596-b7309a7dea58', 'jpg', 'Personal Document', 'PROFILE', '3.jpg', '6725398d-1ce7-4c52-bb7b-9096a5c93aa0', 'd0a573d5-b9fb-4d0e-8abc-0e12e7291ee3', 'Employee', 87, 'A'),
	(84, 1, '2023-07-12 12:54:19.893090', '538181f9-39f2-43c8-8596-b7309a7dea58', 'jpg', 'Personal Document', 'PROFILE', '5.jpg', 'eba527c2-5d49-4b22-9bd9-b7132a351e94', 'dc9c4e97-4ae2-4f4a-afc9-9bc2be1c5652', 'Employee', 86, 'A'),
	(85, 1, '2023-07-12 12:58:13.091078', '538181f9-39f2-43c8-8596-b7309a7dea58', 'jpg', 'Personal Document', 'PROFILE', '6.jpg', '6c690e56-8513-4d6f-ac07-19070fac959d', NULL, 'Employee', 85, 'A'),
	(86, 1, '2023-07-12 12:58:45.236070', '538181f9-39f2-43c8-8596-b7309a7dea58', 'jpg', 'Personal Document', 'PROFILE', '11.jpg', 'b3bc3646-292d-4a90-b94b-20933602ddf4', '490de177-6850-465e-94db-915763944595', 'Employee', 83, 'A'),
	(87, 1, '2023-07-12 13:00:02.801075', '538181f9-39f2-43c8-8596-b7309a7dea58', 'jpg', 'Personal Document', 'PROFILE', '1.jpg', 'dc766e32-b5ae-4790-8f88-a7b1dd4e631d', NULL, 'Employee', 13, 'A'),
	(88, 1, '2023-07-12 13:07:22.158110', '538181f9-39f2-43c8-8596-b7309a7dea58', 'jpg', 'Personal Document', 'PROFILE', '3.jpg', '7e91cb03-2648-4a1e-ad42-62ee456ee737', NULL, 'Employee', 84, 'A'),
	(89, 1, '2023-07-13 04:13:08.011644', '538181f9-39f2-43c8-8596-b7309a7dea58', 'jpg', 'Personal Document', 'PROFILE', 'photo f1.jpg', '1990f2cd-fed4-42b8-ae9d-e4323442ca83', '62c8ebad-e61b-4e98-8f77-be81813554d9', 'Employee', 89, 'A'),
	(90, 1, '2023-07-13 05:07:35.037686', '538181f9-39f2-43c8-8596-b7309a7dea58', 'jpg', 'Education Document', 'Diploma', '7.jpg', '540d243a-7331-42cb-90fe-5331c6557334', NULL, 'Employee', 88, 'A'),
	(91, 1, '2023-07-13 05:08:36.885687', '538181f9-39f2-43c8-8596-b7309a7dea58', 'jpg', 'Education Document', 'Graduation', '5.jpg', '91498b08-bd61-478f-bf54-a9e7edf0763b', '8d392aad-699b-4f2f-97a0-b810668b7101', 'Employee', 87, 'A'),
	(92, 1, '2023-07-13 05:09:19.148720', '538181f9-39f2-43c8-8596-b7309a7dea58', 'png', 'Education Document', 'Diploma', '4.png', '6438ad43-0e3d-45c8-8bea-6bd0de9fa6d0', '6040b629-377b-486f-b53c-8ad1dc19400f', 'Employee', 86, 'A'),
	(93, 1, '2023-07-13 05:11:30.699684', '538181f9-39f2-43c8-8596-b7309a7dea58', 'jpg', 'Education Document', 'Diploma', '3.jpg', 'e8dce58d-948a-4fa1-88c8-70068f6c3726', '8313222f-7367-4d57-b18e-7c7610f19a73', 'Employee', 85, 'A'),
	(94, 1, '2023-07-13 05:13:00.166701', '538181f9-39f2-43c8-8596-b7309a7dea58', 'jpg', 'Education Document', 'Diploma', '2.jpg', '9a350c54-15e1-46a0-8b23-a16cacf83a8e', 'fd9450c4-01b1-4acb-8d94-c70cb2d29326', 'Employee', 84, 'A'),
	(95, 1, '2023-07-13 05:13:34.424675', '538181f9-39f2-43c8-8596-b7309a7dea58', 'jpg', 'Education Document', 'Diploma', '7.jpg', '0a41a270-455e-46b0-b6d2-c1a27eeaee20', '50cd5d9a-600f-4dc5-bab7-53b0b86abe7b', 'Employee', 83, 'A'),
	(96, 1, '2023-07-13 05:14:08.424655', '538181f9-39f2-43c8-8596-b7309a7dea58', 'jpg', 'Education Document', 'Graduation', '8.jpg', 'aca1aebf-28e1-48e8-9e27-90fb906225ce', NULL, 'Employee', 13, 'A'),
	(97, 1, '2023-07-13 05:24:06.616670', '538181f9-39f2-43c8-8596-b7309a7dea58', 'png', 'Experience Document', 'Work Experience', 'work experience.png', 'd74c534a-0080-481e-8cf5-01520fa021a5', NULL, 'Employee', 89, 'A'),
	(98, 1, '2023-07-13 05:38:38.008566', '538181f9-39f2-43c8-8596-b7309a7dea58', 'jpg', 'Education Document', 'Graduation', 'Graduation.jpg', 'e46874c7-9295-46af-821c-a63209757735', '589a4486-6b35-4a11-89a1-90fbab372417', 'Employee', 89, 'A'),
	(99, 1, '2023-07-13 05:52:13.441554', '538181f9-39f2-43c8-8596-b7309a7dea58', 'png', 'Experience Document', 'Work Experience', 'work experience.png', 'bbc32711-c4d1-4ecd-898a-5cc9d0a67457', '4c7b9b98-d168-42d7-9e55-44bbc73edcda', 'Employee', 87, 'A'),
	(100, 1, '2023-07-13 17:24:11.712518', '538181f9-39f2-43c8-8596-b7309a7dea58', 'jpg', 'Personal Document', 'PROFILE', 'Photom1.jpg', 'eb32455d-f5ad-4fd9-ba3e-0cda0eabf3b3', NULL, 'Employee', 91, 'A'),
	(101, 1, '2023-07-14 04:04:36.265180', '538181f9-39f2-43c8-8596-b7309a7dea58', 'png', 'Experience Document', 'Work Experience', 'work experience.png', '172f2354-0df7-4b26-a0e4-7a776bbebad1', '7fefe487-77bd-495b-87cc-658f47fc026f', 'Employee', 91, 'A'),
	(102, 1, '2023-07-18 08:57:29.889547', '538181f9-39f2-43c8-8596-b7309a7dea58', 'jpg', 'Personal Document', 'PROFILE', 'download.png', 'a6c4603f-164b-41d9-923e-a4442c3cbf88', NULL, 'Employee', 92, 'A'),
	(103, 1, '2023-07-14 10:04:38.538141', 'c9c5de82-7567-4023-afdb-7555aa120b96', 'jpg', 'Personal Document', 'PROFILE', 'Photom1.jpg', '37a2f55d-8fd1-4fd9-86b5-d1ae70089a02', 'adafd218-bb70-4941-b092-cb832f0d71d9', 'Employee', 93, 'A'),
	(104, 1, '2023-07-14 10:06:05.900179', 'c9c5de82-7567-4023-afdb-7555aa120b96', 'jpg', 'Education Document', 'Graduation', 'Graduation.jpg', '21c73810-6370-4d3d-9187-cc0490934461', NULL, 'Employee', 93, 'A'),
	(105, 1, '2023-07-14 10:06:24.171141', 'c9c5de82-7567-4023-afdb-7555aa120b96', 'jpg', 'Bank Document', 'Pan Card', 'pancard.jpg', '8de2c065-ddd2-4ecb-a88a-357c9486ef06', '314e5f28-d514-4b04-ba66-b49f53f0d277', 'Employee', 93, 'A'),
	(106, 1, '2023-07-14 10:06:46.105150', 'c9c5de82-7567-4023-afdb-7555aa120b96', 'png', 'Experience Document', 'Work Experience', 'work experience.png', '6469b8f0-141f-426a-ba29-ac1bf94a5418', NULL, 'Employee', 93, 'A'),
	(107, 1, '2023-07-14 11:02:59.653134', 'b8f33129-b9ce-43db-b11f-1e1b5c0eda8a', 'jpg', 'Training Document', 'Freshers Training', 'IMG-20230507-WA0000.jpg', 'd392c96a-28d3-4dcc-92da-f80a05cead95', '0450cdf6-c87a-4c4a-b0b9-3bcad14c017d', 'Employee', 87, 'A'),
	(108, 1, '2023-07-17 04:36:58.249298', '538181f9-39f2-43c8-8596-b7309a7dea58', 'jpg', 'Personal Document', 'PROFILE', 'Photom1.jpg', '32720131-d0a7-4c17-be84-495296a22345', '1604def2-78e4-401b-ac33-157e58edbfd6', 'Employee', 95, 'A'),
	(109, 1, '2023-07-17 07:12:57.563041', '538181f9-39f2-43c8-8596-b7309a7dea58', 'png', 'Experience Document', 'Work Experience', 'work experience.png', '146606f4-1e08-4b48-b69e-dbc093101d30', '79c32d74-1b77-44d0-9413-45a63d582d12', 'Employee', 95, 'A'),
	(110, 1, '2023-07-17 07:13:16.937963', '538181f9-39f2-43c8-8596-b7309a7dea58', 'jpg', 'Education Document', 'Graduation', 'Graduation.jpg', '6c259949-c91f-4118-a7a1-e08b6bc7a67a', '0688e8db-ac96-47ae-ba29-308a026048cf', 'Employee', 95, 'A'),
	(111, 1, '2023-07-18 11:24:06.146123', '538181f9-39f2-43c8-8596-b7309a7dea58', 'jpg', 'Personal Document', 'PROFILE', 'photo f1.jpg', '536a7a0c-f4e3-4d98-b6f9-8860a4657ec2', NULL, 'Employee', 97, 'A'),
	(112, 1, '2023-07-18 11:18:54.408982', '538181f9-39f2-43c8-8596-b7309a7dea58', 'png', 'Experience Document', 'Work Experience', 'work experience.png', '7cf2f729-b280-4b33-9fd5-7c27a798cae7', '78fe5500-db1b-46a7-b099-782fcfa588ff', 'Employee', 97, 'A'),
	(113, 1, '2023-07-18 11:19:31.219002', '538181f9-39f2-43c8-8596-b7309a7dea58', 'jpg', 'Bank Document', 'Bank Passbook', 'bank passbook.jpg', '4abe957e-c93c-4bd8-b07d-9238dd19b508', 'be14af14-3b25-4c1d-90cf-624dcb6568a3', 'Employee', 97, 'A'),
	(114, 1, '2023-07-18 12:17:56.972078', '538181f9-39f2-43c8-8596-b7309a7dea58', 'png', 'Personal Document', 'PROFILE', 'P2.png', '9b4849ba-7eea-40ac-8c79-dfcc744fdf84', NULL, 'Employee', 98, 'A'),
	(115, 1, '2023-07-19 04:20:18.174111', '538181f9-39f2-43c8-8596-b7309a7dea58', 'png', 'Experience Document', 'Work Experience', 'work experience.png', '2aa77ebb-e25f-4e33-8c4f-cafe2cee9293', NULL, 'Employee', 99, 'A'),
	(116, 1, '2023-07-19 04:20:42.500184', '538181f9-39f2-43c8-8596-b7309a7dea58', 'jpg', 'Education Document', 'Graduation', 'Graduation.jpg', 'ca98b716-7df8-4049-8058-9fde9df07aeb', '39cc419f-7cef-4e59-80f3-e226a1656e4f', 'Employee', 99, 'A'),
	(117, 1, '2023-07-21 06:58:03.166182', '538181f9-39f2-43c8-8596-b7309a7dea58', 'png', 'Personal Document', 'PROFILE', 'f8.jpg', '36381a70-f1f0-4578-9d6b-05f04d0b76e6', NULL, 'Employee', 104, 'A'),
	(118, 1, '2023-07-19 08:44:50.825783', 'c9c5de82-7567-4023-afdb-7555aa120b96', 'jpg', 'Personal Document', 'PROFILE', 'download.jpg', 'c7c019b7-0069-4fa2-aef4-a14d6eb10179', 'dc97366f-7c67-43f0-9703-3ec90295a4c6', 'Employee', 105, 'A'),
	(119, 1, '2023-07-19 08:46:05.317558', 'c9c5de82-7567-4023-afdb-7555aa120b96', 'png', 'Education Document', 'Graduation', 'work experience.png', '88b5d903-a316-48f8-a811-65f0931c3a5d', NULL, 'Employee', 105, 'A'),
	(120, 1, '2023-07-19 10:24:52.117469', 'b8f33129-b9ce-43db-b11f-1e1b5c0eda8a', 'jpg', 'Training Document', 'Advanced Training', 'IMG-20230501-WA0002.jpg', '6f651de6-67ae-4acd-ae79-677b8fcfaac5', NULL, 'Employee', 87, 'A'),
	(121, 1, '2023-07-20 07:07:25.423762', '538181f9-39f2-43c8-8596-b7309a7dea58', 'png', 'Experience Document', 'Work Experience', 'work experience.png', '6493b2f1-97b5-4df9-9e9e-a2e25763b53e', NULL, 'Employee', 109, 'A'),
	(122, 1, '2023-07-20 07:39:06.558521', 'b8f33129-b9ce-43db-b11f-1e1b5c0eda8a', 'jpg', 'Education Document', 'Doctorate', 'IMG-20230507-WA0003.jpg', 'bb8af074-b66f-43fd-91e4-84e41dc020b4', NULL, 'Employee', 87, 'A'),
	(123, 1, '2023-07-20 11:41:57.543299', '538181f9-39f2-43c8-8596-b7309a7dea58', 'png', 'Personal Document', 'Photo', 'P2.png', '7a329296-86ed-4ae4-8b9b-4c77be325b80', NULL, 'Employee', 111, 'A'),
	(124, 1, '2023-07-20 11:42:45.389243', '538181f9-39f2-43c8-8596-b7309a7dea58', 'jpg', 'Bank Document', 'Bank Passbook', '13.jpg', 'debf0299-a686-4bef-8be9-10178d3b66dd', '7fc3183e-0b9f-411a-933d-dd9a88df7c0d', 'Employee', 111, 'A'),
	(125, 1, '2023-07-21 06:53:53.095683', '538181f9-39f2-43c8-8596-b7309a7dea58', 'png', 'Personal Document', 'PROFILE', 'f4.jpg', '8359602f-27af-4c0d-8351-bae3471631a6', NULL, 'Employee', 111, 'A'),
	(126, 1, '2023-07-21 06:54:20.171508', '538181f9-39f2-43c8-8596-b7309a7dea58', 'jpg', 'Personal Document', 'PROFILE', 'm1.jpg', '64ca83ed-2ae4-4bac-85a6-f4a2e45e6e8b', NULL, 'Employee', 112, 'A'),
	(127, 1, '2023-07-21 05:18:19.223482', '538181f9-39f2-43c8-8596-b7309a7dea58', 'png', 'Experience Document', 'Work Experience', 'work experience.png', '7f3ef5f4-126d-409b-a66c-f99b250613d1', '96eb6524-8dd3-4248-b16b-c52dd6250b1a', 'Employee', 110, 'A'),
	(128, 1, '2023-07-21 05:18:35.376688', '538181f9-39f2-43c8-8596-b7309a7dea58', 'jpg', 'Education Document', 'Graduation', 'Graduation.jpg', '8409e142-3bea-490b-b0b2-f08b096a1a6e', NULL, 'Employee', 110, 'A'),
	(129, 1, '2023-07-21 05:58:20.785095', '538181f9-39f2-43c8-8596-b7309a7dea58', 'png', 'Experience Document', 'Work Experience', 'work experience.png', 'dad9e27c-2766-48ad-ad83-051484dda50f', NULL, 'Employee', 108, 'A'),
	(130, 1, '2023-07-21 05:58:38.019488', '538181f9-39f2-43c8-8596-b7309a7dea58', 'jpg', 'Education Document', 'Graduation', 'Graduation.jpg', 'a4f20f93-799d-4248-9b99-1efa96e59aa3', NULL, 'Employee', 108, 'A'),
	(131, 1, '2023-07-21 06:02:12.995565', '538181f9-39f2-43c8-8596-b7309a7dea58', 'png', 'Experience Document', 'Work Experience', 'work experience.png', '9fe94e6a-e5a9-4edf-878c-e7309baa9845', 'f23ed7e7-ae12-456c-965e-a563f78cf911', 'Employee', 107, 'A'),
	(132, 1, '2023-07-21 06:02:29.624612', '538181f9-39f2-43c8-8596-b7309a7dea58', 'jpg', 'Education Document', 'Graduation', 'Graduation.jpg', 'f6b591d4-f988-4267-a69e-646580fbc0dd', NULL, 'Employee', 107, 'A'),
	(133, 1, '2023-07-21 06:14:10.751744', '538181f9-39f2-43c8-8596-b7309a7dea58', 'png', 'Experience Document', 'Work Experience', 'work experience.png', '0366d55d-8518-435e-ad90-7a15f63f0816', 'a94f71a0-9209-44bd-964e-d5f268505649', 'Employee', 106, 'A'),
	(134, 1, '2023-07-21 06:14:23.897481', '538181f9-39f2-43c8-8596-b7309a7dea58', 'jpg', 'Education Document', 'Graduation', 'Graduation.jpg', '9bd9140b-a004-4883-befb-4dfee2a3874d', '3d9696dc-5c65-44d4-a16e-db9eceac19d8', 'Employee', 106, 'A'),
	(135, 1, '2023-07-21 06:39:02.785337', '538181f9-39f2-43c8-8596-b7309a7dea58', 'png', 'Experience Document', 'Work Experience', 'work experience.png', 'a5a7e6c8-774d-42e9-b077-1d18780a1728', '64b292d9-bbe9-4421-a310-af0dbce8e8bb', 'Employee', 103, 'A'),
	(136, 1, '2023-07-21 06:39:15.435222', '538181f9-39f2-43c8-8596-b7309a7dea58', 'jpg', 'Education Document', 'Graduation', 'Graduation.jpg', '0086e717-6d37-4807-b4b2-6f660f38f63b', '04c28377-e2e6-4987-b144-75399f501093', 'Employee', 103, 'A'),
	(137, 1, '2023-07-21 06:54:44.438521', '538181f9-39f2-43c8-8596-b7309a7dea58', 'jpg', 'Personal Document', 'PROFILE', 'f2.jpg', '8e180e7b-7691-498a-9103-5292f34c25c7', NULL, 'Employee', 110, 'A'),
	(138, 1, '2023-07-21 06:55:03.659427', '538181f9-39f2-43c8-8596-b7309a7dea58', 'jpg', 'Personal Document', 'PROFILE', 'f1.jpg', '51444bf1-194f-4846-8cdf-16a3745e71ff', NULL, 'Employee', 109, 'A'),
	(139, 1, '2023-07-21 06:55:54.763471', '538181f9-39f2-43c8-8596-b7309a7dea58', 'jpg', 'Personal Document', 'PROFILE', 'f6.jpg', 'e1a372a6-6827-425a-900c-872ee1cb1bfe', NULL, 'Employee', 108, 'A'),
	(140, 1, '2023-07-21 06:56:18.645715', '538181f9-39f2-43c8-8596-b7309a7dea58', 'jpg', 'Personal Document', 'PROFILE', 'f5.jpg', '68499a9e-ecef-4aaa-acd7-c235b69f2947', NULL, 'Employee', 107, 'A'),
	(141, 1, '2023-07-21 06:57:17.274040', '538181f9-39f2-43c8-8596-b7309a7dea58', 'jpg', 'Personal Document', 'PROFILE', 'f3.jpg', '302a80d0-b3d9-42be-80ad-cb2f5404d6dd', '61834fba-2c65-4c8e-b620-0c38c4e9c290', 'Employee', 106, 'A'),
	(142, 1, '2023-07-21 06:58:52.949937', '538181f9-39f2-43c8-8596-b7309a7dea58', 'jpg', 'Personal Document', 'PROFILE', 'f7.jpg', 'df0bfc0b-8f3b-4368-bdfc-e6328ddf61ca', '387a186f-20f3-4ff2-b0b0-ae1fd5fdee42', 'Employee', 103, 'A'),
	(143, 1, '2023-07-21 07:13:12.606626', 'c9c5de82-7567-4023-afdb-7555aa120b96', 'jpg', 'Personal Document', 'PROFILE', 'm3.jpg', '4483715e-f93d-4224-95ef-7f0b9471fb7b', '3b13abef-38d4-4c56-b488-1275efb0e2bf', 'Employee', 100, 'A'),
	(144, 1, '2023-07-21 07:13:46.331598', 'c9c5de82-7567-4023-afdb-7555aa120b96', 'jpg', 'Personal Document', 'PROFILE', 'm1.jpg', 'ce39bcfd-9180-405e-843c-08a7dd115f45', '6be8f5c8-ea94-47ad-b1f8-39ede3ff1dee', 'Employee', 99, 'A'),
	(145, 1, '2023-07-21 07:15:50.545655', 'c9c5de82-7567-4023-afdb-7555aa120b96', 'jpg', 'Experience Document', 'Work Experience', 'm2.jpg', '4883c939-7015-42c3-ad0b-1fb003f21c1e', '2ce4fde6-2fb7-4b06-aa58-e610eac74556', 'Employee', 100, 'A'),
	(146, 1, '2023-07-25 04:29:24.372717', '538181f9-39f2-43c8-8596-b7309a7dea58', 'png', 'Experience Document', 'Work Experience', 'work experience.png', '6242fbcb-f892-49a6-955b-f960290a513c', 'fccbdd78-4fa3-4b36-922c-996964a9a64d', 'Employee', 113, 'A'),
	(147, 1, '2023-07-25 04:29:56.825555', '538181f9-39f2-43c8-8596-b7309a7dea58', 'jpg', 'Education Document', 'Graduation', 'Graduation.jpg', '6769fa3a-19c9-4af7-93c2-ebf2348f1b46', 'cab8a436-f28c-4439-b900-4d34d8e52fae', 'Employee', 113, 'A'),
	(148, 1, '2023-07-25 05:48:39.184116', '538181f9-39f2-43c8-8596-b7309a7dea58', 'jpg', 'Personal Document', 'PROFILE', 'photo f1.jpg', '123c435f-12dc-4c33-b58d-e6fa196e7f29', '10e1dc88-a863-46b0-abd3-d51836932118', 'Employee', 113, 'A');
/*!40000 ALTER TABLE `document` ENABLE KEYS */;

-- Dumping structure for table vghrms.education
CREATE TABLE IF NOT EXISTS `education` (
  `id` bigint(20) NOT NULL AUTO_INCREMENT,
  `company_id` bigint(20) DEFAULT NULL,
  `last_modified` datetime(6) DEFAULT NULL,
  `last_modified_by` varchar(255) DEFAULT NULL,
  `description` varchar(255) DEFAULT NULL,
  `education_type` varchar(255) DEFAULT NULL,
  `employee_id` bigint(20) DEFAULT NULL,
  `end_date` datetime(6) DEFAULT NULL,
  `grade` varchar(255) DEFAULT NULL,
  `institution` varchar(255) DEFAULT NULL,
  `start_year` datetime(6) DEFAULT NULL,
  `status` varchar(255) DEFAULT NULL,
  `subject` varchar(255) DEFAULT NULL,
  PRIMARY KEY (`id`)
) ENGINE=InnoDB AUTO_INCREMENT=74 DEFAULT CHARSET=latin1;

-- Dumping data for table vghrms.education: ~38 rows (approximately)
DELETE FROM `education`;
/*!40000 ALTER TABLE `education` DISABLE KEYS */;
INSERT INTO `education` (`id`, `company_id`, `last_modified`, `last_modified_by`, `description`, `education_type`, `employee_id`, `end_date`, `grade`, `institution`, `start_year`, `status`, `subject`) VALUES
	(15, 1, '2023-07-13 05:01:02.153673', '538181f9-39f2-43c8-8596-b7309a7dea58', 'Diploma CS', 'Diploma', 13, '2022-01-03 00:00:00.000000', 'A+', 'Pune Univrsity ', '2020-01-01 00:00:00.000000', 'A', 'Computer Sci'),
	(37, 1, '2023-07-12 12:51:19.178101', '538181f9-39f2-43c8-8596-b7309a7dea58', 'Specialization in sales', 'MbA', 85, '2020-01-01 11:04:49.000000', 'A+', 'Singhgad college Pune', '2016-12-31 18:30:00.000000', 'A', 'Corporate Finance'),
	(38, 1, '2023-07-13 07:06:39.798796', '538181f9-39f2-43c8-8596-b7309a7dea58', 'Specialization in sales', 'MbA', 83, '2019-01-01 00:00:00.000000', 'A+', 'Siddhant College, Pune', '2016-01-01 00:00:00.000000', 'A', 'Sales'),
	(39, 1, '2023-07-13 06:02:31.367539', '538181f9-39f2-43c8-8596-b7309a7dea58', 'Graduation', 'Bcom', 86, '2021-09-15 00:00:00.000000', 'A+', 'Zeal Education Pune', '2018-01-01 00:00:00.000000', 'A', 'Machine Learning'),
	(40, 1, '2023-07-13 05:10:58.635762', '538181f9-39f2-43c8-8596-b7309a7dea58', '', 'External', 88, '2022-05-18 00:00:00.000000', 'B', 'Finolex Academy', '2018-05-08 00:00:00.000000', 'A', 'Artificial Intelligance'),
	(41, 1, '2023-07-12 14:11:45.862734', '538181f9-39f2-43c8-8596-b7309a7dea58', 'Graduation', 'Bcom', 84, '2023-07-05 13:51:05.000000', 'B-', 'Bharti Vidyapith Pune', '2017-05-09 13:51:05.000000', 'A', 'Accounting'),
	(42, 1, '2023-07-13 06:28:14.212734', '538181f9-39f2-43c8-8596-b7309a7dea58', 'Graduation', 'Bcom', 89, '2022-01-10 00:00:00.000000', 'A+', 'Pune University', '2019-01-07 00:00:00.000000', 'A', 'Economics'),
	(43, 1, '2023-07-20 12:38:37.600212', 'c9c5de82-7567-4023-afdb-7555aa120b96', 'Diploma In Computer Network', 'Diploma', 13, '2020-01-01 00:00:00.000000', 'A+', 'Pune University', '2018-01-01 00:00:00.000000', 'A', 'Computer Network'),
	(44, 1, '2023-07-20 11:58:17.607624', 'b8f33129-b9ce-43db-b11f-1e1b5c0eda8a', 'Specilization', 'MBA', 87, '2020-05-18 00:00:00.000000', 'B', 'Modern College Pune', '2017-09-20 00:00:00.000000', 'A', 'Marketing'),
	(45, 1, '2023-07-13 05:10:58.626665', '538181f9-39f2-43c8-8596-b7309a7dea58', NULL, 'External', 88, '2023-07-11 04:59:57.000000', 'B', 'Institude Management Studies', '2020-05-12 04:59:57.000000', 'A', 'Human Resource'),
	(46, 1, '2023-07-20 11:58:18.108062', 'b8f33129-b9ce-43db-b11f-1e1b5c0eda8a', NULL, 'MCA', 87, '2023-05-07 18:30:00.000000', 'A', 'Polytechnic College', '2022-05-16 18:30:00.000000', 'A', 'Mathematics'),
	(47, 1, '2023-07-13 06:02:31.355576', '538181f9-39f2-43c8-8596-b7309a7dea58', NULL, 'External', 86, '2023-07-12 04:59:57.000000', 'B', 'Sighngad  College', '2022-02-07 18:30:00.000000', 'A', 'Marketing'),
	(48, 1, '2023-07-13 06:28:14.205734', '538181f9-39f2-43c8-8596-b7309a7dea58', 'Master Of Economics', 'Economics', 89, '2023-05-10 05:28:59.000000', 'A+', 'D Y Patil', '2022-02-09 05:28:59.000000', 'A', 'Master Of Economics'),
	(49, 1, '2023-07-13 07:06:39.795800', '538181f9-39f2-43c8-8596-b7309a7dea58', 'Specialization In Computer', 'Internal', 83, '2020-02-04 04:59:57.000000', 'A', 'D Y Patil College', '2019-02-04 18:30:00.000000', 'A', 'Computer'),
	(50, 1, '2023-07-13 12:33:03.426969', '538181f9-39f2-43c8-8596-b7309a7dea58', '', 'External', 90, '2020-05-05 18:30:00.000000', 'B', 'Parikrama College', '2018-05-08 12:16:54.000000', 'A', 'Data Analysis'),
	(51, 1, '2023-07-13 12:33:03.428958', '538181f9-39f2-43c8-8596-b7309a7dea58', NULL, 'Bachalor', 90, '2023-07-13 12:16:54.000000', 'B', 'Polytechnical College', '2021-08-23 18:30:00.000000', 'A', 'C Language'),
	(52, 1, '2023-07-13 17:22:56.960246', '538181f9-39f2-43c8-8596-b7309a7dea58', 'Science', 'Science', 91, '2016-04-03 18:30:00.000000', 'A+', 'Dyp ', '2012-02-09 18:30:00.000000', 'A', 'Computer'),
	(53, 1, '2023-07-14 10:21:59.885152', 'c9c5de82-7567-4023-afdb-7555aa120b96', 'Finance', 'Finance', 93, '2014-05-06 00:00:00.000000', 'A+', 'DyP', '2010-02-10 00:00:00.000000', 'A', 'Mba In Finance'),
	(54, 1, '2023-07-14 10:21:59.873159', 'c9c5de82-7567-4023-afdb-7555aa120b96', 'Marketing', 'Marketing', 93, '2018-08-20 18:30:00.000000', 'A+', 'Indira', '2016-08-23 09:49:40.000000', 'A', 'Marketing'),
	(55, 1, '2023-07-17 08:47:15.594540', '538181f9-39f2-43c8-8596-b7309a7dea58', 'Good', 'Sicence', 95, '2019-06-07 00:00:00.000000', 'A+', 'Indira', '2015-05-11 00:00:00.000000', 'A', 'Science'),
	(56, 1, '2023-07-17 08:47:15.566549', '538181f9-39f2-43c8-8596-b7309a7dea58', 'Good', 'Master In Economics', 95, '2022-05-10 07:05:40.000000', 'A+', 'JspM', '2019-06-06 07:05:40.000000', 'A', 'Science'),
	(57, 1, '2023-07-18 11:10:22.887114', '538181f9-39f2-43c8-8596-b7309a7dea58', 'Good', 'Science', 97, '2018-06-20 18:30:00.000000', 'A+', 'Dyp', '2011-08-22 18:30:00.000000', 'A', 'Science'),
	(58, 1, '2023-07-19 08:29:15.102251', '538181f9-39f2-43c8-8596-b7309a7dea58', 'Mca', 'Internal', 104, '2023-07-19 00:00:00.000000', 'B+', 'D Y Patil,college', '2020-05-06 00:00:00.000000', 'A', 'Computer'),
	(59, 1, '2023-07-20 09:04:06.333264', '538181f9-39f2-43c8-8596-b7309a7dea58', 'Diploma In ML', 'Diploma', 109, '2018-05-01 00:00:00.000000', 'C+', 'Pune University', '2017-02-01 00:00:00.000000', 'A', 'Machine Learning'),
	(60, 1, '2023-07-20 09:04:06.330288', '538181f9-39f2-43c8-8596-b7309a7dea58', 'Degree In Efwef', 'Degree', 109, '2020-04-03 18:30:00.000000', 'B+', 'Dewdf', '2017-04-19 18:30:00.000000', 'A', 'Fefwef'),
	(61, 1, '2023-07-20 11:36:47.371453', '538181f9-39f2-43c8-8596-b7309a7dea58', 'Diploma In AI', 'Diploma', 111, '2018-01-01 10:59:05.000000', 'C+', 'Pune University', '2015-12-31 18:30:00.000000', 'A', 'Artificial Intelligence'),
	(62, 1, '2023-07-21 05:05:56.107724', '538181f9-39f2-43c8-8596-b7309a7dea58', 'External', 'Diploma', 112, '2022-04-09 18:30:00.000000', 'B+', 'Kohinoor', '2020-04-11 18:30:00.000000', 'A', 'Computer'),
	(63, 1, '2023-07-21 05:38:15.460298', '538181f9-39f2-43c8-8596-b7309a7dea58', 'Computer Science', 'Computer Science', 110, '2014-05-14 00:00:00.000000', 'A+', 'Indira', '2011-05-18 00:00:00.000000', 'A', 'Sicience'),
	(64, 1, '2023-07-21 05:38:15.448282', '538181f9-39f2-43c8-8596-b7309a7dea58', '', 'Master In Mba', 110, '2018-08-21 05:00:45.000000', 'A+', 'Dyp ', '2015-09-09 18:30:00.000000', 'A', 'Mba'),
	(65, 1, '2023-07-21 06:02:50.225575', '538181f9-39f2-43c8-8596-b7309a7dea58', 'Internal', 'Science', 108, '2022-05-11 05:49:12.000000', 'B+', 'Parikrama', '2020-04-05 05:49:12.000000', 'A', 'Polytechnical'),
	(66, 1, '2023-07-21 06:06:33.422918', '538181f9-39f2-43c8-8596-b7309a7dea58', 'Internal', 'Plain McA', 107, '2022-05-17 05:49:12.000000', 'B+', 'Pune University', '2020-04-04 18:30:00.000000', 'A', 'Mathamatic'),
	(67, 1, '2023-07-21 06:07:17.323105', '538181f9-39f2-43c8-8596-b7309a7dea58', 'Account Information', 'M.com', 107, '2014-09-17 18:30:00.000000', 'A+', 'Jspm', '2011-04-13 18:30:00.000000', 'A', 'Account'),
	(68, 1, '2023-07-21 06:18:41.578724', '538181f9-39f2-43c8-8596-b7309a7dea58', 'Economics', 'Mba', 106, '2019-05-08 05:52:30.000000', 'A+', 'Vidya Prathishtan', '2016-05-18 05:52:30.000000', 'A', 'Economics'),
	(69, 1, '2023-07-21 06:37:51.103615', '538181f9-39f2-43c8-8596-b7309a7dea58', 'Economics Infromation', 'M.com', 105, '2020-08-11 06:31:18.000000', 'A', 'Bharti Vidyapith', '2018-08-21 06:31:18.000000', 'A', 'Econimics'),
	(70, 1, '2023-07-21 06:46:30.102024', '538181f9-39f2-43c8-8596-b7309a7dea58', 'Economics ', 'M.com', 103, '2019-08-20 06:31:18.000000', 'A+', 'Gokhale', '2016-06-14 06:31:18.000000', 'A', 'Economics'),
	(71, 1, '2023-07-21 07:23:40.063362', 'c9c5de82-7567-4023-afdb-7555aa120b96', 'Science', 'Computer Science', 100, '2019-08-14 07:10:46.000000', 'A+', 'Dyp', '2016-05-11 07:10:46.000000', 'A', 'Sicence'),
	(72, 1, '2023-07-21 07:30:10.597802', 'c9c5de82-7567-4023-afdb-7555aa120b96', 'Economics', 'B.com', 99, '2019-08-15 07:10:46.000000', 'A+', 'Dyp', '2016-05-18 07:10:46.000000', 'A', 'Econimics'),
	(73, 1, '2023-07-25 05:45:18.539772', '538181f9-39f2-43c8-8596-b7309a7dea58', 'a', 'Bcom', 113, '2023-07-14 03:46:25.000000', 'A+', 'Dyp', '2018-06-14 03:46:25.000000', 'A', 'Economics');
/*!40000 ALTER TABLE `education` ENABLE KEYS */;

-- Dumping structure for table vghrms.employee
CREATE TABLE IF NOT EXISTS `employee` (
  `id` bigint(20) NOT NULL AUTO_INCREMENT,
  `company_id` bigint(20) DEFAULT NULL,
  `last_modified` datetime(6) DEFAULT NULL,
  `last_modified_by` varchar(255) DEFAULT NULL,
  `email_id` varchar(255) DEFAULT NULL,
  `emp_unique_id` varchar(255) NOT NULL,
  `employment_date` datetime(6) DEFAULT NULL,
  `employment_type_id` bigint(20) DEFAULT NULL,
  `first_name` varchar(255) DEFAULT NULL,
  `gender` varchar(255) DEFAULT NULL,
  `joindate` datetime(6) DEFAULT NULL,
  `last_name` varchar(255) DEFAULT NULL,
  `middle_name` varchar(255) DEFAULT NULL,
  `reporting_emp_id` bigint(20) DEFAULT NULL,
  `status` varchar(255) DEFAULT NULL,
  `branch_id` bigint(20) DEFAULT NULL,
  `department_id` bigint(20) DEFAULT NULL,
  `designation_id` bigint(20) DEFAULT NULL,
  `region_id` bigint(20) DEFAULT NULL,
  `retirement_date` datetime(6) DEFAULT NULL,
  PRIMARY KEY (`id`),
  UNIQUE KEY `emp_unique_id` (`emp_unique_id`),
  KEY `FKcvhlsx8tao1rxt7mpxrot61jt` (`branch_id`),
  KEY `FKbejtwvg9bxus2mffsm3swj3u9` (`department_id`),
  KEY `FK5vd2yco7en4nguyi0jgudgjey` (`designation_id`),
  KEY `FKlxuehqo6kxw6j2ft47kk55h66` (`region_id`),
  CONSTRAINT `FK5vd2yco7en4nguyi0jgudgjey` FOREIGN KEY (`designation_id`) REFERENCES `designation` (`id`),
  CONSTRAINT `FKbejtwvg9bxus2mffsm3swj3u9` FOREIGN KEY (`department_id`) REFERENCES `department` (`id`),
  CONSTRAINT `FKcvhlsx8tao1rxt7mpxrot61jt` FOREIGN KEY (`branch_id`) REFERENCES `branch` (`id`),
  CONSTRAINT `FKlxuehqo6kxw6j2ft47kk55h66` FOREIGN KEY (`region_id`) REFERENCES `region` (`id`)
) ENGINE=InnoDB AUTO_INCREMENT=114 DEFAULT CHARSET=latin1;

-- Dumping data for table vghrms.employee: ~30 rows (approximately)
DELETE FROM `employee`;
/*!40000 ALTER TABLE `employee` DISABLE KEYS */;
INSERT INTO `employee` (`id`, `company_id`, `last_modified`, `last_modified_by`, `email_id`, `emp_unique_id`, `employment_date`, `employment_type_id`, `first_name`, `gender`, `joindate`, `last_name`, `middle_name`, `reporting_emp_id`, `status`, `branch_id`, `department_id`, `designation_id`, `region_id`, `retirement_date`) VALUES
	(13, 1, '2023-07-20 12:00:23.888253', '538181f9-39f2-43c8-8596-b7309a7dea58', 'someshj@techvishwaguru.com', 'EMP-0003', NULL, 1, 'Somesh', 'Male', '2023-01-01 00:00:00.000000', 'Gaikwad', 'Digvijay', 13, 'A', 1, 1, 5, 1, NULL),
	(83, 1, '2023-07-12 14:20:11.081714', '538181f9-39f2-43c8-8596-b7309a7dea58', 'sunman@lokmanya.com', 'LOK0010', NULL, 1, 'Suman', 'Female', '2021-09-06 00:00:00.000000', 'Patil', 'Rajesh', 13, 'A', 1, 17, 31, 1, NULL),
	(84, 1, '2023-07-17 12:31:17.395549', '538181f9-39f2-43c8-8596-b7309a7dea58', 'ganesh@lokmanya.com', 'LOK0001', NULL, 2, 'Ganesh', 'Male', '2020-05-09 00:00:00.000000', 'Narayan', 'Shankar', 83, 'A', 1, 1, 23, 1, NULL),
	(85, 1, '2023-07-20 05:08:56.625223', '538181f9-39f2-43c8-8596-b7309a7dea58', 'akash@lokmanya.com', 'LOK0004', NULL, 1, 'Akash', 'Male', '2021-06-02 00:00:00.000000', 'Karavale', 'Rohit', 83, 'A', 1, 18, 26, 1, NULL),
	(86, 1, '2023-07-12 12:54:18.730092', '538181f9-39f2-43c8-8596-b7309a7dea58', 'Swapnil@lokmanya.com', 'LOK0002', NULL, 1, 'Swapnil', 'Male', '2021-03-04 00:00:00.000000', 'Suryavanshi', 'Rajesh', 83, 'A', 1, 1, 24, 1, NULL),
	(87, 1, '2023-07-12 12:56:47.202079', '538181f9-39f2-43c8-8596-b7309a7dea58', 'rahul@lokmanya.com', 'LOK0005', NULL, 2, 'Rahul', 'Male', '2021-05-05 00:00:00.000000', 'Patil', 'Mahindra', 83, 'A', 1, 19, 27, 1, NULL),
	(88, 1, '2023-07-14 09:56:34.441145', '538181f9-39f2-43c8-8596-b7309a7dea58', 'mrudula@lokmanya.com', 'LOK0007', NULL, 4, 'Mrudula', 'Female', '2022-01-10 00:00:00.000000', 'Chingale', 'Nilesh', 83, 'A', 1, 1, 28, 1, NULL),
	(89, 1, '2023-07-19 18:29:59.316607', NULL, 'namrata@lokmanya.com', 'LOK0009', '2022-08-08 00:00:00.000000', 4, 'Namrata', 'Female', '2022-08-08 00:00:00.000000', 'Gunjal', 'Akshay', 83, 'A', 1, 18, 33, 1, NULL),
	(90, 1, '2023-07-19 10:42:13.074728', '538181f9-39f2-43c8-8596-b7309a7dea58', 'rajveer@gmail.com', 'LOK011', NULL, 4, 'Rajveer', 'Male', '2023-07-12 00:00:00.000000', 'Nawale', 'Vishal', 83, 'I', 1, 18, 30, 1, NULL),
	(91, 1, '2023-07-21 07:09:58.336265', '538181f9-39f2-43c8-8596-b7309a7dea58', 'kairav@lokmanaya.com', 'LOK00011', NULL, 1, 'Kairav', 'Male', '2021-06-10 00:00:00.000000', 'Sharma', 'Virat', 83, 'A', 12, 1, 26, 1, NULL),
	(92, 1, '2023-07-21 05:03:14.554528', '538181f9-39f2-43c8-8596-b7309a7dea58', 'naira@lokmanya.com', 'LOK00012', NULL, 2, 'Naira', 'Female', '2021-05-11 00:00:00.000000', 'More', 'Kartik', 83, 'I', 17, 1, 24, 1, NULL),
	(93, 1, '2023-07-14 10:04:37.156143', 'c9c5de82-7567-4023-afdb-7555aa120b96', 'kartik@lokmanya.com', 'LOK00014', NULL, 1, 'Kartik', 'Male', '2022-08-23 00:00:00.000000', 'Pawer', 'Bajirao', 83, 'A', 1, 19, 27, 1, NULL),
	(94, 1, '2023-07-21 05:01:18.348301', '538181f9-39f2-43c8-8596-b7309a7dea58', 'rutuja@lokmanya.com', 'LOK0015', NULL, 4, 'Rutuja', 'Female', '2023-07-12 00:00:00.000000', 'Pawar', 'Dilip', 83, 'I', 1, 18, 26, 1, NULL),
	(95, 1, '2023-07-19 12:06:37.906056', '538181f9-39f2-43c8-8596-b7309a7dea58', 'athrav@lokmanya.com', 'LOK00016', NULL, 4, 'Atharv', 'Male', '2022-08-02 00:00:00.000000', 'More', 'Sagar', 83, 'I', 1, 1, 33, 1, NULL),
	(96, 1, '2023-07-19 05:50:36.784426', 'c9c5de82-7567-4023-afdb-7555aa120b96', 'nikhil@lokmanya.com', 'LOK00018', NULL, 3, 'Nikhil', 'Male', '2022-06-09 00:00:00.000000', 'Bora', 'Nilesh', 83, 'A', 18, 19, 27, 27, NULL),
	(97, 1, '2023-07-19 05:49:26.239773', 'c9c5de82-7567-4023-afdb-7555aa120b96', 'sushma@lokmanaya.com', 'LOK0022', NULL, 4, 'Sushma', 'Female', '2022-08-23 00:00:00.000000', 'Bora', 'Ram', 83, 'A', 12, 1, 24, 1, NULL),
	(98, 1, '2023-07-19 05:50:57.205664', '538181f9-39f2-43c8-8596-b7309a7dea58', 'kavita@lokmanya.com', 'LOK0017', NULL, 2, 'Kavita', 'Female', '2023-07-01 00:00:00.000000', 'Rane', 'Rahul', 83, 'A', 17, 22, 33, 1, NULL),
	(99, 1, '2023-07-21 07:13:44.967504', 'c9c5de82-7567-4023-afdb-7555aa120b96', 'nihan@lokmanya.com', 'LOK0025', NULL, 1, 'Nihan', 'Male', '2022-08-11 00:00:00.000000', 'Patil', 'Anil', 83, 'A', 1, 22, 32, 1, NULL),
	(100, 1, '2023-07-21 07:19:40.865418', 'c9c5de82-7567-4023-afdb-7555aa120b96', 'sunay@lokmanya.com', 'LOK0023', '2022-08-22 00:00:00.000000', 1, 'Sunay', 'Male', '2022-08-22 00:00:00.000000', 'Hora', 'Dinesh', 83, 'A', 1, 1, 32, 1, '2049-06-10 18:30:00.000000'),
	(103, 1, '2023-07-21 06:58:51.699415', '538181f9-39f2-43c8-8596-b7309a7dea58', 'rakshas@techvishwaguru.com', 'EMP0001', NULL, 1, 'Sai', 'Female', '2023-03-10 00:00:00.000000', 'Sonar', 'rajesh', 2, 'A', 21, 19, 27, 22, NULL),
	(104, 1, '2023-07-21 06:58:01.931128', '538181f9-39f2-43c8-8596-b7309a7dea58', 'rama@lokmanya.com', 'LOK00023', NULL, 1, 'Rama', 'Female', '2023-07-11 00:00:00.000000', 'Rahane', 'Rajan', 83, 'A', 12, 22, 33, 1, NULL),
	(105, 1, '2023-07-21 06:22:19.365804', '538181f9-39f2-43c8-8596-b7309a7dea58', 'pragti@lokmanya.com', 'LOK0026', '2022-08-23 00:00:00.000000', 4, 'Pragati', 'Female', '2022-08-23 00:00:00.000000', 'Shinde', 'Anil', 83, 'A', 1, 22, 28, 1, '2056-08-19 18:30:00.000000'),
	(106, 1, '2023-07-21 06:57:15.997915', '538181f9-39f2-43c8-8596-b7309a7dea58', 'tara@lokmanya.com', 'LOK0027', NULL, 4, 'Tara', 'Female', '2022-08-19 00:00:00.000000', 'Bhosale', 'Rajan', 83, 'A', 12, 1, 32, 1, NULL),
	(107, 1, '2023-07-21 06:56:17.380501', '538181f9-39f2-43c8-8596-b7309a7dea58', 'aranvi@lokmanya.com', 'LOK0028', NULL, 4, 'Aranvi', 'Female', '2021-05-04 00:00:00.000000', 'Shitole', 'Sunil', 83, 'A', 1, 1, 32, 1, NULL),
	(108, 1, '2023-07-21 06:55:53.540826', '538181f9-39f2-43c8-8596-b7309a7dea58', 'shivdnya@lokmanya.com', 'LOK0029', NULL, 1, 'Shivadnya', 'Female', '2020-08-19 00:00:00.000000', 'Rahane', 'Vikas', 83, 'A', 1, 22, 30, 1, NULL),
	(109, 1, '2023-07-21 06:55:02.270908', '538181f9-39f2-43c8-8596-b7309a7dea58', 'surbhi@lokmanya.com', 'LOK0031', NULL, 1, 'Surbhi', 'Female', '2022-08-11 00:00:00.000000', 'Bhosale', 'Amit', 83, 'A', 1, 1, 28, 1, NULL),
	(110, 1, '2023-07-21 06:54:43.279945', '538181f9-39f2-43c8-8596-b7309a7dea58', 'Sushma@lokamanya.com', 'LOK0030', NULL, 1, 'Sushma', 'Female', '2021-08-24 00:00:00.000000', 'Bhosale', 'Kartik', 83, 'A', 1, 1, 28, 1, NULL),
	(111, 1, '2023-07-21 06:53:51.544806', '538181f9-39f2-43c8-8596-b7309a7dea58', 'priya@lokmanya.com', 'LOK0018', NULL, 4, 'Priya', 'Female', '2023-07-01 00:00:00.000000', 'Jadhav', 'Bharat', 83, 'A', 16, 20, 29, 1, NULL),
	(112, 1, '2023-07-24 06:56:36.759143', 'c9c5de82-7567-4023-afdb-7555aa120b96', 'pratyush@lokmanya.com', 'LOK0012', NULL, 1, 'Pratyush', 'Male', '2023-07-10 00:00:00.000000', 'Khandagale', 'Sharad', 83, 'A', 12, 1, 28, 1, NULL),
	(113, 1, '2023-07-25 05:48:37.930041', '538181f9-39f2-43c8-8596-b7309a7dea58', 'sonam@lokmanya.com', 'LOK0034', NULL, 4, 'Sonam', 'Female', '2022-08-11 00:00:00.000000', 'Dhere', 'Rahul', 83, 'A', 1, 1, 32, 1, NULL);
/*!40000 ALTER TABLE `employee` ENABLE KEYS */;

-- Dumping structure for table vghrms.employee_exemption
CREATE TABLE IF NOT EXISTS `employee_exemption` (
  `id` bigint(20) NOT NULL AUTO_INCREMENT,
  `company_id` bigint(20) DEFAULT NULL,
  `last_modified` datetime(6) DEFAULT NULL,
  `last_modified_by` varchar(255) DEFAULT NULL,
  `amount` double DEFAULT NULL,
  `employee_id` bigint(20) DEFAULT NULL,
  `exemption_status` varchar(255) DEFAULT NULL,
  `status` varchar(255) DEFAULT NULL,
  `tax_exemp_section_id` bigint(20) DEFAULT NULL,
  PRIMARY KEY (`id`)
) ENGINE=InnoDB AUTO_INCREMENT=17 DEFAULT CHARSET=latin1;

-- Dumping data for table vghrms.employee_exemption: ~7 rows (approximately)
DELETE FROM `employee_exemption`;
/*!40000 ALTER TABLE `employee_exemption` DISABLE KEYS */;
INSERT INTO `employee_exemption` (`id`, `company_id`, `last_modified`, `last_modified_by`, `amount`, `employee_id`, `exemption_status`, `status`, `tax_exemp_section_id`) VALUES
	(10, 1, '2023-07-13 04:49:55.454647', '538181f9-39f2-43c8-8596-b7309a7dea58', 150000, 88, 'Created', 'A', 13),
	(11, 1, '2023-07-13 04:56:41.187684', '538181f9-39f2-43c8-8596-b7309a7dea58', 150000, 13, 'Created', 'A', 13),
	(12, 1, '2023-07-13 04:57:55.048700', '538181f9-39f2-43c8-8596-b7309a7dea58', 150000, 86, 'Created', 'A', 13),
	(13, 1, '2023-07-13 05:02:02.189701', '538181f9-39f2-43c8-8596-b7309a7dea58', 150000, 83, 'Created', 'A', 13),
	(14, 1, '2023-07-13 05:04:38.451662', '538181f9-39f2-43c8-8596-b7309a7dea58', 150000, 84, 'Created', 'A', 14),
	(15, 1, '2023-07-25 08:52:02.614642', '538181f9-39f2-43c8-8596-b7309a7dea58', 150000, 108, 'Approved', 'A', 14),
	(16, 1, '2023-07-25 08:52:54.288712', '538181f9-39f2-43c8-8596-b7309a7dea58', 150000, 113, 'Approved', 'A', 14);
/*!40000 ALTER TABLE `employee_exemption` ENABLE KEYS */;

-- Dumping structure for table vghrms.employee_goals_review
CREATE TABLE IF NOT EXISTS `employee_goals_review` (
  `id` bigint(20) NOT NULL AUTO_INCREMENT,
  `company_id` bigint(20) DEFAULT NULL,
  `last_modified` datetime(6) DEFAULT NULL,
  `last_modified_by` varchar(255) DEFAULT NULL,
  `appraisal_review_id` bigint(20) DEFAULT NULL,
  `employee_id` bigint(20) DEFAULT NULL,
  `goal_category` varchar(255) DEFAULT NULL,
  `goal_description` varchar(255) DEFAULT NULL,
  `goal_set_by` varchar(255) DEFAULT NULL,
  `goaltype` varchar(255) DEFAULT NULL,
  `status` varchar(255) DEFAULT NULL,
  PRIMARY KEY (`id`)
) ENGINE=InnoDB DEFAULT CHARSET=latin1;

-- Dumping data for table vghrms.employee_goals_review: ~0 rows (approximately)
DELETE FROM `employee_goals_review`;
/*!40000 ALTER TABLE `employee_goals_review` DISABLE KEYS */;
/*!40000 ALTER TABLE `employee_goals_review` ENABLE KEYS */;

-- Dumping structure for table vghrms.employee_leave_account
CREATE TABLE IF NOT EXISTS `employee_leave_account` (
  `id` bigint(20) NOT NULL AUTO_INCREMENT,
  `company_id` bigint(20) DEFAULT NULL,
  `last_modified` datetime(6) DEFAULT NULL,
  `last_modified_by` varchar(255) DEFAULT NULL,
  `balance` bigint(20) DEFAULT NULL,
  `carried_leaves` bigint(20) DEFAULT NULL,
  `credited_leaves` bigint(20) DEFAULT NULL,
  `date` datetime(6) DEFAULT NULL,
  `status` varchar(255) DEFAULT NULL,
  `employee_id` bigint(20) DEFAULT NULL,
  `leave_type_id` bigint(20) DEFAULT NULL,
  PRIMARY KEY (`id`),
  KEY `FKte6ryftys5xtfuitplbm3hshy` (`employee_id`),
  KEY `FK2a9d42o7rgpjyp0u13wwjpm1x` (`leave_type_id`),
  CONSTRAINT `FK2a9d42o7rgpjyp0u13wwjpm1x` FOREIGN KEY (`leave_type_id`) REFERENCES `leave_type` (`id`),
  CONSTRAINT `FKte6ryftys5xtfuitplbm3hshy` FOREIGN KEY (`employee_id`) REFERENCES `employee` (`id`)
) ENGINE=InnoDB AUTO_INCREMENT=184 DEFAULT CHARSET=latin1;

-- Dumping data for table vghrms.employee_leave_account: ~36 rows (approximately)
DELETE FROM `employee_leave_account`;
/*!40000 ALTER TABLE `employee_leave_account` DISABLE KEYS */;
INSERT INTO `employee_leave_account` (`id`, `company_id`, `last_modified`, `last_modified_by`, `balance`, `carried_leaves`, `credited_leaves`, `date`, `status`, `employee_id`, `leave_type_id`) VALUES
	(148, 1, '2023-07-14 06:15:07.212779', '538181f9-39f2-43c8-8596-b7309a7dea58', 18, NULL, 18, '2023-07-12 13:54:24.821708', 'I', 88, 22),
	(149, 1, '2023-07-17 12:30:06.304541', '538181f9-39f2-43c8-8596-b7309a7dea58', 18, NULL, 18, '2023-07-12 13:54:24.840685', 'I', 84, 22),
	(150, 1, '2023-07-12 13:54:24.878648', '538181f9-39f2-43c8-8596-b7309a7dea58', 18, NULL, 18, '2023-07-12 13:54:24.830672', 'A', 13, 22),
	(151, 1, '2023-07-17 11:08:28.120565', '538181f9-39f2-43c8-8596-b7309a7dea58', 17, NULL, 18, '2023-07-12 13:54:24.842711', 'A', 83, 22),
	(152, 1, '2023-07-19 04:40:10.494017', 'c9c5de82-7567-4023-afdb-7555aa120b96', 15, NULL, 18, '2023-07-12 13:54:24.876709', 'I', 85, 22),
	(153, 1, '2023-07-19 07:23:20.145404', 'b8f33129-b9ce-43db-b11f-1e1b5c0eda8a', 7, NULL, 8, '2023-07-12 14:01:43.544680', 'A', 87, 24),
	(154, 1, '2023-07-12 14:01:43.569678', '538181f9-39f2-43c8-8596-b7309a7dea58', 8, NULL, 8, '2023-07-12 14:01:43.545697', 'A', 86, 24),
	(155, 1, '2023-07-19 04:40:10.519008', 'c9c5de82-7567-4023-afdb-7555aa120b96', 8, NULL, 8, '2023-07-12 14:01:43.524700', 'I', 85, 24),
	(156, 1, '2023-07-17 12:30:06.321525', '538181f9-39f2-43c8-8596-b7309a7dea58', 8, NULL, 8, '2023-07-12 14:01:43.574668', 'I', 84, 24),
	(157, 1, '2023-07-12 14:01:43.594689', '538181f9-39f2-43c8-8596-b7309a7dea58', 8, NULL, 8, '2023-07-12 14:01:43.574668', 'A', 13, 24),
	(158, 1, '2023-07-12 14:01:43.602681', '538181f9-39f2-43c8-8596-b7309a7dea58', 8, NULL, 8, '2023-07-12 14:01:43.571652', 'A', 83, 24),
	(159, 1, '2023-07-14 06:15:07.245810', '538181f9-39f2-43c8-8596-b7309a7dea58', 8, NULL, 8, '2023-07-12 14:01:43.815676', 'I', 88, 24),
	(160, 1, '2023-07-14 06:15:07.266820', '538181f9-39f2-43c8-8596-b7309a7dea58', 180, NULL, 180, '2023-07-12 14:04:53.430675', 'I', 88, 25),
	(161, 1, '2023-07-12 14:04:53.443662', '538181f9-39f2-43c8-8596-b7309a7dea58', 180, NULL, 180, '2023-07-12 14:04:53.432665', 'A', 83, 25),
	(162, 1, '2023-07-12 14:06:19.854651', '538181f9-39f2-43c8-8596-b7309a7dea58', 5, NULL, 5, '2023-07-12 14:06:19.842680', 'A', 86, 26),
	(163, 1, '2023-07-12 14:06:19.855669', '538181f9-39f2-43c8-8596-b7309a7dea58', 5, NULL, 5, '2023-07-12 14:06:19.842680', 'A', 87, 26),
	(164, 1, '2023-07-19 04:40:10.547596', 'c9c5de82-7567-4023-afdb-7555aa120b96', 5, NULL, 5, '2023-07-12 14:06:19.849676', 'I', 85, 26),
	(165, 1, '2023-07-12 14:07:47.928689', '538181f9-39f2-43c8-8596-b7309a7dea58', 5, NULL, 5, '2023-07-12 14:07:47.913702', 'A', 83, 27),
	(166, 1, '2023-07-17 12:30:06.354576', '538181f9-39f2-43c8-8596-b7309a7dea58', 5, NULL, 5, '2023-07-12 14:07:47.912704', 'I', 84, 27),
	(167, 1, '2023-07-12 14:07:47.930693', '538181f9-39f2-43c8-8596-b7309a7dea58', 5, NULL, 5, '2023-07-12 14:07:47.914704', 'A', 86, 27),
	(168, 1, '2023-07-14 06:15:07.291853', '538181f9-39f2-43c8-8596-b7309a7dea58', 5, NULL, 5, '2023-07-12 14:07:47.921703', 'I', 88, 27),
	(169, 1, '2023-07-18 12:55:14.862268', '538181f9-39f2-43c8-8596-b7309a7dea58', 5, NULL, 5, '2023-07-18 12:55:14.830294', 'A', 13, 23),
	(170, 1, '2023-07-19 04:40:10.566176', 'c9c5de82-7567-4023-afdb-7555aa120b96', 5, NULL, 5, '2023-07-18 12:55:14.821703', 'I', 85, 23),
	(171, 1, '2023-07-18 12:55:14.874260', '538181f9-39f2-43c8-8596-b7309a7dea58', 5, NULL, 5, '2023-07-18 12:55:14.814226', 'A', 84, 23),
	(172, 1, '2023-07-18 12:55:14.878264', '538181f9-39f2-43c8-8596-b7309a7dea58', 5, NULL, 5, '2023-07-18 12:55:14.830294', 'A', 87, 23),
	(173, 1, '2023-07-18 12:55:14.882268', '538181f9-39f2-43c8-8596-b7309a7dea58', 5, NULL, 5, '2023-07-18 12:55:14.832295', 'A', 86, 23),
	(174, 1, '2023-07-18 12:55:14.885262', '538181f9-39f2-43c8-8596-b7309a7dea58', 5, NULL, 5, '2023-07-18 12:55:14.816212', 'A', 83, 23),
	(175, 1, '2023-07-19 05:52:29.715567', '538181f9-39f2-43c8-8596-b7309a7dea58', 5, NULL, 5, '2023-07-18 12:55:15.084709', 'I', 89, 23),
	(176, 1, '2023-07-21 05:02:55.440327', '538181f9-39f2-43c8-8596-b7309a7dea58', 5, NULL, 5, '2023-07-18 12:55:15.091737', 'I', 92, 23),
	(177, 1, '2023-07-25 09:01:56.492626', '538181f9-39f2-43c8-8596-b7309a7dea58', 4, NULL, 5, '2023-07-18 12:55:15.148321', 'A', 88, 23),
	(178, 1, '2023-07-21 05:01:18.397320', '538181f9-39f2-43c8-8596-b7309a7dea58', 5, NULL, 5, '2023-07-18 12:55:15.147340', 'I', 94, 23),
	(179, 1, '2023-07-19 07:02:52.693471', '538181f9-39f2-43c8-8596-b7309a7dea58', 5, NULL, 5, '2023-07-18 12:55:15.155351', 'I', 91, 23),
	(180, 1, '2023-07-20 07:37:49.602962', '538181f9-39f2-43c8-8596-b7309a7dea58', 3, NULL, 5, '2023-07-18 12:55:15.162339', 'A', 93, 23),
	(181, 1, '2023-07-19 05:49:04.815988', 'c9c5de82-7567-4023-afdb-7555aa120b96', 5, NULL, 5, '2023-07-18 12:55:15.361613', 'I', 97, 23),
	(182, 1, '2023-07-19 12:06:37.968320', '538181f9-39f2-43c8-8596-b7309a7dea58', 5, NULL, 5, '2023-07-18 12:55:15.363608', 'I', 95, 23),
	(183, 1, '2023-07-19 05:47:37.265353', '538181f9-39f2-43c8-8596-b7309a7dea58', 5, NULL, 5, '2023-07-18 12:55:15.364618', 'I', 98, 23);
/*!40000 ALTER TABLE `employee_leave_account` ENABLE KEYS */;

-- Dumping structure for table vghrms.employee_salary_component
CREATE TABLE IF NOT EXISTS `employee_salary_component` (
  `id` bigint(20) NOT NULL AUTO_INCREMENT,
  `company_id` bigint(20) DEFAULT NULL,
  `last_modified` datetime(6) DEFAULT NULL,
  `last_modified_by` varchar(255) DEFAULT NULL,
  `catagory` varchar(255) DEFAULT NULL,
  `component_type_flag` varchar(255) DEFAULT NULL,
  `employee_id` bigint(20) DEFAULT NULL,
  `name` varchar(255) DEFAULT NULL,
  `status` varchar(255) DEFAULT NULL,
  `type` varchar(255) DEFAULT NULL,
  `value` double DEFAULT NULL,
  PRIMARY KEY (`id`)
) ENGINE=InnoDB AUTO_INCREMENT=387 DEFAULT CHARSET=latin1;

-- Dumping data for table vghrms.employee_salary_component: ~186 rows (approximately)
DELETE FROM `employee_salary_component`;
/*!40000 ALTER TABLE `employee_salary_component` DISABLE KEYS */;
INSERT INTO `employee_salary_component` (`id`, `company_id`, `last_modified`, `last_modified_by`, `catagory`, `component_type_flag`, `employee_id`, `name`, `status`, `type`, `value`) VALUES
	(201, 1, '2023-07-12 13:58:40.086690', '538181f9-39f2-43c8-8596-b7309a7dea58', 'Fixed', 'Allowance', 85, 'Basic', 'D', 'Amt', 50000),
	(202, 1, '2023-07-12 14:05:19.719677', '538181f9-39f2-43c8-8596-b7309a7dea58', 'Fixed', 'Allowance', 86, 'Basic', 'A', 'Amt', 4000),
	(203, 1, '2023-07-12 14:07:45.901978', '538181f9-39f2-43c8-8596-b7309a7dea58', 'Fixed', 'Allowance', 84, 'Basic', 'A', 'Amt', 5000),
	(204, 1, '2023-07-13 07:08:21.964857', '538181f9-39f2-43c8-8596-b7309a7dea58', 'Fixed', 'Allowance', 83, 'Basic', 'A', 'Amt', 12000),
	(205, 1, '2023-07-13 05:15:00.786669', '538181f9-39f2-43c8-8596-b7309a7dea58', 'Fixed', 'Allowance', 88, 'Basic', 'A', 'Amt', 10000),
	(206, 1, '2023-07-14 06:01:43.784806', '538181f9-39f2-43c8-8596-b7309a7dea58', 'Fixed', 'Allowance', 88, 'DA', 'A', 'Amt', 5000),
	(207, 1, '2023-07-14 06:02:39.408817', '538181f9-39f2-43c8-8596-b7309a7dea58', 'Fixed', 'Allowance', 88, 'CCA', 'A', 'Amt', 5000),
	(208, 1, '2023-07-13 05:17:14.301701', '538181f9-39f2-43c8-8596-b7309a7dea58', 'Fixed', 'Allowance', 88, 'HRA', 'A', 'Amt', 5000),
	(209, 1, '2023-07-14 06:02:51.136825', '538181f9-39f2-43c8-8596-b7309a7dea58', 'Fixed', 'Allowance', 88, 'Conveyance', 'A', 'Amt', 5000),
	(210, 1, '2023-07-13 05:18:57.618668', '538181f9-39f2-43c8-8596-b7309a7dea58', 'Fixed', 'Allowance', 89, 'Basic', 'A', 'Amt', 10000),
	(211, 1, '2023-07-13 05:19:03.996683', '538181f9-39f2-43c8-8596-b7309a7dea58', 'Fixed', 'Deduction', 88, 'GLIN', 'A', 'Amt', 400),
	(212, 1, '2023-07-13 05:19:36.386682', '538181f9-39f2-43c8-8596-b7309a7dea58', 'Fixed', 'Deduction', 88, 'GHIN', 'A', 'Amt', 500),
	(213, 1, '2023-07-13 05:19:42.468688', '538181f9-39f2-43c8-8596-b7309a7dea58', 'Fixed', 'Allowance', 89, 'DA', 'A', 'Amt', 2100),
	(214, 1, '2023-07-13 05:20:04.003691', '538181f9-39f2-43c8-8596-b7309a7dea58', 'Fixed', 'Allowance', 89, 'HRA', 'A', 'Amt', 5000),
	(215, 1, '2023-07-13 05:20:26.588718', '538181f9-39f2-43c8-8596-b7309a7dea58', 'Fixed', 'Allowance', 89, 'Conveyance', 'A', 'Amt', 1600),
	(216, 1, '2023-07-13 06:02:10.266561', '538181f9-39f2-43c8-8596-b7309a7dea58', 'Fixed', 'Deduction', 89, 'GLIN', 'A', 'Amt', 182),
	(217, 1, '2023-07-13 05:22:24.959673', '538181f9-39f2-43c8-8596-b7309a7dea58', 'Fixed', 'Allowance', 89, 'CCA', 'A', 'Amt', 4000),
	(218, 1, '2023-07-13 07:10:12.632775', '538181f9-39f2-43c8-8596-b7309a7dea58', 'Fixed', 'Allowance', 87, 'Basic', 'A', 'Amt', 11000),
	(219, 1, '2023-07-13 05:57:46.169562', '538181f9-39f2-43c8-8596-b7309a7dea58', 'Fixed', 'Allowance', 87, 'HRA', 'A', 'Amt', 2000),
	(220, 1, '2023-07-13 07:09:58.389827', '538181f9-39f2-43c8-8596-b7309a7dea58', 'Fixed', 'Allowance', 87, 'DA', 'A', 'Amt', 2500),
	(221, 1, '2023-07-13 05:59:28.060580', '538181f9-39f2-43c8-8596-b7309a7dea58', 'Fixed', 'Allowance', 87, 'Conveyance', 'A', 'Amt', 2200),
	(222, 1, '2023-07-13 07:11:10.398792', '538181f9-39f2-43c8-8596-b7309a7dea58', 'Fixed', 'Allowance', 87, 'CCA', 'D', 'Amt', 2400),
	(223, 1, '2023-07-13 06:03:32.688580', '538181f9-39f2-43c8-8596-b7309a7dea58', 'Fixed', 'Deduction', 87, 'GLIN', 'A', 'Amt', 200),
	(224, 1, '2023-07-13 06:06:35.097637', '538181f9-39f2-43c8-8596-b7309a7dea58', 'Fixed', 'Allowance', 86, 'DA', 'A', 'Amt', 2000),
	(225, 1, '2023-07-13 06:07:32.360556', '538181f9-39f2-43c8-8596-b7309a7dea58', 'Fixed', 'Allowance', 86, 'HRA', 'A', 'Amt', 4000),
	(226, 1, '2023-07-13 06:08:13.798010', '538181f9-39f2-43c8-8596-b7309a7dea58', 'Fixed', 'Allowance', 85, 'CCA', 'A', 'Amt', 5000),
	(227, 1, '2023-07-13 06:08:32.270026', '538181f9-39f2-43c8-8596-b7309a7dea58', 'Fixed', 'Allowance', 86, 'Medical', 'A', 'Amt', 2000),
	(228, 1, '2023-07-13 06:08:51.268922', '538181f9-39f2-43c8-8596-b7309a7dea58', 'Fixed', 'Allowance', 85, 'DA', 'A', 'Amt', 2100),
	(229, 1, '2023-07-13 06:09:02.673736', '538181f9-39f2-43c8-8596-b7309a7dea58', 'Fixed', 'Allowance', 86, 'Conveyance', 'A', 'Amt', 1800),
	(230, 1, '2023-07-13 06:09:20.273773', '538181f9-39f2-43c8-8596-b7309a7dea58', 'Fixed', 'Allowance', 86, 'SpecialAllowance', 'A', 'Amt', 5000),
	(231, 1, '2023-07-13 06:10:00.279683', '538181f9-39f2-43c8-8596-b7309a7dea58', 'Fixed', 'Allowance', 86, 'CCA', 'A', 'Amt', 1000),
	(232, 1, '2023-07-13 06:10:08.221725', '538181f9-39f2-43c8-8596-b7309a7dea58', 'Fixed', 'Allowance', 85, 'HRA', 'A', 'Amt', 6000),
	(233, 1, '2023-07-13 06:10:37.505733', '538181f9-39f2-43c8-8596-b7309a7dea58', 'Fixed', 'Allowance', 85, 'Conveyance', 'A', 'Amt', 1600),
	(234, 1, '2023-07-13 06:20:13.148723', '538181f9-39f2-43c8-8596-b7309a7dea58', 'Fixed', 'Deduction', 85, 'GLIN', 'A', 'Amt', 200),
	(235, 1, '2023-07-13 06:14:07.552723', '538181f9-39f2-43c8-8596-b7309a7dea58', 'Fixed', 'Deduction', 86, 'GLIN', 'A', 'Amt', 300),
	(236, 1, '2023-07-13 06:15:19.140757', '538181f9-39f2-43c8-8596-b7309a7dea58', 'Fixed', 'Deduction', 86, 'GHIN', 'A', 'Amt', 1000),
	(237, 1, '2023-07-13 06:17:12.694724', '538181f9-39f2-43c8-8596-b7309a7dea58', 'Fixed', 'Allowance', 84, 'CCA', 'A', 'Amt', 1000),
	(238, 1, '2023-07-13 06:17:38.493755', '538181f9-39f2-43c8-8596-b7309a7dea58', 'Fixed', 'Allowance', 84, 'DA', 'A', 'Amt', 700),
	(239, 1, '2023-07-13 06:18:15.712727', '538181f9-39f2-43c8-8596-b7309a7dea58', 'Fixed', 'Allowance', 84, 'HRA', 'A', 'Amt', 2000),
	(240, 1, '2023-07-13 06:19:03.860706', '538181f9-39f2-43c8-8596-b7309a7dea58', 'Fixed', 'Allowance', 84, 'Conveyance', 'A', 'Amt', 1600),
	(241, 1, '2023-07-13 06:19:22.350730', '538181f9-39f2-43c8-8596-b7309a7dea58', 'Fixed', 'Deduction', 84, 'GLIN', 'A', 'Amt', 200),
	(242, 1, '2023-07-13 06:21:59.542737', '538181f9-39f2-43c8-8596-b7309a7dea58', 'Fixed', 'Deduction', 89, 'GHIN', 'A', 'Amt', 200),
	(243, 1, '2023-07-13 06:26:38.501723', '538181f9-39f2-43c8-8596-b7309a7dea58', 'Fixed', 'Deduction', 87, 'GHIN', 'A', 'Amt', 500),
	(244, 1, '2023-07-13 06:30:38.852734', '538181f9-39f2-43c8-8596-b7309a7dea58', 'Fixed', 'Deduction', 85, 'GHIN', 'A', 'Amt', 200),
	(245, 1, '2023-07-13 11:49:50.005945', 'c9c5de82-7567-4023-afdb-7555aa120b96', 'Fixed', 'Deduction', 84, 'GHIN', 'A', 'Amt', 400),
	(246, 1, '2023-07-13 06:32:53.569752', '538181f9-39f2-43c8-8596-b7309a7dea58', 'Fixed', 'Deduction', 83, 'GHIN', 'A', 'Amt', 200),
	(247, 1, '2023-07-13 07:08:10.051804', '538181f9-39f2-43c8-8596-b7309a7dea58', 'Fixed', 'Allowance', 13, 'Basic', 'A', 'Amt', 50000),
	(248, 1, '2023-07-13 06:34:49.497722', '538181f9-39f2-43c8-8596-b7309a7dea58', 'Fixed', 'Allowance', 13, 'DA', 'A', 'Amt', 3000),
	(249, 1, '2023-07-13 06:37:58.918976', '538181f9-39f2-43c8-8596-b7309a7dea58', 'Fixed', 'Allowance', 13, 'HRA', 'A', 'Amt', 2000),
	(250, 1, '2023-07-13 06:43:50.238736', '538181f9-39f2-43c8-8596-b7309a7dea58', 'Fixed', 'Allowance', 13, 'Medical', 'A', 'Amt', 1600),
	(251, 1, '2023-07-13 06:48:57.349852', '538181f9-39f2-43c8-8596-b7309a7dea58', 'Fixed', 'Allowance', 13, 'Conveyance', 'A', 'Amt', 4000),
	(252, 1, '2023-07-13 06:56:31.403829', '538181f9-39f2-43c8-8596-b7309a7dea58', 'Fixed', 'Deduction', 13, 'GHIN', 'A', 'Amt', 1000),
	(253, 1, '2023-07-13 06:57:03.672839', '538181f9-39f2-43c8-8596-b7309a7dea58', 'Fixed', 'Deduction', 13, 'GLIN', 'A', 'Amt', 800),
	(254, 1, '2023-07-13 07:13:06.831814', '538181f9-39f2-43c8-8596-b7309a7dea58', 'Fixed', 'Allowance', 83, 'DA', 'A', 'Amt', 5000),
	(255, 1, '2023-07-13 07:11:34.826811', '538181f9-39f2-43c8-8596-b7309a7dea58', 'Fixed', 'Allowance', 83, 'HRA', 'A', 'Amt', 8000),
	(256, 1, '2023-07-13 07:10:24.413771', '538181f9-39f2-43c8-8596-b7309a7dea58', 'Fixed', 'Allowance', 83, 'Conveyance', 'A', 'Amt', 5000),
	(257, 1, '2023-07-13 07:12:44.984778', '538181f9-39f2-43c8-8596-b7309a7dea58', 'Fixed', 'Deduction', 83, 'GLIN', 'A', 'Amt', 600),
	(258, 1, '2023-07-13 16:13:32.163810', '538181f9-39f2-43c8-8596-b7309a7dea58', 'Fixed', 'Allowance', 90, 'Basic', 'A', 'Amt', 10000),
	(259, 1, '2023-07-14 06:01:37.846805', 'c9c5de82-7567-4023-afdb-7555aa120b96', 'Fixed', 'Allowance', 91, 'Basic', 'A', 'Amt', 15000),
	(260, 1, '2023-07-14 06:02:18.225803', 'c9c5de82-7567-4023-afdb-7555aa120b96', 'Fixed', 'Allowance', 91, 'DA', 'A', 'Amt', 1000),
	(261, 1, '2023-07-14 06:02:43.222796', 'c9c5de82-7567-4023-afdb-7555aa120b96', 'Fixed', 'Allowance', 91, 'Conveyance', 'A', 'Amt', 600),
	(262, 1, '2023-07-14 06:04:23.459862', 'c9c5de82-7567-4023-afdb-7555aa120b96', 'Fixed', 'Allowance', 91, 'HRA', 'A', 'Amt', 1500),
	(263, 1, '2023-07-14 06:04:51.421807', 'c9c5de82-7567-4023-afdb-7555aa120b96', 'Fixed', 'Allowance', 91, 'CCA', 'A', 'Amt', 2000),
	(264, 1, '2023-07-14 06:05:15.761804', 'c9c5de82-7567-4023-afdb-7555aa120b96', 'Fixed', 'Deduction', 91, 'GLIN', 'A', 'Amt', 200),
	(265, 1, '2023-07-14 06:08:00.152802', 'c9c5de82-7567-4023-afdb-7555aa120b96', 'Fixed', 'Deduction', 91, 'GHIN', 'A', 'Amt', 375),
	(266, 1, '2023-07-14 06:14:14.726803', 'c9c5de82-7567-4023-afdb-7555aa120b96', 'Fixed', 'Allowance', 92, 'Basic', 'A', 'Amt', 15000),
	(267, 1, '2023-07-14 06:14:33.355871', 'c9c5de82-7567-4023-afdb-7555aa120b96', 'Fixed', 'Allowance', 92, 'HRA', 'A', 'Amt', 1000),
	(268, 1, '2023-07-14 06:27:02.953440', 'c9c5de82-7567-4023-afdb-7555aa120b96', 'Fixed', 'Allowance', 92, 'DA', 'A', 'Amt', 2200),
	(269, 1, '2023-07-14 06:28:13.417447', 'c9c5de82-7567-4023-afdb-7555aa120b96', 'Fixed', 'Allowance', 92, 'Conveyance', 'A', 'Amt', 1800),
	(270, 1, '2023-07-14 06:28:46.443415', 'c9c5de82-7567-4023-afdb-7555aa120b96', 'Fixed', 'Allowance', 92, 'CCA', 'A', 'Amt', 780),
	(271, 1, '2023-07-14 06:29:10.101430', 'c9c5de82-7567-4023-afdb-7555aa120b96', 'Fixed', 'Deduction', 92, 'GLIN', 'A', 'Amt', 300),
	(272, 1, '2023-07-14 06:29:42.208451', 'c9c5de82-7567-4023-afdb-7555aa120b96', 'Fixed', 'Deduction', 92, 'GHIN', 'A', 'Amt', 200),
	(273, 1, '2023-07-14 10:07:08.731148', 'c9c5de82-7567-4023-afdb-7555aa120b96', 'Fixed', 'Allowance', 93, 'Basic', 'A', 'Amt', 40000),
	(274, 1, '2023-07-14 10:07:26.624143', 'c9c5de82-7567-4023-afdb-7555aa120b96', 'Fixed', 'Allowance', 93, 'DA', 'A', 'Amt', 2000),
	(275, 1, '2023-07-14 10:07:42.904171', 'c9c5de82-7567-4023-afdb-7555aa120b96', 'Fixed', 'Allowance', 93, 'HRA', 'A', 'Amt', 2000),
	(276, 1, '2023-07-14 10:08:53.038144', 'c9c5de82-7567-4023-afdb-7555aa120b96', 'Fixed', 'Allowance', 93, 'Conveyance', 'A', 'Amt', 2000),
	(277, 1, '2023-07-14 10:09:23.804132', 'c9c5de82-7567-4023-afdb-7555aa120b96', 'Fixed', 'Allowance', 93, 'CCA', 'A', 'Amt', 2000),
	(278, 1, '2023-07-14 10:09:55.506148', 'c9c5de82-7567-4023-afdb-7555aa120b96', 'Fixed', 'Deduction', 93, 'GLIN', 'A', 'Amt', 300),
	(279, 1, '2023-07-14 10:10:22.425179', 'c9c5de82-7567-4023-afdb-7555aa120b96', 'Fixed', 'Deduction', 93, 'GHIN', 'A', 'Amt', 235),
	(280, 1, '2023-07-17 07:14:30.783889', '538181f9-39f2-43c8-8596-b7309a7dea58', 'Fixed', 'Deduction', 95, 'GLIN', 'A', 'Amt', 200),
	(281, 1, '2023-07-17 07:15:05.330750', '538181f9-39f2-43c8-8596-b7309a7dea58', 'Fixed', 'Deduction', 95, 'GHIN', 'A', 'Amt', 400),
	(282, 1, '2023-07-17 07:15:43.971408', '538181f9-39f2-43c8-8596-b7309a7dea58', 'Fixed', 'Allowance', 95, 'CCA', 'A', 'Amt', 700),
	(283, 1, '2023-07-17 07:16:19.736998', '538181f9-39f2-43c8-8596-b7309a7dea58', 'Fixed', 'Allowance', 95, 'Conveyance', 'A', 'Amt', 2000),
	(284, 1, '2023-07-17 07:17:09.056114', '538181f9-39f2-43c8-8596-b7309a7dea58', 'Fixed', 'Allowance', 95, 'Basic', 'A', 'Amt', 20000),
	(285, 1, '2023-07-17 07:17:28.151249', '538181f9-39f2-43c8-8596-b7309a7dea58', 'Fixed', 'Allowance', 95, 'DA', 'A', 'Amt', 500),
	(286, 1, '2023-07-17 07:17:59.983222', '538181f9-39f2-43c8-8596-b7309a7dea58', 'Fixed', 'Allowance', 95, 'HRA', 'A', 'Amt', 2000),
	(287, 1, '2023-07-18 11:20:26.809718', '538181f9-39f2-43c8-8596-b7309a7dea58', 'Fixed', 'Deduction', 97, 'GLIN', 'A', 'Amount', 300),
	(288, 1, '2023-07-18 11:21:16.864360', '538181f9-39f2-43c8-8596-b7309a7dea58', 'Fixed', 'Deduction', 97, 'GHIN', 'A', 'Amount', 200),
	(289, 1, '2023-07-18 11:21:07.946468', '538181f9-39f2-43c8-8596-b7309a7dea58', 'Fixed', 'Allowance', 97, 'CCA', 'A', 'Amount', 500),
	(290, 1, '2023-07-18 11:21:37.248962', '538181f9-39f2-43c8-8596-b7309a7dea58', 'Fixed', 'Allowance', 97, 'Conveyance', 'A', 'Amount', 2000),
	(291, 1, '2023-07-18 11:22:08.798815', '538181f9-39f2-43c8-8596-b7309a7dea58', 'Fixed', 'Allowance', 97, 'Basic', 'A', 'Amount', 30000),
	(292, 1, '2023-07-18 11:22:39.186547', '538181f9-39f2-43c8-8596-b7309a7dea58', 'Fixed', 'Allowance', 97, 'DA', 'A', 'Amount', 1000),
	(293, 1, '2023-07-18 11:23:23.314999', '538181f9-39f2-43c8-8596-b7309a7dea58', 'Fixed', 'Allowance', 97, 'HRA', 'A', 'Amount', 2000),
	(294, 1, '2023-07-19 04:21:03.529167', '538181f9-39f2-43c8-8596-b7309a7dea58', 'Fixed', 'Deduction', 99, 'GLIN', 'A', 'Amount', 200),
	(295, 1, '2023-07-19 04:21:22.760239', '538181f9-39f2-43c8-8596-b7309a7dea58', 'Fixed', 'Deduction', 99, 'GHIN', 'A', 'Amount', 400),
	(296, 1, '2023-07-19 04:21:41.557238', '538181f9-39f2-43c8-8596-b7309a7dea58', 'Fixed', 'Allowance', 99, 'CCA', 'A', 'Amount', 1000),
	(297, 1, '2023-07-19 04:22:12.147056', '538181f9-39f2-43c8-8596-b7309a7dea58', 'Fixed', 'Allowance', 99, 'Conveyance', 'A', 'Amount', 2000),
	(298, 1, '2023-07-19 04:23:23.066023', '538181f9-39f2-43c8-8596-b7309a7dea58', 'Fixed', 'Allowance', 99, 'Basic', 'A', 'Amount', 40000),
	(299, 1, '2023-07-19 04:23:39.703095', '538181f9-39f2-43c8-8596-b7309a7dea58', 'Fixed', 'Allowance', 99, 'DA', 'A', 'Amount', 1000),
	(300, 1, '2023-07-19 04:24:00.905265', '538181f9-39f2-43c8-8596-b7309a7dea58', 'Fixed', 'Allowance', 99, 'HRA', 'A', 'Amount', 2000),
	(301, 1, '2023-07-19 08:45:04.270606', '538181f9-39f2-43c8-8596-b7309a7dea58', 'Fixed', 'Allowance', 104, 'Basic', 'A', 'Amount', 15000),
	(302, 1, '2023-07-19 08:45:23.661470', '538181f9-39f2-43c8-8596-b7309a7dea58', 'Fixed', 'Allowance', 104, 'DA', 'A', 'Amount', 12000),
	(303, 1, '2023-07-19 08:45:53.976799', '538181f9-39f2-43c8-8596-b7309a7dea58', 'Fixed', 'Allowance', 104, 'HRA', 'A', 'Amount', 6000),
	(304, 1, '2023-07-19 08:46:23.134722', '538181f9-39f2-43c8-8596-b7309a7dea58', 'Fixed', 'Allowance', 104, 'Medical', 'A', 'Amount', 2000),
	(305, 1, '2023-07-19 08:46:48.742142', 'c9c5de82-7567-4023-afdb-7555aa120b96', 'Fixed', 'Deduction', 105, 'GLIN', 'A', 'Amount', 200),
	(306, 1, '2023-07-19 08:46:55.234040', '538181f9-39f2-43c8-8596-b7309a7dea58', 'Fixed', 'Allowance', 104, 'Conveyance', 'A', 'Amount', 2000),
	(307, 1, '2023-07-19 08:47:15.367383', 'c9c5de82-7567-4023-afdb-7555aa120b96', 'Fixed', 'Deduction', 105, 'GHIN', 'A', 'Amount', 200),
	(308, 1, '2023-07-19 08:47:22.746755', '538181f9-39f2-43c8-8596-b7309a7dea58', 'Fixed', 'Allowance', 104, 'CCA', 'A', 'Amount', 4000),
	(309, 1, '2023-07-19 08:47:55.507030', '538181f9-39f2-43c8-8596-b7309a7dea58', 'Fixed', 'Deduction', 104, 'GHIN', 'A', 'Amount', 500),
	(310, 1, '2023-07-19 08:48:11.094044', 'c9c5de82-7567-4023-afdb-7555aa120b96', 'Fixed', 'Allowance', 105, 'CCA', 'A', 'Amount', 700),
	(311, 1, '2023-07-19 08:48:22.708868', '538181f9-39f2-43c8-8596-b7309a7dea58', 'Fixed', 'Deduction', 104, 'GLIN', 'A', 'Amount', 450),
	(312, 1, '2023-07-19 08:48:37.189777', 'c9c5de82-7567-4023-afdb-7555aa120b96', 'Fixed', 'Allowance', 105, 'Conveyance', 'A', 'Amount', 1000),
	(313, 1, '2023-07-19 08:49:38.236444', 'c9c5de82-7567-4023-afdb-7555aa120b96', 'Fixed', 'Allowance', 105, 'Basic', 'A', 'Amount', 31000),
	(314, 1, '2023-07-19 08:50:00.561348', 'c9c5de82-7567-4023-afdb-7555aa120b96', 'Fixed', 'Allowance', 105, 'DA', 'A', 'Amount', 2000),
	(315, 1, '2023-07-19 08:50:22.428498', 'c9c5de82-7567-4023-afdb-7555aa120b96', 'Fixed', 'Allowance', 105, 'HRA', 'A', 'Amount', 2000),
	(316, 1, '2023-07-19 09:01:09.365379', 'c9c5de82-7567-4023-afdb-7555aa120b96', 'Fixed', 'Deduction', 106, 'GLIN', 'A', 'Amount', 200),
	(317, 1, '2023-07-19 09:01:31.723847', 'c9c5de82-7567-4023-afdb-7555aa120b96', 'Fixed', 'Deduction', 106, 'GHIN', 'A', 'Amount', 200),
	(318, 1, '2023-07-19 09:02:11.970129', 'c9c5de82-7567-4023-afdb-7555aa120b96', 'Fixed', 'Allowance', 106, 'CCA', 'A', 'Amount', 2000),
	(319, 1, '2023-07-19 09:02:29.848892', 'c9c5de82-7567-4023-afdb-7555aa120b96', 'Fixed', 'Allowance', 106, 'Conveyance', 'A', 'Amount', 2000),
	(320, 1, '2023-07-19 09:04:27.464209', 'c9c5de82-7567-4023-afdb-7555aa120b96', 'Fixed', 'Allowance', 106, 'Basic', 'A', 'Amount', 39000),
	(321, 1, '2023-07-19 09:08:17.501406', 'c9c5de82-7567-4023-afdb-7555aa120b96', 'Fixed', 'Allowance', 106, 'DA', 'A', 'Amount', 2000),
	(322, 1, '2023-07-19 09:08:35.711173', 'c9c5de82-7567-4023-afdb-7555aa120b96', 'Fixed', 'Allowance', 106, 'HRA', 'A', 'Amount', 1100),
	(323, 1, '2023-07-19 09:14:43.492331', 'c9c5de82-7567-4023-afdb-7555aa120b96', 'Fixed', 'Deduction', 107, 'GLIN', 'A', 'Amount', 200),
	(324, 1, '2023-07-19 09:14:56.868649', 'c9c5de82-7567-4023-afdb-7555aa120b96', 'Fixed', 'Deduction', 107, 'GHIN', 'A', 'Amount', 200),
	(325, 1, '2023-07-19 09:15:10.904611', 'c9c5de82-7567-4023-afdb-7555aa120b96', 'Fixed', 'Allowance', 107, 'CCA', 'A', 'Amount', 400),
	(326, 1, '2023-07-19 09:15:37.272173', 'c9c5de82-7567-4023-afdb-7555aa120b96', 'Fixed', 'Allowance', 107, 'Conveyance', 'A', 'Amount', 1000),
	(327, 1, '2023-07-19 09:16:05.599178', 'c9c5de82-7567-4023-afdb-7555aa120b96', 'Fixed', 'Allowance', 107, 'Basic', 'A', 'Amount', 10000),
	(328, 1, '2023-07-19 09:16:34.967480', 'c9c5de82-7567-4023-afdb-7555aa120b96', 'Fixed', 'Allowance', 107, 'DA', 'A', 'Amount', 2000),
	(329, 1, '2023-07-19 09:17:07.306074', 'c9c5de82-7567-4023-afdb-7555aa120b96', 'Fixed', 'Allowance', 107, 'HRA', 'A', 'Amount', 1000),
	(330, 1, '2023-07-21 05:32:19.293490', '538181f9-39f2-43c8-8596-b7309a7dea58', 'Fixed', 'Deduction', 109, 'GLIN', 'A', 'Amount', 200),
	(331, 1, '2023-07-20 07:08:10.755753', '538181f9-39f2-43c8-8596-b7309a7dea58', 'Fixed', 'Deduction', 109, 'GHIN', 'A', 'Amount', 200),
	(332, 1, '2023-07-20 11:00:30.433443', '538181f9-39f2-43c8-8596-b7309a7dea58', 'Fixed', 'Deduction', 110, 'GLIN', 'A', 'Amount', 200),
	(333, 1, '2023-07-20 11:00:23.483173', '538181f9-39f2-43c8-8596-b7309a7dea58', 'Fixed', 'Deduction', 110, 'GHIN', 'A', 'Amount', 200),
	(334, 1, '2023-07-20 11:00:48.181822', '538181f9-39f2-43c8-8596-b7309a7dea58', 'Fixed', 'Allowance', 110, 'CCA', 'A', 'Amount', 700),
	(335, 1, '2023-07-20 11:01:09.049861', '538181f9-39f2-43c8-8596-b7309a7dea58', 'Fixed', 'Allowance', 110, 'Conveyance', 'A', 'Amount', 1000),
	(336, 1, '2023-07-20 11:01:31.265611', '538181f9-39f2-43c8-8596-b7309a7dea58', 'Fixed', 'Allowance', 110, 'Basic', 'A', 'Amount', 10000),
	(337, 1, '2023-07-20 11:02:06.621700', '538181f9-39f2-43c8-8596-b7309a7dea58', 'Fixed', 'Allowance', 110, 'DA', 'A', 'Amount', 2000),
	(338, 1, '2023-07-20 11:02:32.872720', '538181f9-39f2-43c8-8596-b7309a7dea58', 'Fixed', 'Allowance', 110, 'HRA', 'A', 'Amount', 2000),
	(339, 1, '2023-07-20 11:43:40.824358', '538181f9-39f2-43c8-8596-b7309a7dea58', 'Fixed', 'Deduction', 111, 'GLIN', 'A', 'Amount', 500),
	(340, 1, '2023-07-20 11:43:59.252570', '538181f9-39f2-43c8-8596-b7309a7dea58', 'Fixed', 'Deduction', 111, 'GHIN', 'A', 'Amount', 300),
	(341, 1, '2023-07-20 11:44:15.179929', '538181f9-39f2-43c8-8596-b7309a7dea58', 'Fixed', 'Allowance', 111, 'CCA', 'A', 'Amount', 2000),
	(342, 1, '2023-07-20 11:44:35.039042', '538181f9-39f2-43c8-8596-b7309a7dea58', 'Fixed', 'Allowance', 111, 'SpecialAllowance', 'A', 'Amount', 4000),
	(343, 1, '2023-07-20 11:46:12.084682', '538181f9-39f2-43c8-8596-b7309a7dea58', 'Fixed', 'Allowance', 111, 'Conveyance', 'A', 'Amount', 3000),
	(344, 1, '2023-07-20 11:46:28.328269', '538181f9-39f2-43c8-8596-b7309a7dea58', 'Fixed', 'Allowance', 111, 'Medical', 'A', 'Amount', 5000),
	(345, 1, '2023-07-20 11:46:59.544603', '538181f9-39f2-43c8-8596-b7309a7dea58', 'Fixed', 'Allowance', 111, 'Basic', 'A', 'Amount', 10000),
	(346, 1, '2023-07-20 11:47:18.088681', '538181f9-39f2-43c8-8596-b7309a7dea58', 'Fixed', 'Allowance', 111, 'DA', 'A', 'Amount', 4000),
	(347, 1, '2023-07-20 11:47:36.539614', '538181f9-39f2-43c8-8596-b7309a7dea58', 'Fixed', 'Allowance', 111, 'HRA', 'A', 'Amount', 3000),
	(348, 1, '2023-07-21 05:16:59.910847', '538181f9-39f2-43c8-8596-b7309a7dea58', 'Fixed', 'Allowance', 112, 'Basic', 'A', 'Amount', 9000),
	(349, 1, '2023-07-21 05:17:22.738315', '538181f9-39f2-43c8-8596-b7309a7dea58', 'Fixed', 'Allowance', 112, 'DA', 'A', 'Amount', 5000),
	(350, 1, '2023-07-21 05:18:45.135970', '538181f9-39f2-43c8-8596-b7309a7dea58', 'Fixed', 'Allowance', 112, 'HRA', 'A', 'Amount', 3000),
	(351, 1, '2023-07-21 05:20:10.299389', '538181f9-39f2-43c8-8596-b7309a7dea58', 'Fixed', 'Allowance', 112, 'Medical', 'A', 'Amount', 800),
	(352, 1, '2023-07-21 05:23:20.277030', '538181f9-39f2-43c8-8596-b7309a7dea58', 'Fixed', 'Allowance', 112, 'CCA', 'A', 'Amount', 2000),
	(353, 1, '2023-07-21 05:25:00.619908', '538181f9-39f2-43c8-8596-b7309a7dea58', 'Fixed', 'Deduction', 112, 'GLIN', 'A', 'Amount', 2000),
	(354, 1, '2023-07-21 05:25:38.239645', '538181f9-39f2-43c8-8596-b7309a7dea58', 'Fixed', 'Deduction', 112, 'GHIN', 'A', 'Amount', 800),
	(355, 1, '2023-07-21 05:32:40.813828', '538181f9-39f2-43c8-8596-b7309a7dea58', 'Fixed', 'Allowance', 109, 'Basic', 'A', 'Amount', 5000),
	(356, 1, '2023-07-21 05:33:04.972706', '538181f9-39f2-43c8-8596-b7309a7dea58', 'Fixed', 'Allowance', 109, 'DA', 'A', 'Amount', 4000),
	(357, 1, '2023-07-21 05:34:37.415353', '538181f9-39f2-43c8-8596-b7309a7dea58', 'Fixed', 'Allowance', 109, 'HRA', 'A', 'Amount', 4000),
	(358, 1, '2023-07-21 05:36:07.500123', '538181f9-39f2-43c8-8596-b7309a7dea58', 'Fixed', 'Allowance', 109, 'CCA', 'A', 'Amount', 1650),
	(359, 1, '2023-07-21 05:36:47.006533', '538181f9-39f2-43c8-8596-b7309a7dea58', 'Fixed', 'Allowance', 109, 'Conveyance', 'A', 'Amount', 1800),
	(360, 1, '2023-07-21 05:59:01.071028', '538181f9-39f2-43c8-8596-b7309a7dea58', 'Fixed', 'Deduction', 108, 'GLIN', 'A', 'Amount', 200),
	(361, 1, '2023-07-21 05:59:12.789023', '538181f9-39f2-43c8-8596-b7309a7dea58', 'Fixed', 'Deduction', 108, 'GHIN', 'A', 'Amount', 300),
	(362, 1, '2023-07-21 06:01:38.266838', '538181f9-39f2-43c8-8596-b7309a7dea58', 'Fixed', 'Allowance', 108, 'CCA', 'A', 'Amount', 700),
	(363, 1, '2023-07-21 06:00:01.261759', '538181f9-39f2-43c8-8596-b7309a7dea58', 'Fixed', 'Allowance', 108, 'Conveyance', 'A', 'Amount', 1000),
	(364, 1, '2023-07-21 06:00:27.330659', '538181f9-39f2-43c8-8596-b7309a7dea58', 'Fixed', 'Allowance', 108, 'Basic', 'A', 'Amount', 10000),
	(365, 1, '2023-07-21 06:00:40.866652', '538181f9-39f2-43c8-8596-b7309a7dea58', 'Fixed', 'Allowance', 108, 'DA', 'A', 'Amount', 10000),
	(366, 1, '2023-07-21 06:00:55.820337', '538181f9-39f2-43c8-8596-b7309a7dea58', 'Fixed', 'Allowance', 108, 'HRA', 'A', 'Amount', 2000),
	(367, 1, '2023-07-21 06:39:35.949496', '538181f9-39f2-43c8-8596-b7309a7dea58', 'Fixed', 'Deduction', 103, 'GLIN', 'A', 'Amount', 500),
	(368, 1, '2023-07-21 06:39:47.980846', '538181f9-39f2-43c8-8596-b7309a7dea58', 'Fixed', 'Deduction', 103, 'GHIN', 'A', 'Amount', 100),
	(369, 1, '2023-07-21 06:40:03.603561', '538181f9-39f2-43c8-8596-b7309a7dea58', 'Fixed', 'Allowance', 103, 'CCA', 'A', 'Amount', 2000),
	(370, 1, '2023-07-21 06:40:18.231108', '538181f9-39f2-43c8-8596-b7309a7dea58', 'Fixed', 'Allowance', 103, 'Conveyance', 'A', 'Amount', 1000),
	(371, 1, '2023-07-21 06:40:40.967137', '538181f9-39f2-43c8-8596-b7309a7dea58', 'Fixed', 'Allowance', 103, 'Basic', 'A', 'Amount', 21000),
	(372, 1, '2023-07-21 06:40:58.413772', '538181f9-39f2-43c8-8596-b7309a7dea58', 'Fixed', 'Allowance', 103, 'DA', 'A', 'Amount', 2000),
	(373, 1, '2023-07-21 06:41:14.966697', '538181f9-39f2-43c8-8596-b7309a7dea58', 'Fixed', 'Allowance', 103, 'HRA', 'A', 'Amount', 3000),
	(374, 1, '2023-07-21 07:16:58.326106', 'c9c5de82-7567-4023-afdb-7555aa120b96', 'Fixed', 'Deduction', 100, 'GLIN', 'A', 'Amount', 200),
	(375, 1, '2023-07-21 07:17:12.605671', 'c9c5de82-7567-4023-afdb-7555aa120b96', 'Fixed', 'Deduction', 100, 'GHIN', 'A', 'Amount', 200),
	(376, 1, '2023-07-21 07:17:27.594665', 'c9c5de82-7567-4023-afdb-7555aa120b96', 'Fixed', 'Allowance', 100, 'CCA', 'A', 'Amount', 700),
	(377, 1, '2023-07-21 07:17:42.850368', 'c9c5de82-7567-4023-afdb-7555aa120b96', 'Fixed', 'Allowance', 100, 'Conveyance', 'A', 'Amount', 1000),
	(378, 1, '2023-07-21 07:18:14.149667', 'c9c5de82-7567-4023-afdb-7555aa120b96', 'Fixed', 'Allowance', 100, 'Basic', 'A', 'Amount', 110000),
	(379, 1, '2023-07-21 07:18:29.185075', 'c9c5de82-7567-4023-afdb-7555aa120b96', 'Fixed', 'Allowance', 100, 'DA', 'A', 'Amount', 20000),
	(380, 1, '2023-07-21 07:18:44.310403', 'c9c5de82-7567-4023-afdb-7555aa120b96', 'Fixed', 'Allowance', 100, 'HRA', 'A', 'Amount', 30000),
	(381, 1, '2023-07-25 04:30:17.759299', '538181f9-39f2-43c8-8596-b7309a7dea58', 'Fixed', 'Deduction', 113, 'GLIN', 'A', 'Amount', 200),
	(382, 1, '2023-07-25 04:30:32.437946', '538181f9-39f2-43c8-8596-b7309a7dea58', 'Fixed', 'Deduction', 113, 'GHIN', 'A', 'Amount', 300),
	(383, 1, '2023-07-25 04:35:53.414243', '538181f9-39f2-43c8-8596-b7309a7dea58', 'Fixed', 'Allowance', 113, 'Conveyance', 'A', 'Amount', 2000),
	(384, 1, '2023-07-25 04:51:47.453958', '538181f9-39f2-43c8-8596-b7309a7dea58', 'Fixed', 'Allowance', 113, 'Basic', 'A', 'Amount', 15000),
	(385, 1, '2023-07-25 04:54:02.824656', '538181f9-39f2-43c8-8596-b7309a7dea58', 'Fixed', 'Allowance', 113, 'DA', 'A', 'Amount', 2000),
	(386, 1, '2023-07-25 04:55:02.125390', '538181f9-39f2-43c8-8596-b7309a7dea58', 'Fixed', 'Allowance', 113, 'HRA', 'A', 'Amount', 2000);
/*!40000 ALTER TABLE `employee_salary_component` ENABLE KEYS */;

-- Dumping structure for table vghrms.employment_type
CREATE TABLE IF NOT EXISTS `employment_type` (
  `id` bigint(20) NOT NULL AUTO_INCREMENT,
  `company_id` bigint(20) DEFAULT NULL,
  `last_modified` datetime(6) DEFAULT NULL,
  `last_modified_by` varchar(255) DEFAULT NULL,
  `name` varchar(255) DEFAULT NULL,
  `status` varchar(255) DEFAULT NULL,
  `subtype` varchar(255) DEFAULT NULL,
  PRIMARY KEY (`id`)
) ENGINE=InnoDB AUTO_INCREMENT=9 DEFAULT CHARSET=latin1;

-- Dumping data for table vghrms.employment_type: ~8 rows (approximately)
DELETE FROM `employment_type`;
/*!40000 ALTER TABLE `employment_type` DISABLE KEYS */;
INSERT INTO `employment_type` (`id`, `company_id`, `last_modified`, `last_modified_by`, `name`, `status`, `subtype`) VALUES
	(1, 1, '2023-03-03 15:16:46.000000', 'Admin', 'Permanent', 'A', NULL),
	(2, 1, '2023-03-03 15:16:46.000000', 'Admin', 'Contract', 'A', NULL),
	(3, 1, '2023-03-03 15:16:46.000000', 'Admin', 'Probation period', 'A', NULL),
	(4, 1, '2023-03-03 15:16:46.000000', 'Admin', 'Trainee', 'A', NULL),
	(5, 2, '2023-03-03 15:16:46.000000', 'Admin', 'Permanent', 'A', NULL),
	(6, 2, '2023-03-03 15:16:46.000000', 'Admin', 'Contract', 'A', NULL),
	(7, 2, '2023-03-03 15:16:46.000000', 'Admin', 'Probation period', 'A', NULL),
	(8, 2, '2023-03-03 15:16:46.000000', 'Admin', 'Trainee', 'A', NULL);
/*!40000 ALTER TABLE `employment_type` ENABLE KEYS */;

-- Dumping structure for table vghrms.esi_details
CREATE TABLE IF NOT EXISTS `esi_details` (
  `id` bigint(20) NOT NULL AUTO_INCREMENT,
  `company_id` bigint(20) DEFAULT NULL,
  `last_modified` datetime(6) DEFAULT NULL,
  `last_modified_by` varchar(255) DEFAULT NULL,
  `additional_esi_rate` varchar(255) DEFAULT NULL,
  `employe_id` bigint(20) DEFAULT NULL,
  `esi_number` varchar(255) DEFAULT NULL,
  `esi_rate` double DEFAULT NULL,
  `is_esi_contribution` bit(1) DEFAULT NULL,
  `re_enumeration_id` bigint(20) DEFAULT NULL,
  `status` varchar(255) DEFAULT NULL,
  `total_esi_rate` double DEFAULT NULL,
  PRIMARY KEY (`id`)
) ENGINE=InnoDB AUTO_INCREMENT=57 DEFAULT CHARSET=latin1;

-- Dumping data for table vghrms.esi_details: ~26 rows (approximately)
DELETE FROM `esi_details`;
/*!40000 ALTER TABLE `esi_details` DISABLE KEYS */;
INSERT INTO `esi_details` (`id`, `company_id`, `last_modified`, `last_modified_by`, `additional_esi_rate`, `employe_id`, `esi_number`, `esi_rate`, `is_esi_contribution`, `re_enumeration_id`, `status`, `total_esi_rate`) VALUES
	(31, 1, '2023-07-12 13:55:13.830689', '538181f9-39f2-43c8-8596-b7309a7dea58', '', 85, '0', 0, b'1', 34, 'A', 0),
	(32, 1, '2023-07-13 06:05:44.111542', '538181f9-39f2-43c8-8596-b7309a7dea58', '', 86, '', NULL, b'0', 35, 'A', NULL),
	(33, 1, '2023-07-14 06:22:19.177424', '538181f9-39f2-43c8-8596-b7309a7dea58', '0', 84, '021000001930000201', 4, b'1', 36, 'A', 4),
	(34, 1, '2023-07-12 14:09:10.537659', '538181f9-39f2-43c8-8596-b7309a7dea58', '', 83, '', NULL, b'0', 37, 'A', NULL),
	(35, 1, '2023-07-13 06:33:47.231822', '538181f9-39f2-43c8-8596-b7309a7dea58', '', 13, '', NULL, b'0', 38, 'A', NULL),
	(36, 1, '2023-07-12 14:11:24.749707', '538181f9-39f2-43c8-8596-b7309a7dea58', '', 88, '', NULL, b'0', 39, 'A', NULL),
	(37, 1, '2023-07-13 05:34:12.585552', '538181f9-39f2-43c8-8596-b7309a7dea58', '', 89, '', NULL, b'0', 40, 'A', NULL),
	(38, 1, '2023-07-13 05:37:55.350573', '538181f9-39f2-43c8-8596-b7309a7dea58', '', 87, '', NULL, b'0', 41, 'A', NULL),
	(39, 1, '2023-07-13 12:37:14.399956', '538181f9-39f2-43c8-8596-b7309a7dea58', '', 90, '', NULL, b'0', 42, 'A', NULL),
	(40, 1, '2023-07-14 04:01:38.833231', '538181f9-39f2-43c8-8596-b7309a7dea58', '', 91, '', NULL, b'0', 43, 'A', NULL),
	(41, 1, '2023-07-14 06:13:08.952780', 'c9c5de82-7567-4023-afdb-7555aa120b96', '0', 92, '87654567654', 4, b'1', 45, 'A', 4),
	(42, 1, '2023-07-14 10:05:40.716152', 'c9c5de82-7567-4023-afdb-7555aa120b96', '0', 93, '98765456789', 4, b'1', 46, 'A', 4),
	(43, 1, '2023-07-17 07:12:07.469213', '538181f9-39f2-43c8-8596-b7309a7dea58', '', 95, '', NULL, b'0', 47, 'A', NULL),
	(44, 1, '2023-07-18 11:18:22.192181', '538181f9-39f2-43c8-8596-b7309a7dea58', '0', 97, '98765445678765455', 4, b'1', 48, 'A', 4),
	(45, 1, '2023-07-19 04:18:43.748265', '538181f9-39f2-43c8-8596-b7309a7dea58', '0', 99, '987654345678', 4, b'1', 49, 'A', 4),
	(46, 1, '2023-07-19 08:44:15.853920', '538181f9-39f2-43c8-8596-b7309a7dea58', '0', 104, '89889898989', 4, b'1', 50, 'A', 4),
	(47, 1, '2023-07-19 08:45:28.998395', 'c9c5de82-7567-4023-afdb-7555aa120b96', '0', 105, '5669876567', 4, b'1', 51, 'A', 4),
	(48, 1, '2023-07-19 08:57:11.319434', 'c9c5de82-7567-4023-afdb-7555aa120b96', '0', 106, '87654345654', 4, b'1', 52, 'A', 4),
	(49, 1, '2023-07-19 09:14:24.741285', 'c9c5de82-7567-4023-afdb-7555aa120b96', '0', 107, '9876543456', 4, b'1', 53, 'A', 4),
	(50, 1, '2023-07-20 07:06:23.990079', '538181f9-39f2-43c8-8596-b7309a7dea58', '0', 109, '9876543344', 4, b'1', 54, 'A', 4),
	(51, 1, '2023-07-20 10:56:51.853537', '538181f9-39f2-43c8-8596-b7309a7dea58', '0', 110, '876543456789', 4, b'1', 55, 'A', 4),
	(52, 1, '2023-07-20 11:41:29.602093', '538181f9-39f2-43c8-8596-b7309a7dea58', '3', 111, '56789865434576890', 1, b'1', 56, 'A', 4),
	(53, 1, '2023-07-21 05:57:59.782121', '538181f9-39f2-43c8-8596-b7309a7dea58', '0', 108, '6876548765457', 4, b'1', 58, 'A', 4),
	(54, 1, '2023-07-21 06:38:45.088277', '538181f9-39f2-43c8-8596-b7309a7dea58', '0', 103, '98765445678', 4, b'1', 59, 'A', 4),
	(55, 1, '2023-07-21 07:15:11.362104', 'c9c5de82-7567-4023-afdb-7555aa120b96', '0', 100, '8765456787654', 4, b'1', 60, 'A', 4),
	(56, 1, '2023-07-25 04:18:04.594654', '538181f9-39f2-43c8-8596-b7309a7dea58', '0', 113, '987654345677', 4, b'1', 61, 'A', 4);
/*!40000 ALTER TABLE `esi_details` ENABLE KEYS */;

-- Dumping structure for table vghrms.family_info
CREATE TABLE IF NOT EXISTS `family_info` (
  `id` bigint(20) NOT NULL AUTO_INCREMENT,
  `company_id` bigint(20) DEFAULT NULL,
  `last_modified` datetime(6) DEFAULT NULL,
  `last_modified_by` varchar(255) DEFAULT NULL,
  `address_id` bigint(20) DEFAULT NULL,
  `date_of_birth` date DEFAULT NULL,
  `employed_at` varchar(255) DEFAULT NULL,
  `employee_id` bigint(20) DEFAULT NULL,
  `is_employed` bit(1) DEFAULT NULL,
  `name` varchar(255) DEFAULT NULL,
  `relation` varchar(255) DEFAULT NULL,
  `status` varchar(255) DEFAULT NULL,
  PRIMARY KEY (`id`)
) ENGINE=InnoDB AUTO_INCREMENT=60 DEFAULT CHARSET=latin1;

-- Dumping data for table vghrms.family_info: ~29 rows (approximately)
DELETE FROM `family_info`;
/*!40000 ALTER TABLE `family_info` DISABLE KEYS */;
INSERT INTO `family_info` (`id`, `company_id`, `last_modified`, `last_modified_by`, `address_id`, `date_of_birth`, `employed_at`, `employee_id`, `is_employed`, `name`, `relation`, `status`) VALUES
	(31, 1, '2023-07-12 12:44:10.355090', '538181f9-39f2-43c8-8596-b7309a7dea58', NULL, '1966-12-20', NULL, 85, NULL, 'Rohit Karvale', 'Father', 'A'),
	(32, 1, '2023-07-20 11:52:24.850996', 'b8f33129-b9ce-43db-b11f-1e1b5c0eda8a', NULL, '1961-09-12', NULL, 87, NULL, ' Mahindra S Patil', 'Father', 'A'),
	(33, 1, '2023-07-12 12:57:52.526112', '538181f9-39f2-43c8-8596-b7309a7dea58', NULL, '1967-08-08', NULL, 83, NULL, 'Ramesh Patil', 'Father', 'A'),
	(34, 1, '2023-07-13 11:06:59.466920', '538181f9-39f2-43c8-8596-b7309a7dea58', NULL, '1998-05-05', NULL, 88, NULL, 'Nilesh Chingale', 'Father', 'A'),
	(35, 1, '2023-07-12 13:57:45.499685', '538181f9-39f2-43c8-8596-b7309a7dea58', NULL, '1967-05-04', NULL, 86, NULL, 'Rajesh Suryavanshi', 'Father', 'A'),
	(36, 1, '2023-07-20 12:48:05.673204', 'c9c5de82-7567-4023-afdb-7555aa120b96', NULL, '1998-07-10', NULL, 13, NULL, 'Ritika Jagtap', 'Wife', 'A'),
	(37, 1, '2023-07-12 14:10:32.594679', '538181f9-39f2-43c8-8596-b7309a7dea58', NULL, '2005-07-06', NULL, 84, NULL, 'Sakshi Narayan', 'Wife', 'A'),
	(38, 1, '2023-07-13 04:17:12.006665', '538181f9-39f2-43c8-8596-b7309a7dea58', NULL, '1995-03-18', NULL, 89, NULL, 'Akshay Gunjal', 'Husband', 'A'),
	(39, 1, '2023-07-13 11:06:59.423905', '538181f9-39f2-43c8-8596-b7309a7dea58', NULL, '1982-02-01', NULL, 88, NULL, 'Sita Chingale', 'Mother', 'A'),
	(40, 1, '2023-07-13 12:26:27.304962', '538181f9-39f2-43c8-8596-b7309a7dea58', NULL, '1988-08-08', NULL, 90, NULL, 'Vishal Nawale', 'Father', 'A'),
	(41, 1, '2023-07-13 17:21:35.272720', '538181f9-39f2-43c8-8596-b7309a7dea58', NULL, '1991-09-27', NULL, 91, NULL, 'Nishan', 'Brother', 'A'),
	(42, 1, '2023-07-14 10:16:55.228148', 'c9c5de82-7567-4023-afdb-7555aa120b96', NULL, '1992-08-19', NULL, 93, NULL, 'SushmA', 'SisteR', 'A'),
	(43, 1, '2023-07-18 10:47:37.010853', '538181f9-39f2-43c8-8596-b7309a7dea58', NULL, '2005-07-07', NULL, 94, NULL, 'Rajveer', 'Son', 'A'),
	(44, 1, '2023-07-18 11:07:47.332952', '538181f9-39f2-43c8-8596-b7309a7dea58', NULL, '2005-07-18', NULL, 97, NULL, 'Vinayak', 'Brother', 'A'),
	(45, 1, '2023-07-19 08:27:13.735385', '538181f9-39f2-43c8-8596-b7309a7dea58', NULL, '2005-07-10', NULL, 104, NULL, 'Ramesh', 'Brother', 'A'),
	(46, 1, '2023-07-20 11:52:24.431284', 'b8f33129-b9ce-43db-b11f-1e1b5c0eda8a', NULL, '2005-07-12', NULL, 87, NULL, 'Abcdefg', 'Adcdefg', 'A'),
	(47, 1, '2023-07-20 11:17:52.949751', '538181f9-39f2-43c8-8596-b7309a7dea58', NULL, '2005-07-01', NULL, 111, NULL, 'Rushabh Jadhav', 'Brother', 'A'),
	(48, 1, '2023-07-21 05:04:44.365859', '538181f9-39f2-43c8-8596-b7309a7dea58', NULL, '1992-04-06', NULL, 112, NULL, 'Sujata', 'Mother', 'A'),
	(49, 1, '2023-07-21 05:04:44.336856', '538181f9-39f2-43c8-8596-b7309a7dea58', NULL, '1988-04-12', NULL, 112, NULL, 'Sharad', 'Father', 'A'),
	(50, 1, '2023-07-21 05:29:15.417139', '538181f9-39f2-43c8-8596-b7309a7dea58', NULL, '2003-05-05', NULL, 109, NULL, 'Kalyani', 'Sister', 'A'),
	(51, 1, '2023-07-21 05:31:42.972026', '538181f9-39f2-43c8-8596-b7309a7dea58', NULL, '1981-12-30', NULL, 110, NULL, 'Nikhil ', 'Brother', 'A'),
	(52, 1, '2023-07-21 06:00:48.628059', '538181f9-39f2-43c8-8596-b7309a7dea58', NULL, '2003-05-13', NULL, 108, NULL, 'Rudra', 'Brother', 'A'),
	(53, 1, '2023-07-21 06:04:46.349078', '538181f9-39f2-43c8-8596-b7309a7dea58', NULL, '1999-08-19', NULL, 107, NULL, 'Ansh ', 'Friend', 'A'),
	(54, 1, '2023-07-21 06:17:16.783296', '538181f9-39f2-43c8-8596-b7309a7dea58', NULL, '1991-08-20', NULL, 106, NULL, 'Athrav', 'Husband', 'A'),
	(55, 1, '2023-07-21 06:24:35.080250', '538181f9-39f2-43c8-8596-b7309a7dea58', NULL, '1977-09-23', NULL, 105, NULL, 'Shivani ', 'Mother', 'A'),
	(56, 1, '2023-07-21 06:48:48.878384', '538181f9-39f2-43c8-8596-b7309a7dea58', NULL, '1972-06-08', NULL, 103, NULL, 'Rajesh', 'Father', 'A'),
	(57, 1, '2023-07-21 07:22:09.207793', 'c9c5de82-7567-4023-afdb-7555aa120b96', NULL, '1976-08-24', NULL, 100, NULL, 'Rani', 'Mother', 'A'),
	(58, 1, '2023-07-21 07:28:37.092661', 'c9c5de82-7567-4023-afdb-7555aa120b96', NULL, '1981-11-25', NULL, 99, NULL, 'Sarang', 'Brother', 'A'),
	(59, 1, '2023-07-25 05:41:02.970170', '538181f9-39f2-43c8-8596-b7309a7dea58', NULL, '1997-02-14', NULL, 113, NULL, 'Somesh More', 'Brother', 'A');
/*!40000 ALTER TABLE `family_info` ENABLE KEYS */;

-- Dumping structure for table vghrms.form_validator
CREATE TABLE IF NOT EXISTS `form_validator` (
  `id` bigint(20) NOT NULL AUTO_INCREMENT,
  `company_id` bigint(20) DEFAULT NULL,
  `last_modified` datetime(6) DEFAULT NULL,
  `last_modified_by` varchar(255) DEFAULT NULL,
  `field_name` varchar(255) DEFAULT NULL,
  `form_name` varchar(255) DEFAULT NULL,
  `status` varchar(255) DEFAULT NULL,
  `type` varchar(255) DEFAULT NULL,
  `value` varchar(255) DEFAULT NULL,
  PRIMARY KEY (`id`)
) ENGINE=InnoDB AUTO_INCREMENT=1272 DEFAULT CHARSET=latin1;

-- Dumping data for table vghrms.form_validator: ~992 rows (approximately)
DELETE FROM `form_validator`;
/*!40000 ALTER TABLE `form_validator` DISABLE KEYS */;
INSERT INTO `form_validator` (`id`, `company_id`, `last_modified`, `last_modified_by`, `field_name`, `form_name`, `status`, `type`, `value`) VALUES
	(1, 1, '2023-05-19 08:22:48.670613', 'b9e8d3d9-3cbb-4dde-ae76-a830b2f4972a', 'bankName', 'BANKSDETAILS', 'A', 'required', 'true'),
	(2, 1, '2023-05-19 08:23:01.734906', 'b9e8d3d9-3cbb-4dde-ae76-a830b2f4972a', 'bankName', 'BANKSDETAILS', 'A', 'minlength', '2'),
	(3, 1, '2023-05-19 08:23:13.219167', 'b9e8d3d9-3cbb-4dde-ae76-a830b2f4972a', 'bankName', 'BANKSDETAILS', 'A', 'maxlength', '50'),
	(4, 1, '2023-05-19 08:23:25.342380', 'b9e8d3d9-3cbb-4dde-ae76-a830b2f4972a', 'bankName', 'BANKSDETAILS', 'A', 'pattern', '^[a-zA-Z ]+$'),
	(5, 1, '2023-05-19 08:23:36.590467', 'b9e8d3d9-3cbb-4dde-ae76-a830b2f4972a', 'branchTransCode', 'BANKDETAILS', 'A', 'required', 'true'),
	(6, 1, '2023-05-19 08:23:51.441895', 'b9e8d3d9-3cbb-4dde-ae76-a830b2f4972a', 'branchTransCode', 'BANKSDETAILS', 'A', 'minlength', '11'),
	(7, 1, '2023-05-19 08:24:09.698584', 'b9e8d3d9-3cbb-4dde-ae76-a830b2f4972a', 'branchTransCode', 'BANKSDETAILS', 'A', 'maxlength', '11'),
	(8, 1, '2023-05-17 04:55:43.706232', 'b9e8d3d9-3cbb-4dde-ae76-a830b2f4972a', 'branchTransCode', 'BANKSDETAILS', 'A', 'pattern', '^[A-Za-z]{4}0[A-Z0-9a-z]{6}$'),
	(9, 1, '2023-05-19 08:25:45.970042', 'b9e8d3d9-3cbb-4dde-ae76-a830b2f4972a', 'accountNumber', 'BANKSDETAILS', 'A', 'required', 'true'),
	(13, 1, '2023-05-17 04:55:43.706232', 'b9e8d3d9-3cbb-4dde-ae76-a830b2f4972a', 'taxNumber', 'BANKSDETAILS', 'A', 'pattern', '^[A-Z]{5}[0-9]{4}[A-Z]$'),
	(14, 1, '2023-05-19 08:24:48.017502', 'b9e8d3d9-3cbb-4dde-ae76-a830b2f4972a', 'taxNumber', 'BANKSDETAILS', 'A', 'maxlength', '10'),
	(15, 1, '2023-05-19 08:24:36.727404', 'b9e8d3d9-3cbb-4dde-ae76-a830b2f4972a', 'taxNumber', 'BANKSDETAILS', 'A', 'minlength', '10'),
	(16, 1, '2023-05-19 08:24:24.542778', 'b9e8d3d9-3cbb-4dde-ae76-a830b2f4972a', 'taxNumber', 'BANKSDETAILS', 'A', 'required', 'true'),
	(22, 1, '2023-05-19 09:33:21.950026', 'b9e8d3d9-3cbb-4dde-ae76-a830b2f4972a', 'isPfContribution', 'PFDETAILS', 'D', 'required', 'false'),
	(24, 1, '2023-05-19 09:33:29.676755', 'b9e8d3d9-3cbb-4dde-ae76-a830b2f4972a', 'pfNumber', 'PFDETAILS', 'D', 'required', 'false'),
	(28, 1, '2023-05-19 09:34:05.159136', 'b9e8d3d9-3cbb-4dde-ae76-a830b2f4972a', 'pfRate', 'PFDETAILS', 'D', 'required', 'false'),
	(32, 1, '2023-05-19 09:34:24.231372', 'b9e8d3d9-3cbb-4dde-ae76-a830b2f4972a', 'additionalPfRate', 'PFDETAILS', 'D', 'required', 'false'),
	(33, 1, '2023-05-19 09:36:44.678080', 'b9e8d3d9-3cbb-4dde-ae76-a830b2f4972a', 'totalPfRate', 'PFDETAILS', 'D', 'required', 'false'),
	(35, 1, '2023-05-19 09:39:03.583064', 'b9e8d3d9-3cbb-4dde-ae76-a830b2f4972a', 'isEsiContribution', 'ESIDETAILS', 'A', 'required', 'true'),
	(36, 1, '2023-05-19 09:38:54.890817', 'b9e8d3d9-3cbb-4dde-ae76-a830b2f4972a', 'esiNumber', 'ESIDETAILS', 'D', 'required', 'false'),
	(39, 1, '2023-05-19 09:38:15.929464', 'b9e8d3d9-3cbb-4dde-ae76-a830b2f4972a', 'esiRate', 'ESIDETAILS', 'D', 'required', 'false'),
	(43, 1, '2023-05-19 09:39:50.697533', 'b9e8d3d9-3cbb-4dde-ae76-a830b2f4972a', 'additionalEsiRate', 'ESIDETAILS', 'D', 'required', 'false'),
	(44, 1, '2023-05-19 09:39:42.207020', 'b9e8d3d9-3cbb-4dde-ae76-a830b2f4972a', 'totalEsiRate', 'ESIDETAILS', 'D', 'required', 'false'),
	(71, 1, '2023-04-05 06:23:15.630573', 'anonymousUser', 'institution', 'EDUCATION', 'A', 'required', 'true'),
	(72, 1, '2023-04-05 06:25:44.156107', 'anonymousUser', 'institution', 'EDUCATION', 'A', 'maxlength', '50'),
	(73, 1, '2023-04-05 06:35:58.223002', 'anonymousUser', 'institution', 'EDUCATION', 'A', 'minlength', '2'),
	(74, 1, '2023-04-05 09:59:40.314608', 'anonymousUser', 'companyName', 'WORKEXPERIENCE', 'A', 'minlength', '2'),
	(75, 1, '2023-04-05 10:00:18.998593', 'anonymousUser', 'companyName', 'WORKEXPERIENCE', 'A', 'required', 'true'),
	(76, 1, '2023-04-05 10:00:45.406089', 'anonymousUser', 'companyName', 'WORKEXPERIENCE', 'A', 'maxlength', '50'),
	(77, 1, '2023-04-05 10:00:45.406089', 'anonymousUser', 'startDate', 'WORKEXPERIENCE', 'A', 'required', 'true'),
	(78, 1, '2023-04-05 10:00:45.406089', 'anonymousUser', 'jobTitle', 'WORKEXPERIENCE', 'A', 'required', 'true'),
	(79, 1, '2023-04-05 10:00:45.406089', 'anonymousUser', 'jobTitle', 'WORKEXPERIENCE', 'A', 'maxlength', '50'),
	(80, 1, '2023-04-05 10:00:45.406089', 'anonymousUser', 'jobTitle', 'WORKEXPERIENCE', 'A', 'minlength', '2'),
	(81, 1, '2023-04-05 10:00:45.406089', 'anonymousUser', 'endDate', 'WORKEXPERIENCE', 'A', 'required', 'true'),
	(82, 1, '2023-04-05 10:00:45.406089', 'anonymousUser', 'jobDesc', 'WORKEXPERIENCE', 'A', 'required', 'true'),
	(83, 1, '2023-04-05 10:00:45.406089', 'anonymousUser', 'jobDesc', 'WORKEXPERIENCE', 'A', 'minlength', '2'),
	(84, 1, '2023-04-05 10:00:45.406089', 'anonymousUser', 'jobDesc', 'WORKEXPERIENCE', 'A', 'maxlength', '50'),
	(96, 1, '2023-04-04 12:42:29.000000', 'User', 'editLeave', 'LEAVETYPE', 'A', 'required', 'true'),
	(97, 1, '2023-04-04 12:42:29.000000', 'User', 'editLeave', 'LEAVETYPE', 'A', 'minlength', '2'),
	(98, 1, '2023-04-04 12:42:29.000000', 'User', 'editLeave', 'LEAVETYPE', 'A', 'maxlength', '50'),
	(99, 1, '2023-04-04 12:42:29.000000', 'User', 'edithasCarryForward', 'LEAVETYPE', 'A', 'required', 'true'),
	(100, 1, '2023-04-04 12:42:29.000000', 'User', 'edithasEarned', 'LEAVETYPE', 'A', 'required', 'true'),
	(101, 1, '2023-04-04 12:42:29.000000', 'User', 'edithasCustomPolicy', 'LEAVETYPE', 'A', 'required', 'true'),
	(102, 1, '2023-04-04 12:42:29.000000', 'User', 'EmployeeName', 'TERMINATION', 'A', 'required', 'true'),
	(103, 1, '2023-04-04 12:42:29.000000', 'User', 'TerminationTyped', 'TERMINATION', 'A', 'required', 'true'),
	(104, 1, '2023-04-04 12:42:29.000000', 'User', 'TerminationDated', 'TERMINATION', 'A', 'required', 'true'),
	(105, 1, '2023-04-04 12:42:29.000000', 'User', 'ReasonName', 'TERMINATION', 'A', 'required', 'true'),
	(106, 1, '2023-04-04 12:42:29.000000', 'User', 'ReasonName', 'TERMINATION', 'A', 'minlength', '2'),
	(107, 1, '2023-04-04 12:42:29.000000', 'User', 'ReasonName', 'TERMINATION', 'A', 'maxlength', '50'),
	(108, 1, '2023-04-04 12:42:29.000000', 'User', 'NoticeDated', 'TERMINATION', 'A', 'required', 'true'),
	(195, 1, '2023-04-21 14:31:07.000000', 'anyonemore', 'noOfHours', 'WORKINGHOURS', 'A', 'required', 'true'),
	(196, 1, '2023-04-21 17:30:05.000000', 'anyonemore', 'employmentTypeId', 'WORKINGHOURS', 'A', 'required', 'true'),
	(197, 1, '2023-04-21 17:44:02.000000', 'anyonemore', 'status', 'WORKINGHOURS', 'A', 'required', 'true'),
	(198, 1, '2023-04-21 17:57:09.000000', 'anyonemore', 'refTable', 'WORKINGHOURS', 'A', 'required', 'true'),
	(199, 1, '2023-04-21 21:03:55.000000', 'anyonemore', 'day', 'WORKDAYSSETTING', 'A', 'required', 'true'),
	(200, 1, '2023-04-21 21:11:13.000000', 'anyonemore', 'day', 'WORKDAYSSETTING', 'A', 'minlength', '2'),
	(201, 1, '2023-04-21 21:13:23.000000', 'anyonemore', 'day', 'WORKDAYSSETTING', 'A', 'maxlength', '50'),
	(202, 1, '2023-04-21 21:16:10.000000', 'anyonemore', 'hours', 'WORKDAYSSETTING', 'A', 'required', 'true'),
	(203, 1, '2023-04-21 21:22:40.000000', 'anyonemore', 'dayOff', 'WORKDAYSSETTING', 'A', 'required', 'true'),
	(204, 1, '2023-04-22 17:02:51.000000', 'anyonemore', 'status', 'WORKDAYSSETTING', 'A', 'required', 'true'),
	(205, 1, '2023-04-22 17:17:12.000000', 'anyonemore', 'type', 'TRAININGTYPE', 'A', 'required', 'true'),
	(206, 1, '2023-04-22 17:21:59.000000', 'anyonemore', 'type', 'TRAININGTYPE', 'A', 'minlength', '2'),
	(207, 1, '2023-04-22 17:24:06.000000', 'anyonemore', 'type', 'TRAININGTYPE', 'A', 'maxlength', '50'),
	(208, 1, '2023-04-22 17:25:45.000000', 'anyonemore', 'description', 'TRAININGTYPE', 'A', 'required', 'true'),
	(209, 1, '2023-04-22 17:27:37.000000', 'anyonemore', 'description', 'TRAININGTYPE', 'A', 'minlength', '2'),
	(210, 1, '2023-04-22 17:30:06.000000', 'anyonemore', 'description', 'TRAININGTYPE', 'A', 'maxlength', '50'),
	(211, 1, '2023-04-22 17:32:11.000000', 'anyonemore', 'status', 'TRAININGTYPE', 'A', 'required', 'true'),
	(212, 1, '2023-04-22 18:07:41.000000', 'anyonemore', 'trainingCost', 'TRAINING', 'A', 'required', 'true'),
	(213, 1, '2023-04-22 18:26:36.000000', 'anyonemore', 'description', 'TRAINING', 'A', 'required', 'true'),
	(214, 1, '2023-04-22 18:28:21.000000', 'anyonemore', 'description', 'TRAINING', 'A', 'minlength', '2'),
	(215, 1, '2023-04-22 18:29:50.000000', 'anyonemore', 'description', 'TRAINING', 'A', 'maxlength', '50'),
	(216, 1, '2023-04-22 18:36:43.000000', 'anyonemore', 'trainingStatus', 'TRAINING', 'A', 'required', 'true'),
	(217, 1, '2023-04-22 18:37:36.000000', 'anyonemore', 'trainingStatus', 'TRAINING', 'A', 'minlength', '2'),
	(218, 1, '2023-04-22 18:39:01.000000', 'anyonemore', 'trainingStatus', 'TRAINING', 'A', 'maxlength', '50'),
	(219, 1, '2023-04-22 18:42:35.000000', 'anyonemore', 'status', 'TRAINING', 'A', 'required', 'true'),
	(220, 1, '2023-04-22 18:47:10.000000', 'anyonemore', 'trainerId', 'TRAINING', 'A', 'required', 'true'),
	(221, 1, '2023-04-22 19:41:10.000000', 'anyonemore', 'firstName', 'TRAINER', 'A', 'required', 'true'),
	(222, 1, '2023-04-22 19:41:44.000000', 'anyonemore', 'firstName', 'TRAINER', 'A', 'minlength', '2'),
	(223, 1, '2023-04-22 19:42:32.000000', 'anyonemore', 'firstName', 'TRAINER', 'A', 'maxlength', '50'),
	(224, 1, '2023-04-22 19:49:07.000000', 'anyonemore', 'lastName', 'TRAINER', 'A', 'required', 'true'),
	(225, 1, '2023-04-22 19:49:44.000000', 'anyonemore', 'lastName', 'TRAINER', 'A', 'minlength', '2'),
	(226, 1, '2023-04-22 19:50:43.000000', 'anyonemore', 'lastName', 'TRAINER', 'A', 'maxlength', '50'),
	(227, 1, '2023-04-22 19:55:43.000000', 'anyonemore', 'description', 'TRAINER', 'A', 'required', 'true'),
	(228, 1, '2023-04-22 19:56:35.000000', 'anyonemore', 'description', 'TRAINER', 'A', 'minlength', '2'),
	(229, 1, '2023-04-22 19:57:27.000000', 'anyonemore', 'description', 'TRAINER', 'A', 'maxlength', '50'),
	(230, 1, '2023-04-22 20:02:18.000000', 'anyonemore', 'role', 'TRAINER', 'A', 'required', 'true'),
	(231, 1, '2023-04-22 20:02:55.000000', 'anyonemore', 'role', 'TRAINER', 'A', 'minlength', '2'),
	(232, 1, '2023-04-22 20:03:29.000000', 'anyonemore', 'role', 'TRAINER', 'A', 'maxlength', '50'),
	(233, 1, '2023-04-22 20:05:38.000000', 'anyonemore', 'status', 'TRAINER', 'A', 'required', 'true'),
	(240, 1, '2023-04-24 11:43:09.000000', 'anyonemore', 'taxExempSection', 'TAXEXEMPSECTION', 'A', 'required', 'true'),
	(241, 1, '2023-04-24 11:43:39.000000', 'anyonemore', 'taxExempSection', 'TAXEXEMPSECTION', 'A', 'minlength', '2'),
	(242, 1, '2023-04-24 11:44:25.000000', 'anyonemore', 'taxExempSection', 'TAXEXEMPSECTION', 'A', 'maxlength', '100'),
	(245, 1, '2023-04-24 11:55:24.000000', 'anyonemore', 'status', 'TAXEXEMPSECTION', 'A', 'required', 'true'),
	(246, 1, '2023-04-24 12:19:36.000000', 'anyonemore', 'empName', 'TERMINATION', 'A', 'required', 'true'),
	(247, 1, '2023-04-24 12:20:10.000000', 'anyonemore', 'empName', 'TERMINATION', 'A', 'minlength', '2'),
	(248, 1, '2023-04-24 12:21:02.000000', 'anyonemore', 'empName', 'TERMINATION', 'A', 'maxlength', '50'),
	(249, 1, '2023-04-24 12:29:42.000000', 'anyonemore', 'terminationType', 'TERMINATION', 'A', 'required', 'true'),
	(250, 1, '2023-04-24 12:30:28.000000', 'anyonemore', 'terminationType', 'TERMINATION', 'A', 'minlength', '2'),
	(251, 1, '2023-04-24 12:32:10.000000', 'anyonemore', 'terminationType', 'TERMINATION', 'A', 'maxlength', '50'),
	(252, 1, '2023-04-24 12:34:20.000000', 'anyonemore', 'reason', 'TERMINATION', 'A', 'required', 'true'),
	(253, 1, '2023-04-24 12:34:51.000000', 'anyonemore', 'reason', 'TERMINATION', 'A', 'minlength', '2'),
	(254, 1, '2023-04-24 12:35:21.000000', 'anyonemore', 'reason', 'TERMINATION', 'A', 'maxlength', '50'),
	(255, 1, '2023-04-24 12:36:38.000000', 'anyonemore', 'status', 'TERMINATION', 'A', 'required', 'true'),
	(256, 1, '2023-04-24 13:00:06.000000', 'anyonemore', 'slab', 'TAXSLAB', 'A', 'required', 'true'),
	(257, 1, '2023-04-24 13:00:43.000000', 'anyonemore', 'slab', 'TAXSLAB', 'A', 'minlength', '1'),
	(258, 1, '2023-04-24 13:01:12.000000', 'anyonemore', 'slab', 'TAXSLAB', 'A', 'maxlength', '50'),
	(259, 1, '2023-04-24 13:09:19.000000', 'anyonemore', 'amtFrom', 'TAXSLAB', 'A', 'required', 'true'),
	(260, 1, '2023-04-24 13:10:17.000000', 'anyonemore', 'amtTo', 'TAXSLAB', 'A', 'required', 'true'),
	(261, 1, '2023-04-24 13:10:53.000000', 'anyonemore', 'taxPercentage', 'TAXSLAB', 'A', 'required', 'true'),
	(262, 1, '2023-04-24 14:09:01.000000', 'anyonemore', 'taxRegimeId', 'TAXSLAB', 'A', 'required', 'true'),
	(264, 1, '2023-04-24 14:12:00.000000', 'anyonemore', 'status', 'TAXSLAB', 'A', 'required', 'true'),
	(265, 1, '2023-04-24 14:35:04.000000', 'anyonemore', 'taxRegimeName', 'TAXREGIME', 'A', 'required', 'true'),
	(266, 1, '2023-04-24 14:36:39.000000', 'anyonemore', 'taxRegimeName', 'TAXREGIME', 'A', 'minlength', '2'),
	(267, 1, '2023-04-24 14:37:21.000000', 'anyonemore', 'taxRegimeName', 'TAXREGIME', 'A', 'maxlength', '50'),
	(268, 1, '2023-04-24 14:42:33.000000', 'anyonemore', 'status', 'TAXREGIME', 'A', 'required', 'true'),
	(272, 1, '2023-04-24 16:06:43.000000', 'anyonemore', 'stateName', 'STATE', 'A', 'minlength', '2'),
	(273, 1, '2023-04-24 16:07:23.000000', 'anyonemore', 'stateName', 'STATE', 'A', 'maxlength', '50'),
	(274, 1, '2023-04-24 16:09:35.000000', 'anyonemore', 'lgdCode', 'STATE', 'A', 'required', 'true'),
	(275, 1, '2023-04-24 16:10:22.000000', 'anyonemore', 'stateName', 'STATE', 'A', 'required', 'true'),
	(293, 1, '2023-04-24 17:45:21.000000', 'anyonemore', 'name', 'EMPLOYEESALARYCOMPONENT', 'A', 'required', 'true'),
	(294, 1, '2023-04-24 17:45:53.000000', 'anyonemore', 'name', 'EMPLOYEESALARYCOMPONENT', 'A', 'minlength', '2'),
	(295, 1, '2023-04-24 17:46:36.000000', 'anyonemore', 'name', 'EMPLOYEESALARYCOMPONENT', 'A', 'maxlength', '50'),
	(296, 1, '2023-04-24 17:47:17.000000', 'anyonemore', 'type', 'EMPLOYEESALARYCOMPONENT', 'A', 'required', 'true'),
	(297, 1, '2023-04-24 17:47:51.000000', 'anyonemore', 'type', 'EMPLOYEESALARYCOMPONENT', 'A', 'minlength', '2'),
	(298, 1, '2023-04-24 17:48:31.000000', 'anyonemore', 'type', 'EMPLOYEESALARYCOMPONENT', 'A', 'maxlength', '50'),
	(299, 1, '2023-04-24 17:49:43.000000', 'anyonemore', 'value', 'EMPLOYEESALARYCOMPONENT', 'A', 'required', 'true'),
	(300, 1, '2023-04-24 17:50:28.000000', 'anyonemore', 'componentTypeFlag', 'EMPLOYEESALARYCOMPONENT', 'A', 'required', 'true'),
	(301, 1, '2023-04-24 17:51:06.000000', 'anyonemore', 'componentTypeFlag', 'EMPLOYEESALARYCOMPONENT', 'A', 'minlength', '2'),
	(302, 1, '2023-04-24 17:51:47.000000', 'anyonemore', 'componentTypeFlag', 'EMPLOYEESALARYCOMPONENT', 'A', 'maxlength', '50'),
	(303, 1, '2023-04-24 17:52:35.000000', 'anyonemore', 'catagory', 'EMPLOYEESALARYCOMPONENT', 'A', 'required', 'true'),
	(304, 1, '2023-04-24 17:53:32.000000', 'anyonemore', 'catagory', 'EMPLOYEESALARYCOMPONENT', 'A', 'minlength', '2'),
	(305, 1, '2023-04-24 17:54:09.000000', 'anyonemore', 'catagory', 'EMPLOYEESALARYCOMPONENT', 'A', 'maxlength', '50'),
	(306, 1, '2023-04-24 17:54:50.000000', 'anyonemore', 'status', 'EMPLOYEESALARYCOMPONENT', 'A', 'required', 'true'),
	(307, 1, '2023-04-24 18:19:26.000000', 'anyonemore', 'empName', 'RESIGNATION', 'A', 'required', 'true'),
	(308, 1, '2023-04-24 18:19:55.000000', 'anyonemore', 'empName', 'RESIGNATION', 'A', 'minlength', '2'),
	(309, 1, '2023-04-24 18:20:25.000000', 'anyonemore', 'empName', 'RESIGNATION', 'A', 'maxlength', '50'),
	(310, 1, '2023-04-24 18:21:07.000000', 'anyonemore', 'noticePeriodIndays', 'RESIGNATION', 'A', 'required', 'true'),
	(311, 1, '2023-04-24 18:21:46.000000', 'anyonemore', 'reason', 'RESIGNATION', 'A', 'required', 'true'),
	(312, 1, '2023-04-24 18:22:15.000000', 'anyonemore', 'reason', 'RESIGNATION', 'A', 'minlength', '2'),
	(313, 1, '2023-04-24 18:23:07.000000', 'anyonemore', 'reason', 'RESIGNATION', 'A', 'maxlength', '50'),
	(314, 1, '2023-04-24 18:23:48.000000', 'anyonemore', 'resignStatus', 'RESIGNATION', 'A', 'required', 'true'),
	(315, 1, '2023-04-24 18:24:18.000000', 'anyonemore', 'resignStatus', 'RESIGNATION', 'A', 'minlength', '2'),
	(316, 1, '2023-04-24 18:24:56.000000', 'anyonemore', 'resignStatus', 'RESIGNATION', 'A', 'maxlength', '50'),
	(317, 1, '2023-04-24 18:27:08.000000', 'anyonemore', 'status', 'RESIGNATION', 'A', 'required', 'true'),
	(321, 1, '2023-04-25 09:40:56.000000', 'anyonemore', 'salaryType', 'REMUNERATION', 'A', 'required', 'true'),
	(325, 1, '2023-04-25 09:44:30.000000', 'anyonemore', 'paymentType', 'REMUNERATION', 'A', 'required', 'true'),
	(328, 1, '2023-04-25 09:46:59.000000', 'anyonemore', 'employeeId', 'REMUNERATION', 'A', 'required', 'true'),
	(329, 1, '2023-04-25 09:47:44.000000', 'anyonemore', 'status', 'REMUNERATION', 'A', 'required', 'true'),
	(330, 1, '2023-04-25 10:04:21.000000', 'anyonemore', 'regionName', 'REGION', 'A', 'required', 'true'),
	(331, 1, '2023-04-25 10:04:56.000000', 'anyonemore', 'regionName', 'REGION', 'A', 'minlength', '2'),
	(332, 1, '2023-04-25 10:05:37.000000', 'anyonemore', 'regionName', 'REGION', 'A', 'maxlength', '50'),
	(333, 1, '2023-04-25 10:06:17.000000', 'anyonemore', 'description', 'REGION', 'A', 'required', 'true'),
	(334, 1, '2023-04-25 10:06:50.000000', 'anyonemore', 'description', 'REGION', 'A', 'minlength', '2'),
	(335, 1, '2023-04-25 10:07:57.000000', 'anyonemore', 'description', 'REGION', 'A', 'maxlength', '50'),
	(336, 1, '2023-04-25 10:09:34.000000', 'anyonemore', 'status', 'REGION', 'A', 'required', 'true'),
	(337, 1, '2023-04-25 11:10:46.000000', 'anyonemore', 'promotionFor', 'PROMOTION', 'A', 'required', 'true'),
	(338, 1, '2023-04-25 11:12:38.000000', 'anyonemore', 'promotedFrom', 'PROMOTION', 'A', 'required', 'true'),
	(339, 1, '2023-04-25 11:14:04.000000', 'anyonemore', 'promotedTo', 'PROMOTION', 'A', 'required', 'true'),
	(340, 1, '2023-04-25 11:16:47.000000', 'anyonemore', 'status', 'PROMOTION', 'A', 'required', 'true'),
	(348, 1, '2023-04-25 11:35:03.000000', 'anyonemore', 'employeeId', 'PFDETAILS', 'A', 'required', 'true'),
	(349, 1, '2023-04-25 11:35:33.000000', 'anyonemore', 'reEnumerationId', 'PFDETAILS', 'D', 'required', 'true'),
	(350, 1, '2023-04-25 11:36:03.000000', 'anyonemore', 'status', 'PFDETAILS', 'A', 'required', 'true'),
	(351, 1, '2023-04-25 11:57:12.000000', 'anyonemore', 'type', 'PERSONALID', 'A', 'required', 'true'),
	(352, 1, '2023-04-25 11:57:40.000000', 'anyonemore', 'type', 'PERSONALID', 'A', 'minlength', '2'),
	(353, 1, '2023-04-25 11:58:17.000000', 'anyonemore', 'type', 'PERSONALID', 'A', 'maxlength', '50'),
	(354, 1, '2023-04-25 11:58:57.000000', 'anyonemore', 'number', 'PERSONALID', 'A', 'required', 'true'),
	(355, 1, '2023-04-25 12:01:28.000000', 'anyonemore', 'issuingAuthority', 'PERSONALID', 'A', 'required', 'true'),
	(356, 1, '2023-04-25 12:02:16.000000', 'anyonemore', 'issuingAuthority', 'PERSONALID', 'A', 'minlength', '2'),
	(357, 1, '2023-04-25 12:02:54.000000', 'anyonemore', 'issuingAuthority', 'PERSONALID', 'A', 'maxlength', '50'),
	(358, 1, '2023-04-25 12:03:45.000000', 'anyonemore', 'docUrl', 'PERSONALID', 'A', 'required', 'true'),
	(359, 1, '2023-04-25 12:04:26.000000', 'anyonemore', 'docUrl', 'PERSONALID', 'A', 'minlength', '2'),
	(360, 1, '2023-04-25 12:05:13.000000', 'anyonemore', 'docUrl', 'PERSONALID', 'A', 'maxlength', '50'),
	(361, 1, '2023-04-25 12:05:59.000000', 'anyonemore', 'employeeId', 'PERSONALID', 'A', 'required', 'true'),
	(363, 1, '2023-04-25 12:25:26.000000', 'anyonemore', 'telephoneNo', 'PERSONALDETAILS', 'A', 'required', 'true'),
	(364, 1, '2023-04-25 12:27:22.000000', 'anyonemore', 'nationality', 'PERSONALDETAILS', 'A', 'required', 'true'),
	(365, 1, '2023-04-25 12:27:53.000000', 'anyonemore', 'nationality', 'PERSONALDETAILS', 'A', 'minlength', '2'),
	(366, 1, '2023-04-25 12:28:27.000000', 'anyonemore', 'nationality', 'PERSONALDETAILS', 'A', 'maxlength', '50'),
	(367, 1, '2023-04-25 12:29:11.000000', 'anyonemore', 'maritalStatus', 'PERSONALDETAILS', 'A', 'required', 'true'),
	(368, 1, '2023-04-25 12:29:44.000000', 'anyonemore', 'maritalStatus', 'PERSONALDETAILS', 'A', 'minlength', '2'),
	(369, 1, '2023-04-25 12:30:32.000000', 'anyonemore', 'maritalStatus', 'PERSONALDETAILS', 'A', 'maxlength', '50'),
	(370, 1, '2023-04-25 12:31:16.000000', 'anyonemore', 'religion', 'PERSONALDETAILS', 'A', 'required', 'true'),
	(371, 1, '2023-04-25 12:31:54.000000', 'anyonemore', 'religion', 'PERSONALDETAILS', 'A', 'minlength', '2'),
	(372, 1, '2023-04-25 12:32:29.000000', 'anyonemore', 'religion', 'PERSONALDETAILS', 'A', 'maxlength', '50'),
	(373, 1, '2023-04-25 12:33:17.000000', 'anyonemore', 'employeeId', 'PERSONALDETAILS', 'A', 'required', 'true'),
	(374, 1, '2023-04-25 12:34:47.000000', 'anyonemore', 'bloodGroup', 'PERSONALDETAILS', 'A', 'required', 'true'),
	(377, 1, '2023-04-25 12:37:11.000000', 'anyonemore', 'status', 'PERSONALDETAILS', 'A', 'required', 'true'),
	(378, 1, '2023-04-25 12:43:41.000000', 'pradeep', 'dateOfBirth', 'PERSONALDETAILS', 'A', 'required', 'true'),
	(382, 1, '2023-04-19 14:52:43.000000', NULL, 'line1', 'ADDRESS', 'A', 'required', 'true'),
	(383, 1, '2023-04-19 14:52:45.000000', NULL, 'line1', 'ADDRESS', 'A', 'minlength', '2'),
	(384, 1, '2023-04-19 14:52:46.000000', NULL, 'line1', 'ADDRESS', 'A', 'maxlength', '100'),
	(391, 1, '2023-04-19 14:53:00.000000', NULL, 'state', 'ADDRESS', 'A', 'required', 'true'),
	(392, 1, '2023-04-19 14:53:05.000000', NULL, 'state', 'ADDRESS', 'A', 'minlength', '2'),
	(393, 1, '2023-04-19 14:53:07.000000', 'user', 'state', 'ADDRESS', 'A', 'maxlength', '50'),
	(394, 3, '2023-04-19 14:53:08.000000', NULL, 'city', 'ADDRESS', 'A', 'required', 'true'),
	(395, 3, '2023-04-19 14:53:10.000000', 'user', 'city', 'ADDRESS', 'A', 'minlength', '2'),
	(396, 3, '2023-04-19 14:53:11.000000', 'anonymousUser', 'city', 'ADDRESS', 'A', 'maxlength', '50'),
	(399, 1, '2023-04-19 14:53:13.000000', NULL, 'branchName', 'BRANCH', 'A', 'required', 'true'),
	(400, 1, '2023-04-20 10:37:03.000000', NULL, 'designationId', 'APPROVALLEVEL', 'A', 'required', 'true'),
	(401, 1, '2023-04-20 10:37:06.000000', NULL, 'sequence', 'APPROVALLEVEL', 'A', 'required', 'true'),
	(402, 1, '2023-04-20 10:37:08.000000', NULL, 'approvalSettingId', 'APPROVALLEVEL', 'A', 'required', 'true'),
	(403, 1, '2023-04-20 10:37:08.000000', NULL, 'status', 'APPROVALLEVEL', 'A', 'required', 'true'),
	(404, 1, '2023-04-20 10:37:08.000000', NULL, 'approverEmployeeId', 'APPROVAL', 'A', 'required', 'true'),
	(405, 1, '2023-04-20 10:37:08.000000', NULL, 'approvalStatus', 'APPROVAL', 'A', 'required', 'true'),
	(406, 1, '2023-04-20 10:37:08.000000', NULL, 'approvalStatus', 'APPROVAL', 'A', 'minlength', '2'),
	(407, 1, '2023-04-20 10:37:08.000000', 'anonymousUser', 'approvalStatus', 'APPROVAL', 'A', 'maxlength', '50'),
	(408, 1, '2023-04-20 10:37:08.000000', NULL, 'refTable', 'APPROVAL', 'A', 'required', 'true'),
	(410, 1, '2023-04-20 10:37:08.000000', 'anonymousUser', 'status', 'APPROVALLEVEL', 'A', 'required', 'true'),
	(411, 1, '2023-04-20 10:37:08.000000', NULL, 'type', 'APPROVALSETTING', 'A', 'required', 'true'),
	(412, 1, '2023-04-20 10:37:08.000000', NULL, 'type', 'APPROVALSETTING', 'A', 'minlength', '2'),
	(413, 1, '2023-04-20 10:37:08.000000', 'anonymousUser', 'type', 'APPROVALSETTING', 'A', 'maxlength', '50'),
	(414, 1, '2023-04-21 09:50:27.000000', NULL, 'approvalCategory', 'APPROVALSETTING', 'A', 'required', 'true'),
	(415, 1, '2023-04-21 09:50:27.000000', NULL, 'status', 'APPROVALSETTING', 'A', 'required', 'true'),
	(416, 1, '2023-04-21 10:37:08.000000', NULL, 'assetId', 'AssetApplication', 'A', 'required', 'true'),
	(417, 1, '2023-04-20 10:37:08.000000', NULL, 'assetype', 'AssetApplication', 'A', 'required', 'true'),
	(418, 1, '2023-04-20 11:37:08.000001', NULL, 'assetype', 'AssetApplication', 'A', 'minlength', '2'),
	(419, 1, '2023-04-20 10:37:08.000000', 'anonymousUser', 'assetype', 'AssetApplication', 'A', 'maxlength', '50'),
	(420, 1, '2023-04-20 10:37:08.000000', NULL, 'quantity', 'AssetApplication', 'A', 'required', 'true'),
	(421, 1, '2023-04-20 10:37:08.000000', NULL, 'reqStatus', 'AssetApplication', 'A', 'required', 'true'),
	(422, 1, '2023-04-20 10:37:08.000000', 'anonymousUser', 'reqStatus', 'AssetApplication', 'A', 'minlength', '2'),
	(423, 1, '2023-04-20 10:37:08.000000', NULL, 'reqStatus', 'AssetApplication', 'A', 'maxlength', '50'),
	(424, 1, '2023-04-20 10:37:08.000000', NULL, 'status', 'AssetApplication', 'A', 'required', 'true'),
	(425, 1, '2023-04-20 10:37:08.000000', NULL, 'assetName', 'AssetInventory', 'A', 'required', 'true'),
	(426, 1, '2023-04-20 10:37:08.000000', NULL, 'assetName', 'AssetInventory', 'A', 'minlength', '2'),
	(427, 1, '2023-04-20 10:37:08.000000', NULL, 'assetName', 'AssetInventory', 'A', 'maxlength', '50'),
	(431, 1, '2023-04-21 14:35:35.000000', NULL, 'supplier', 'AssetInventory', 'A', 'required', 'true'),
	(432, 1, '2023-04-21 14:35:35.000000', NULL, 'supplier', 'AssetInventory', 'A', 'minlength', '2'),
	(433, 1, '2023-04-21 14:35:35.000000', 'anonymousUser', 'supplier', 'AssetInventory', 'A', 'maxlength', '50'),
	(434, 1, '2023-04-21 14:35:35.000000', NULL, 'model', 'AssetInventory', 'A', 'required', 'true'),
	(435, 1, '2023-04-21 14:35:35.000000', NULL, 'model', 'AssetInventory', 'A', 'minlength', '2'),
	(436, 1, '2023-04-21 14:35:35.000000', 'anonymousUser', 'model', 'AssetInventory', 'A', 'maxlength', '50'),
	(437, 1, '2023-04-21 14:35:35.000000', NULL, 'manufacturer', 'AssetInventory', 'A', 'required', 'true'),
	(438, 1, '2023-04-21 14:35:35.000000', NULL, 'manufacturer', 'AssetInventory', 'A', 'minlength', '2'),
	(439, 1, '2023-04-21 14:35:35.000000', 'anonymousUser', 'manufacturer', 'AssetInventory', 'A', 'maxlength', '50'),
	(440, 1, '2023-04-21 14:35:35.000000', NULL, 'warrantyInMonths', 'AssetInventory', 'A', 'required', 'true'),
	(441, 1, '2023-04-21 14:35:35.000000', NULL, 'status', 'AssetInventory', 'A', 'required', 'true'),
	(451, 1, '2023-04-21 14:35:35.000000', NULL, 'branchTransCode', 'BANKSDETAILS', 'A', 'required', 'true'),
	(458, 1, '2023-04-21 14:35:35.000000', NULL, 'refTable', 'BANKSDETAILS', 'A', 'required', 'true'),
	(462, 1, '2023-04-21 14:35:35.000000', NULL, 'customPolicyName', 'CustomLeavePolicy', 'A', 'required', 'true'),
	(463, 1, '2023-04-21 14:35:35.000000', NULL, 'customPolicyName', 'CustomLeavePolicy', 'A', 'minlength', '2'),
	(464, 1, '2023-04-21 14:35:35.000000', NULL, 'customPolicyName', 'CustomLeavePolicy', 'A', 'maxlength', '50'),
	(465, 1, '2023-04-21 14:35:35.000000', NULL, 'days', 'CustomLeavePolicy', 'A', 'required', 'true'),
	(466, 1, '2023-04-21 14:35:35.000000', NULL, 'status', 'CustomLeavePolicy', 'A', 'required', 'true'),
	(467, 1, '2023-04-21 14:35:35.000000', NULL, 'name', 'Deduction', 'A', 'required', 'true'),
	(468, 1, '2023-04-21 14:35:35.000000', NULL, 'name', 'Deduction', 'A', 'minlength', '2'),
	(469, 1, '2023-04-21 14:35:35.000000', 'anonymousUser', 'name', 'Deduction', 'A', 'maxlength', '50'),
	(470, 1, '2023-04-21 14:35:35.000000', NULL, 'status', 'Deduction', 'A', 'required', 'true'),
	(471, 1, '2023-04-21 14:35:35.000000', NULL, 'employeeId', 'Deduction', 'A', 'required', 'true'),
	(472, 1, '2023-04-21 14:35:35.000000', NULL, 'docType', 'Document', 'A', 'required', 'true'),
	(473, 1, '2023-04-21 14:35:35.000000', NULL, 'docCategory', 'Document', 'A', 'required', 'true'),
	(474, 1, '2023-04-21 14:35:35.000000', NULL, 'fileName', 'Document', 'A', 'required', 'true'),
	(475, 1, '2023-04-21 14:35:35.000000', NULL, 'fileName', 'Document', 'A', 'minlength', '2'),
	(476, 1, '2023-04-21 14:35:35.000000', NULL, 'fileName', 'Document', 'A', 'maxlength', '50'),
	(477, 1, '2023-04-21 14:35:35.000000', NULL, 'contentType', 'Document', 'A', 'required', 'true'),
	(478, 1, '2023-04-21 14:35:35.000000', NULL, 'contentType', 'Document', 'A', 'minlength', '2'),
	(479, 1, '2023-04-21 14:35:35.000000', 'anonymousUser', 'contentType', 'Document', 'A', 'maxlength', '50'),
	(480, 1, '2023-04-21 14:35:35.000000', NULL, 'refTable', 'Document', 'A', 'required', 'true'),
	(481, 1, '2023-04-21 14:35:35.000000', NULL, 'status', 'Document', 'A', 'required', 'true'),
	(482, 1, '2023-04-21 14:35:35.000000', NULL, 'amount', 'EmployeeExemption', 'A', 'required', 'true'),
	(483, 1, '2023-04-21 14:35:35.000000', NULL, 'taxExemSubSectionId', 'EmployeeExemption', 'A', 'required', 'true'),
	(484, 1, '2023-04-21 14:35:35.000000', NULL, 'exemptionStatus', 'EmployeeExemption', 'A', 'required', 'true'),
	(485, 1, '2023-04-21 14:35:35.000000', NULL, 'status', 'EmployeeExemption', 'A', 'required', 'true'),
	(486, 1, '2023-04-21 14:35:35.000000', NULL, ' name', 'EmploymentType', 'A', 'required', 'true'),
	(487, 1, '2023-04-21 14:35:35.000000', NULL, ' name', 'EmploymentType', 'A', 'minlength', '2'),
	(488, 1, '2023-04-21 14:35:35.000000', NULL, ' name', 'EmploymentType', 'A', 'maxlength', '50'),
	(489, 1, '2023-04-21 14:35:35.000000', NULL, 'subtype', 'EmploymentType', 'A', 'required', 'true'),
	(490, 1, '2023-04-21 14:35:35.000000', NULL, 'subtype', 'EmploymentType', 'A', 'minlength', '2'),
	(491, 1, '2023-04-21 14:35:35.000000', 'anonymousUser', 'subtype', 'EmploymentType', 'A', 'maxlength', '50'),
	(492, 1, '2023-04-21 14:35:35.000000', NULL, 'status', 'EmploymentType', 'A', 'required', 'true'),
	(499, 1, '2023-05-19 10:15:45.063395', 'b9e8d3d9-3cbb-4dde-ae76-a830b2f4972a', ' status', 'ESIDETAILS', 'A', 'required', 'true'),
	(500, 1, '2023-04-21 14:35:35.000000', NULL, 'name', 'FAMILYINFO', 'A', 'required', 'true'),
	(501, 1, '2023-04-21 14:35:35.000000', NULL, 'name', 'FAMILYINFO', 'A', 'minlength', '2'),
	(502, 1, '2023-04-21 14:35:35.000000', 'anonymousUser', 'name', 'FAMILYINFO', 'A', 'maxlength', '50'),
	(503, 1, '2023-04-21 14:35:35.000000', NULL, 'relation', 'FAMILYINFO', 'A', 'required', 'true'),
	(504, 1, '2023-04-21 14:35:35.000000', NULL, 'relation', 'FAMILYINFO', 'A', 'minlength', '2'),
	(505, 1, '2023-04-21 14:35:35.000000', 'anonymousUser', 'relation', 'FAMILYINFO', 'A', 'maxlength', '50'),
	(509, 1, '2023-04-21 14:35:35.000000', NULL, 'status', 'FAMILYINFO', 'A', 'required', 'true'),
	(517, 1, '2023-04-26 05:23:01.283880', 'anonymousUser', 'leaveType', 'LeaveApplication', 'A', 'required', 'true'),
	(520, 1, '2023-04-26 05:23:01.283880', 'anonymousUser', 'noOfDays', 'LeaveApplication', 'A', 'required', 'true'),
	(521, 1, '2023-04-26 05:23:01.283880', 'anonymousUser', 'reason', 'LeaveApplication', 'A', 'required', 'true'),
	(522, 1, '2023-04-26 05:23:01.283880', 'anonymousUser', 'reason', 'LeaveApplication', 'A', 'minlength', '2'),
	(523, 1, '2023-04-26 05:23:01.283880', 'anonymousUser', 'reason', 'LeaveApplication', 'A', 'maxlength', '50'),
	(524, 1, '2023-04-26 05:23:01.283880', 'anonymousUser', 'leaveStatus', 'LeaveApplication', 'A', 'required', 'true'),
	(525, 1, '2023-04-26 05:23:01.283880', 'anonymousUser', 'status', 'LeaveApplication', 'A', 'required', 'true'),
	(527, 1, '2023-04-26 05:23:01.283880', 'anonymousUser', 'isCarryForword', 'LeavePolicy', 'A', 'required', 'true'),
	(529, 1, '2023-04-26 05:23:01.283880', 'anonymousUser', 'totalLeave', 'LeavePolicy', 'A', 'required', 'true'),
	(530, 1, '2023-04-26 05:23:01.283880', 'anonymousUser', 'maxLeave', 'LeavePolicy', 'D', 'required', 'true'),
	(535, 1, '2023-04-26 05:23:01.283880', 'anonymousUser', 'refTable', 'LeavePolicy', 'A', 'required', 'true'),
	(536, 1, '2023-04-26 05:23:01.283880', 'anonymousUser', 'refTableId', 'LeavePolicy', 'A', 'required', 'true'),
	(537, 1, '2023-04-26 05:23:01.283880', 'anonymousUser', 'status', 'LeavePolicy', 'A', 'required', 'true'),
	(538, 1, '2023-04-26 05:23:01.283880', 'anonymousUser', 'leaveType', 'LeaveType', 'A', 'required', 'true'),
	(539, 1, '2023-04-26 05:23:01.283880', 'anonymousUser', 'leaveType', 'LeaveType', 'A', 'minlength', '2'),
	(540, 1, '2023-04-26 05:23:01.283880', 'anonymousUser', 'leaveType', 'LeaveType', 'A', 'maxlength', '50'),
	(543, 1, '2023-04-26 05:23:01.283880', 'anonymousUser', 'status', 'LeaveType', 'A', 'required', 'true'),
	(544, 1, '2023-04-26 05:23:01.283880', 'anonymousUser', 'name', 'MasterLookup', 'A', 'required', 'true'),
	(545, 1, '2023-04-26 05:23:01.283880', 'anonymousUser', 'name', 'MasterLookup', 'A', 'minlength', '2'),
	(546, 1, '2023-04-26 05:23:01.283880', 'anonymousUser', 'name', 'MasterLookup', 'A', 'maxlength', '50'),
	(547, 1, '2023-04-26 05:23:01.283880', 'anonymousUser', 'value', 'MasterLookup', 'A', 'required', 'true'),
	(548, 1, '2023-04-26 05:23:01.283880', 'anonymousUser', 'value', 'MasterLookup', 'A', 'minlength', '2'),
	(549, 1, '2023-04-26 05:23:01.283880', 'anonymousUser', 'value', 'MasterLookup', 'A', 'maxlength', '50'),
	(550, 1, '2023-04-26 05:23:01.283880', 'anonymousUser', 'valueTwo', 'MasterLookup', 'A', 'required', 'true'),
	(551, 1, '2023-04-26 05:23:01.283880', 'anonymousUser', 'valueTwo', 'MasterLookup', 'A', 'minlength', '2'),
	(552, 1, '2023-04-26 05:23:01.283880', 'anonymousUser', 'valueTwo', 'MasterLookup', 'A', 'maxlength', '50'),
	(553, 1, '2023-04-26 05:23:01.283880', 'anonymousUser', 'type', 'MasterLookup', 'A', 'required', 'true'),
	(554, 1, '2023-04-26 05:23:01.283880', 'anonymousUser', 'type', 'MasterLookup', 'A', 'minlength', '2'),
	(555, 1, '2023-04-26 05:23:01.283880', 'anonymousUser', 'type', 'MasterLookup', 'A', 'maxlength', '50'),
	(556, 1, '2023-04-26 05:23:01.283880', 'anonymousUser', 'status', 'MasterLookup', 'A', 'required', 'true'),
	(557, 1, '2023-04-26 05:23:01.283880', 'anonymousUser', 'name', 'OverTime', 'A', 'required', 'true'),
	(558, 1, '2023-04-26 05:23:01.283880', 'anonymousUser', 'name', 'OverTime', 'A', 'minlength', '2'),
	(559, 1, '2023-04-26 05:23:01.283880', 'anonymousUser', 'name', 'OverTime', 'A', 'maxlength', '50'),
	(560, 1, '2023-04-26 05:23:01.283880', 'anonymousUser', 'rateType', 'OverTime', 'A', 'required', 'true'),
	(563, 1, '2023-04-26 05:23:01.283880', 'anonymousUser', 'rate', 'OverTime', 'A', 'required', 'true'),
	(564, 1, '2023-04-26 05:23:01.283880', 'anonymousUser', 'status', 'OverTime', 'A', 'required', 'true'),
	(565, 1, '2023-04-26 05:23:01.283880', 'anonymousUser', 'name', 'PayrollAdditions', 'A', 'required', 'true'),
	(566, 1, '2023-04-26 05:23:01.283880', 'anonymousUser', 'name', 'PayrollAdditions', 'A', 'minlength', '2'),
	(567, 1, '2023-04-26 05:23:01.283880', 'anonymousUser', 'name', 'PayrollAdditions', 'A', 'maxlength', '50'),
	(568, 1, '2023-04-26 05:23:01.283880', 'anonymousUser', 'category', 'PayrollAdditions', 'A', 'required', 'true'),
	(571, 1, '2023-04-26 05:23:01.283880', 'anonymousUser', 'unitAmount', 'PayrollAdditions', 'A', 'required', 'true'),
	(572, 1, '2023-04-26 05:23:01.283880', 'anonymousUser', ' assignType', 'PayrollAdditions', 'A', 'required', 'true'),
	(573, 1, '2023-04-26 05:23:01.283880', 'anonymousUser', ' assignType', 'PayrollAdditions', 'A', 'minlength', '2'),
	(574, 1, '2023-04-26 05:23:01.283880', 'anonymousUser', ' assignType', 'PayrollAdditions', 'A', 'maxlength', '50'),
	(575, 1, '2023-04-26 05:23:01.283880', 'anonymousUser', 'status', 'PayrollAdditions', 'A', 'required', 'true'),
	(576, 1, '2023-04-26 05:23:01.283880', 'anonymousUser', 'employeeId', 'PayrollAdditions', 'A', 'required', 'true'),
	(577, 1, '2023-04-26 05:23:01.283880', 'anonymousUser', 'month', 'PaySlip ', 'A', 'required', 'true'),
	(580, 1, '2023-04-26 05:23:01.283880', 'anonymousUser', 'salary', 'PaySlip ', 'A', 'required', 'true'),
	(582, 1, '2023-04-26 05:23:01.283880', 'anonymousUser', 'status', 'PaySlip ', 'A', 'required', 'true'),
	(583, 1, '2023-04-26 05:23:01.283880', 'anonymousUser', 'employeeId', 'PaySlip ', 'A', 'required', 'true'),
	(584, 1, '2023-04-26 05:23:01.283880', 'anonymousUser', 'telephoneNo', 'PERSONALINFO', 'A', 'required', 'true'),
	(585, 1, '2023-05-25 08:18:02.461864', '538181f9-39f2-43c8-8596-b7309a7dea58', 'telephoneNo', 'PERSONALINFO', 'A', 'minlength', '10'),
	(586, 1, '2023-05-25 08:17:55.819787', '538181f9-39f2-43c8-8596-b7309a7dea58', 'telephoneNo', 'PERSONALINFO', 'A', 'maxlength', '13'),
	(587, 1, '2023-04-26 05:23:01.283880', 'anonymousUser', 'nationality', 'PERSONALINFO', 'A', 'required', 'true'),
	(590, 1, '2023-04-26 05:23:01.283880', 'anonymousUser', 'maritalStatus', 'PersonalDetails ', 'A', 'required', 'true'),
	(593, 1, '2023-04-26 05:23:01.283880', 'anonymousUser', 'religion', 'PersonalDetails ', 'A', 'required', 'true'),
	(596, 1, '2023-04-26 05:23:01.283880', 'anonymousUser', 'employeeId', 'PersonalDetails ', 'A', 'required', 'true'),
	(597, 1, '2023-04-26 05:23:01.283880', 'anonymousUser', 'bloodGroup', 'PersonalDetails ', 'A', 'required', 'true'),
	(598, 1, '2023-04-26 05:23:01.283880', 'anonymousUser', 'status', 'PersonalDetails ', 'A', 'required', 'true'),
	(601, 1, '2023-05-12 05:11:46.688293', 'e4d95ac7-1d8f-456e-906d-ad4bfa94c347', 'taxRegimeName', 'TAX-REGIME', 'A', 'required', 'true'),
	(602, 1, '2023-05-12 05:12:00.587096', 'e4d95ac7-1d8f-456e-906d-ad4bfa94c347', 'taxRegimeName', 'TAX-REGIME', 'A', 'minlength', '2'),
	(603, 1, '2023-05-12 05:12:19.941551', 'e4d95ac7-1d8f-456e-906d-ad4bfa94c347', 'taxRegimeName', 'TAX-REGIME', 'A', 'maxlength', '50'),
	(604, 1, '2023-03-06 10:57:32.000000', NULL, 'firstName', 'EMPLOYEE', 'A', 'required', 'true'),
	(605, 1, '2023-03-06 11:19:36.000000', NULL, 'firstName', 'EMPLOYEE', 'A', 'minlength', '2'),
	(606, 1, '2023-02-08 13:30:56.000000', 'Granite', 'firstName', 'EMPLOYEE', 'A', 'maxlength', '50'),
	(607, 1, '2023-02-08 12:15:29.000000', 'intermediate', 'lastName', 'EMPLOYEE', 'A', 'required', 'true'),
	(608, 1, '2023-02-08 17:20:14.000000', 'Configuration', 'lastName', 'EMPLOYEE', 'A', 'minlength', '2'),
	(609, 1, '2023-02-08 14:12:08.000000', 'niches', 'lastName', 'EMPLOYEE', 'A', 'maxlength', '50'),
	(610, 3, '2023-02-08 16:30:12.000000', 'uniform matrices Chair', 'middleName', 'EMPLOYEE', 'A', 'required', 'true'),
	(611, 3, '2023-02-09 03:28:53.000000', 'Handcrafted Kuwait', 'middleName', 'EMPLOYEE', 'A', 'minlength', '2'),
	(612, 3, '2023-02-08 16:37:26.000000', 'pink invoice application', 'middleName', 'EMPLOYEE', 'A', 'maxlength', '50'),
	(613, 3, '2023-02-08 13:19:53.000000', 'Buckinghamshire platforms state', 'joindate', 'EMPLOYEE', 'A', 'required', 'true'),
	(614, 1, '2023-04-04 12:33:43.000000', 'User', 'pincode', 'EMPLOYEE', 'A', 'required', 'true'),
	(615, 1, '2023-04-04 12:35:32.000000', 'User', 'pincode', 'EMPLOYEE', 'A', 'pattern', '^[1-9]{1}[0-9]{5}$'),
	(616, 1, '2023-04-04 12:35:32.000000', 'User', 'contact', 'EMPLOYEE', 'A', 'pattern', '[6789][0-9]{9}'),
	(617, 1, '2023-04-11 08:43:51.054002', 'anonymousUser', 'emailId', 'EMPLOYEE', 'A', 'pattern', '^[\\w-\\.]+@([\\w-]+\\.)+[\\w-]{2,4}$'),
	(621, 1, '2023-05-15 06:32:33.590752', 'b9e8d3d9-3cbb-4dde-ae76-a830b2f4972a', 'Type', 'TRAININGLIST', 'A', 'required', 'true'),
	(622, 1, '2023-05-15 06:32:53.507043', 'b9e8d3d9-3cbb-4dde-ae76-a830b2f4972a', 'TrainerName', 'TRAININGLIST', 'A', 'required', 'true'),
	(623, 1, '2023-05-15 06:33:13.587305', 'b9e8d3d9-3cbb-4dde-ae76-a830b2f4972a', 'startDateTime', 'TRAININGLIST', 'A', 'required', 'true'),
	(624, 1, '2023-05-15 06:33:30.751066', 'b9e8d3d9-3cbb-4dde-ae76-a830b2f4972a', 'endDateTime', 'TRAININGLIST', 'A', 'required', 'true'),
	(625, 1, '2023-05-15 06:33:50.565810', 'b9e8d3d9-3cbb-4dde-ae76-a830b2f4972a', 'costName', 'TRAININGLIST', 'A', 'required', 'true'),
	(626, 1, '2023-05-15 06:34:08.387002', 'b9e8d3d9-3cbb-4dde-ae76-a830b2f4972a', 'trainingStatus', 'TRAININGLIST', 'A', 'required', 'true'),
	(627, 1, '2023-05-15 06:34:28.354549', 'b9e8d3d9-3cbb-4dde-ae76-a830b2f4972a', 'StatusName', 'TRAININGLIST', 'A', 'required', 'true'),
	(628, 1, '2023-05-15 11:08:47.228191', 'b9e8d3d9-3cbb-4dde-ae76-a830b2f4972a', 'costName', 'TRAININGLIST', 'A', 'pattern', '^s*[0-9,]+s*$'),
	(629, 1, '2023-05-17 04:19:05.347649', 'b9e8d3d9-3cbb-4dde-ae76-a830b2f4972a', 'name', 'EMPLOYEESALARYCOMPONENT', 'A', 'required', 'true'),
	(630, 1, '2023-05-17 04:19:29.519908', 'b9e8d3d9-3cbb-4dde-ae76-a830b2f4972a', 'type', 'EMPLOYEESALARYCOMPONENT', 'A', 'required', 'true'),
	(631, 1, '2023-05-17 04:20:10.066492', 'b9e8d3d9-3cbb-4dde-ae76-a830b2f4972a', 'value', 'EMPLOYEESALARYCOMPONENT', 'A', 'required', 'true'),
	(632, 1, '2023-05-17 04:20:33.021005', 'b9e8d3d9-3cbb-4dde-ae76-a830b2f4972a', 'componentTypeFlag', 'EMPLOYEESALARYCOMPONENT', 'A', 'required', 'true'),
	(633, 1, '2023-05-17 04:20:56.877318', 'b9e8d3d9-3cbb-4dde-ae76-a830b2f4972a', 'catagory', 'EMPLOYEESALARYCOMPONENT', 'A', 'required', 'true'),
	(634, 1, '2023-05-17 04:21:54.651686', 'b9e8d3d9-3cbb-4dde-ae76-a830b2f4972a', 'status', 'EMPLOYEESALARYCOMPONENT', 'A', 'required', 'true'),
	(637, 1, '2023-05-17 04:55:43.706232', 'b9e8d3d9-3cbb-4dde-ae76-a830b2f4972a', 'employeeId', 'EMPLOYEESALARYCOMPONENT', 'A', 'required', 'true'),
	(638, 1, '2023-04-04 12:35:32.000000', 'User', 'contact', 'FAMILYINFO', 'A', 'pattern', '[6789][0-9]{9}'),
	(639, 1, '2023-04-21 14:35:35.000000', 'User', 'dateOfBirth', 'FAMILYINFO', 'A', 'required', 'true'),
	(640, 1, '2023-04-21 14:35:35.000000', 'User', 'employeeId', 'FAMILYINFO', 'A', 'required', 'true'),
	(641, 1, '2023-05-19 08:18:27.400836', 'anonymousUser', 'email', 'CONTACT', 'A', 'required', 'true'),
	(642, 1, '2023-05-19 08:18:38.347406', 'anonymousUser', 'phoneNumber', 'CONTACT', 'A', 'required', 'true'),
	(643, 1, '2023-05-19 10:20:18.282795', 'b9e8d3d9-3cbb-4dde-ae76-a830b2f4972a', 'employeeId', 'ESIDETAILS', 'A', 'required', 'true'),
	(644, 1, '2023-05-19 10:20:45.225539', 'b9e8d3d9-3cbb-4dde-ae76-a830b2f4972a', 'reEnumerationId', 'ESIDETAILS', 'A', 'required', 'true'),
	(645, 1, '2023-04-05 15:32:03.000000', 'User', 'refTableId', 'BANKSDETAILS', 'A', 'required', 'true'),
	(646, 1, '2023-04-05 15:32:03.000000', 'User', 'status', 'BANKSDETAILS', 'A', 'required', 'true'),
	(650, 1, '2023-03-06 10:57:32.000000', NULL, 'name', 'DEPARTMENT', 'A', 'pattern', '^[a-zA-Z ]+$'),
	(651, 1, '2023-03-06 10:57:32.000000', NULL, 'holidayName', 'HOLIDAY', 'A', 'pattern', '^[a-zA-Z ]+$'),
	(652, 1, '2023-03-06 10:57:32.000000', NULL, 'name', 'DESIGNATION', 'A', 'pattern', '^[a-zA-Z ]+$'),
	(653, 1, '2023-05-24 10:03:55.425258', '538181f9-39f2-43c8-8596-b7309a7dea58', 'roles', 'ADDUSER', 'A', 'required', 'true'),
	(654, 1, '2023-03-06 10:57:32.000000', NULL, 'companyName', 'COMPANY', 'A', 'pattern', '^[A-Za-z0-9\\s.&\',()-]+$'),
	(655, 1, '2023-03-06 10:57:32.000000', NULL, 'BranchName', 'BRANCH', 'A', 'required', 'true'),
	(656, 1, '2023-03-06 10:57:32.000000', NULL, 'RegionName', 'BRANCH', 'A', 'required', 'true'),
	(657, 1, '2023-03-06 10:57:32.000000', NULL, 'CompanyName', 'BRANCH', 'A', 'required', 'true'),
	(658, 1, '2023-03-06 10:57:32.000000', NULL, 'Branchcode', 'BRANCH', 'A', 'required', 'true'),
	(659, 1, '2023-03-06 10:57:32.000000', NULL, 'BranchType', 'BRANCH', 'A', 'required', 'true'),
	(660, 1, '2023-03-06 10:57:32.000000', NULL, 'WebSite', 'BRANCH', 'A', 'required', 'true'),
	(661, 1, '2023-03-06 10:57:32.000000', NULL, 'Line1', 'BRANCH', 'A', 'required', 'true'),
	(662, 1, '2023-03-06 10:57:32.000000', NULL, 'LandMark', 'BRANCH', 'A', 'required', 'true'),
	(663, 1, '2023-03-06 10:57:32.000000', NULL, 'Pincode', 'BRANCH', 'A', 'required', 'true'),
	(664, 1, '2023-03-06 10:57:32.000000', NULL, 'Latitude', 'BRANCH', 'A', 'required', 'true'),
	(665, 1, '2023-03-06 10:57:32.000000', NULL, 'Longitude', 'BRANCH', 'A', 'required', 'true'),
	(666, 1, '2023-05-10 10:57:30.000000', 'User', 'name', 'EMERGENCYCONTACT', 'A', 'required', 'true'),
	(667, 1, '2023-05-10 10:57:30.000000', 'User', 'contactPref', 'EMERGENCYCONTACT', 'A', 'required', 'true'),
	(668, 1, '2023-05-10 10:57:30.000000', 'User', 'contactType', 'EMERGENCYCONTACT', 'A', 'required', 'true'),
	(670, 1, '2023-05-10 10:57:30.000000', 'User', 'contactReference', 'EMERGENCYCONTACT', 'A', 'required', 'true'),
	(671, 1, '2023-05-10 10:57:30.000000', 'User', 'contactReference', 'EMERGENCYCONTACT', 'A', 'pattern', '^[a-zA-Z][a-zA-Z\\\\s]+$'),
	(673, 1, '2023-05-10 10:57:30.000000', 'User', 'name', 'EMERGENCYCONTACT', 'D', 'pattern', '^[a-zA-Z][a-zA-Z\\\\s]+$'),
	(674, 1, '2023-05-10 10:57:30.000000', 'User', 'subject', 'EDUCATION', 'A', 'required', 'true'),
	(675, 1, '2023-05-10 10:57:30.000000', 'User', 'startYear', 'EDUCATION', 'A', 'required', 'true'),
	(676, 1, '2023-05-10 10:57:30.000000', 'User', 'endDate', 'EDUCATION', 'A', 'required', 'true'),
	(677, 1, '2023-05-10 10:57:30.000000', 'User', 'educationType', 'EDUCATION', 'A', 'required', 'true'),
	(678, 1, '2023-05-10 10:57:30.000000', 'User', 'grade', 'EDUCATION', 'A', 'required', 'true'),
	(679, 1, '2023-02-08 13:19:53.000000', 'User', 'grade', 'EDUCATION', 'A', 'minlength', '1'),
	(680, 1, '2023-02-08 13:19:53.000000', 'User', 'grade', 'EDUCATION', 'A', 'maxlength', '5'),
	(681, 1, '2023-02-08 13:19:53.000000', 'User', 'educationType', 'EDUCATION', 'A', 'minlength', '2'),
	(682, 1, '2023-02-08 13:19:53.000000', 'User', 'educationType', 'EDUCATION', 'A', 'maxlength', '20'),
	(683, 1, '2023-02-08 13:19:53.000000', 'User', 'subject', 'EDUCATION', 'A', 'minlength', '2'),
	(684, 1, '2023-02-08 13:19:53.000000', 'User', 'subject', 'EDUCATION', 'A', 'maxlength', '50'),
	(685, 1, '2023-05-25 08:01:29.412341', '538181f9-39f2-43c8-8596-b7309a7dea58', 'religion', 'PERSONALINFO', 'A', 'required', 'true'),
	(686, 1, '2023-05-25 08:01:49.948473', '538181f9-39f2-43c8-8596-b7309a7dea58', 'dateOfBirth', 'PERSONALINFO', 'A', 'required', 'true'),
	(687, 1, '2023-05-25 08:02:13.413333', '538181f9-39f2-43c8-8596-b7309a7dea58', 'maritalStatus', 'PERSONALINFO', 'A', 'required', 'true'),
	(688, 1, '2023-05-25 08:03:30.930951', '538181f9-39f2-43c8-8596-b7309a7dea58', 'bloodGroup', 'PERSONALINFO', 'A', 'required', 'true'),
	(689, 1, '2023-05-25 08:07:48.677476', '538181f9-39f2-43c8-8596-b7309a7dea58', 'status', 'PERSONALINFO', 'A', 'required', 'true'),
	(690, 1, '2023-05-25 08:08:05.956639', '538181f9-39f2-43c8-8596-b7309a7dea58', 'employeeId', 'PERSONALINFO', 'A', 'required', 'true'),
	(691, 1, '2023-05-25 08:22:53.920756', '538181f9-39f2-43c8-8596-b7309a7dea58', 'telephoneNo', 'PERSONALINFO', 'A', 'pattern', '[6789][0-9]{9}'),
	(692, 1, '2023-05-25 09:15:45.776714', '538181f9-39f2-43c8-8596-b7309a7dea58', 'middleName', 'EMPLOYEE', 'A', 'required', 'true'),
	(693, 1, '2023-05-25 09:16:10.749433', '538181f9-39f2-43c8-8596-b7309a7dea58', 'middleName', 'EMPLOYEE', 'A', 'minlength', '2'),
	(694, 1, '2023-05-25 09:16:23.796942', '538181f9-39f2-43c8-8596-b7309a7dea58', 'middleName', 'EMPLOYEE', 'A', 'maxlength', '30'),
	(695, 1, '2023-05-25 09:16:41.207058', '538181f9-39f2-43c8-8596-b7309a7dea58', 'gender', 'EMPLOYEE', 'A', 'required', 'true'),
	(696, 1, '2023-05-25 09:18:43.957314', '538181f9-39f2-43c8-8596-b7309a7dea58', 'DepartmentName', 'EMPLOYEE', 'A', 'required', 'true'),
	(697, 1, '2023-05-25 09:18:57.387759', '538181f9-39f2-43c8-8596-b7309a7dea58', 'reportingEmpId', 'EMPLOYEE', 'A', 'required', 'true'),
	(698, 1, '2023-05-25 09:19:09.519455', '538181f9-39f2-43c8-8596-b7309a7dea58', 'BranchName', 'EMPLOYEE', 'A', 'required', 'true'),
	(699, 1, '2023-05-25 09:19:23.081392', '538181f9-39f2-43c8-8596-b7309a7dea58', 'employmentTypeId', 'EMPLOYEE', 'A', 'required', 'true'),
	(700, 1, '2023-05-25 09:21:22.984093', '538181f9-39f2-43c8-8596-b7309a7dea58', 'DesignationId', 'EMPLOYEE', 'A', 'required', 'true'),
	(702, 1, '2023-05-17 04:55:43.706232', 'b9e8d3d9-3cbb-4dde-ae76-a830b2f4972a', 'day', 'WORKINGDAYSSETTNIG', 'A', 'required', 'true'),
	(703, 1, '2023-05-17 04:55:43.706232', 'b9e8d3d9-3cbb-4dde-ae76-a830b2f4972a', 'hours', 'WORKINGDAYSSETTNIG', 'A', 'required', 'true'),
	(704, 1, '2023-05-17 04:55:43.706232', 'b9e8d3d9-3cbb-4dde-ae76-a830b2f4972a', 'dayOff', 'WORKINGDAYSSETTNIG', 'A', 'required', 'true'),
	(705, 1, '2023-05-17 04:55:43.706232', 'b9e8d3d9-3cbb-4dde-ae76-a830b2f4972a', 'day', 'WORKINGDAYSSETTNIG', 'A', 'minlength', '4'),
	(706, 1, '2023-05-17 04:55:43.706232', 'b9e8d3d9-3cbb-4dde-ae76-a830b2f4972a', 'day', 'WORKINGDAYSSETTNIG', 'A', 'maxlength', '11'),
	(707, 1, '2023-05-17 04:55:43.706232', 'b9e8d3d9-3cbb-4dde-ae76-a830b2f4972a', 'day', 'WORKINGDAYSSETTNIG', 'A', 'pattern', '^[A-Za-z]+$'),
	(708, 1, '2023-05-17 04:55:43.706232', 'b9e8d3d9-3cbb-4dde-ae76-a830b2f4972a', 'hours', 'WORKINGDAYSSETTNIG', 'A', 'pattern', '^[0-9]$'),
	(709, 1, '2023-05-25 10:50:11.563218', '538181f9-39f2-43c8-8596-b7309a7dea58', 'employeeId', 'EMPLOYEEEXEMPTION', 'A', 'required', 'true'),
	(710, 1, '2023-05-29 07:25:32.625148', '538181f9-39f2-43c8-8596-b7309a7dea58', 'editvalue', 'ASSET', 'A', 'pattern', '^[1-9][0-9]*$'),
	(712, 1, '2023-05-30 08:39:59.226099', '538181f9-39f2-43c8-8596-b7309a7dea58', 'type', 'BRANCH', 'A', 'required', 'true'),
	(713, 1, '2023-05-30 08:40:16.280119', '538181f9-39f2-43c8-8596-b7309a7dea58', 'country', 'BRANCH', 'A', 'required', 'true'),
	(714, 1, '2023-05-30 08:40:26.313968', '538181f9-39f2-43c8-8596-b7309a7dea58', 'country', 'BRANCH', 'A', 'minlength', '2'),
	(715, 1, '2023-05-30 08:40:38.797474', '538181f9-39f2-43c8-8596-b7309a7dea58', 'country', 'BRANCH', 'A', 'maxlength', '50'),
	(716, 1, '2023-05-30 08:40:52.238678', '538181f9-39f2-43c8-8596-b7309a7dea58', 'state', 'BRANCH', 'A', 'required', 'true'),
	(717, 1, '2023-05-30 08:41:02.870497', '538181f9-39f2-43c8-8596-b7309a7dea58', 'state', 'BRANCH', 'A', 'minlength', '2'),
	(718, 1, '2023-05-30 08:41:32.036038', '538181f9-39f2-43c8-8596-b7309a7dea58', 'state', 'BRANCH', 'A', 'maxlength', '50'),
	(719, 1, '2023-05-30 08:41:47.526583', '538181f9-39f2-43c8-8596-b7309a7dea58', 'city', 'BRANCH', 'A', 'required', 'true'),
	(720, 1, '2023-05-30 08:41:58.072422', '538181f9-39f2-43c8-8596-b7309a7dea58', 'city', 'BRANCH', 'A', 'minlength', '2'),
	(721, 1, '2023-05-30 08:42:08.420802', '538181f9-39f2-43c8-8596-b7309a7dea58', 'city', 'BRANCH', 'A', 'maxlength', '50'),
	(723, 1, NULL, NULL, 'amount', 'EmployeeExemptions', 'A', 'pattern', '^s*[0-9,]+s*$'),
	(724, 1, NULL, NULL, 'maxlimit', 'TaxExemptionSection', 'A', 'pattern', '^s*[0-9,]+s*$'),
	(725, 1, '2023-06-12 13:05:49.000000', NULL, 'amtTo', 'TAXSLAB', 'D', 'pattern', '^\\s*[0-9,]+\\s*$'),
	(726, 1, '2023-05-17 04:55:43.706232', 'b9e8d3d9-3cbb-4dde-ae76-a830b2f4972a', 'category', 'MASTERPERFORMANCEINDICATOR', 'A', 'required', 'true'),
	(727, 1, '2023-05-17 04:55:43.706232', 'b9e8d3d9-3cbb-4dde-ae76-a830b2f4972a', 'type', 'MASTERPERFORMANCEINDICATOR', 'A', 'required', 'true'),
	(728, 1, '2023-05-17 04:55:43.706232', 'b9e8d3d9-3cbb-4dde-ae76-a830b2f4972a', 'name', 'MASTERPERFORMANCEINDICATOR', 'A', 'required', 'true'),
	(729, 1, '2023-05-17 04:55:43.706232', 'b9e8d3d9-3cbb-4dde-ae76-a830b2f4972a', 'weightage', 'MASTERPERFORMANCEINDICATOR', 'A', 'required', 'true'),
	(730, 1, '2023-05-17 04:55:43.706232', 'b9e8d3d9-3cbb-4dde-ae76-a830b2f4972a', 'description', 'MASTERPERFORMANCEINDICATOR', 'A', 'required', 'true'),
	(731, 1, '2023-05-17 04:55:43.706232', 'b9e8d3d9-3cbb-4dde-ae76-a830b2f4972a', 'name', 'MASTERPERFORMANCEINDICATOR', 'A', 'minlength', '3'),
	(732, 1, '2023-05-17 04:55:43.706232', 'b9e8d3d9-3cbb-4dde-ae76-a830b2f4972a', 'name', 'MASTERPERFORMANCEINDICATOR', 'A', 'maxlength', '30'),
	(733, 1, '2023-05-17 04:55:43.706232', 'b9e8d3d9-3cbb-4dde-ae76-a830b2f4972a', 'weightage', 'MASTERPERFORMANCEINDICATOR', 'A', 'minlength', '1'),
	(734, 1, '2023-05-17 04:55:43.706232', 'b9e8d3d9-3cbb-4dde-ae76-a830b2f4972a', 'weightage', 'MASTERPERFORMANCEINDICATOR', 'A', 'maxlength', '3'),
	(735, 1, '2023-05-17 04:55:43.706232', 'b9e8d3d9-3cbb-4dde-ae76-a830b2f4972a', 'description', 'MASTERPERFORMANCEINDICATOR', 'A', 'maxlength', '30'),
	(736, 1, '2023-05-25 09:21:22.984093', '538181f9-39f2-43c8-8596-b7309a7dea58', 'reportingEmpId', 'EMPLOYEE', 'A', 'required', 'true'),
	(737, 1, '2023-05-10 10:08:42.000000', 'User', 'RegionName', 'EMPLOYEE', 'A', 'required', 'true'),
	(738, 1, '2023-05-10 10:08:42.000000', 'User', 'empUniqueId', 'EMPLOYEE', 'A', 'required', 'true'),
	(739, 1, '2023-05-10 10:08:42.000000', 'User', 'joindate', 'EMPLOYEE', 'A', 'required', 'true'),
	(740, 1, '2023-05-10 10:08:42.000000', 'User', 'emailId', 'EMPLOYEE', 'A', 'required', 'true'),
	(741, 1, '2023-03-06 10:57:32.000000', NULL, 'taxExempSectionId', 'EmployeeExemptions', 'A', 'required', 'true'),
	(742, 1, '2023-03-06 10:57:32.000000', NULL, 'type', 'APPRISALEVALUATIONPARAMETER', 'A', 'required', 'true'),
	(743, 1, '2023-03-06 10:57:32.000000', NULL, 'name', 'APPRISALEVALUATIONPARAMETER', 'A', 'required', 'true'),
	(744, 1, '2023-02-08 13:19:53.000000', 'User', 'name', 'APPRISALEVALUATIONPARAMETER', 'A', 'minlength', '3'),
	(745, 1, '2023-02-08 13:19:53.000000', 'User', 'name', 'APPRISALEVALUATIONPARAMETER', 'A', 'maxlength', '100'),
	(746, 1, '2023-03-06 10:57:32.000000', NULL, 'description', 'APPRISALEVALUATIONPARAMETER', 'A', 'required', 'true'),
	(747, 1, '2023-02-08 13:19:53.000000', 'User', 'description', 'APPRISALEVALUATIONPARAMETER', 'A', 'minlength', '3'),
	(748, 1, '2023-02-08 13:19:53.000000', 'User', 'description', 'APPRISALEVALUATIONPARAMETER', 'A', 'maxlength', '100'),
	(749, 1, NULL, NULL, 'phoneNumber', 'CONTACT', 'A', 'pattern', '[6789][0-9]{9}'),
	(750, 1, NULL, NULL, 'email', 'CONTACT', 'A', 'pattern', '^[\\w-\\.]+@([\\w-]+\\.)+[\\w-]{2,4}$'),
	(751, 1, '2023-05-10 10:57:30.000000', 'User', 'assetName', 'ASSET', 'A', 'required', 'true'),
	(752, 1, '2023-05-10 10:57:30.000000', 'User', 'assetId', 'ASSET', 'A', 'required', 'true'),
	(753, 1, '2023-05-10 10:57:30.000000', 'User', 'purchaseFrom', 'ASSET', 'A', 'required', 'true'),
	(754, 1, '2023-05-10 10:57:30.000000', 'User', 'purchaseTo', 'ASSET', 'A', 'required', 'true'),
	(755, 1, '2023-05-10 10:57:30.000000', 'User', 'manufacturer', 'ASSET', 'A', 'required', 'true'),
	(756, 1, '2023-05-10 10:57:30.000000', 'User', 'model', 'ASSET', 'A', 'required', 'true'),
	(757, 1, '2023-05-10 10:57:30.000000', 'User', 'productNumber', 'ASSET', 'A', 'required', 'true'),
	(758, 1, '2023-05-10 10:57:30.000000', 'User', 'supplier', 'ASSET', 'A', 'required', 'true'),
	(759, 1, '2023-05-10 10:57:30.000000', 'User', 'warrantyInMonths', 'ASSET', 'A', 'required', 'true'),
	(760, 1, '2023-05-10 10:57:30.000000', 'User', 'condition', 'ASSET', 'A', 'required', 'true'),
	(761, 1, '2023-05-10 10:57:30.000000', 'User', 'value', 'ASSET', 'A', 'required', 'true'),
	(762, 1, '2023-05-10 10:57:30.000000', 'User', 'description', 'ASSET', 'A', 'required', 'true'),
	(763, 1, '2023-05-10 10:57:30.000000', 'User', 'assetStatus', 'ASSET', 'A', 'required', 'true'),
	(764, 1, '2023-05-10 10:57:30.000000', 'User', 'model', 'ASSET', 'A', 'pattern', '^[a-zA-Z0-9]+$'),
	(765, 1, '2023-05-10 10:57:30.000000', 'User', 'productNumber', 'ASSET', 'A', 'pattern', '^[a-zA-Z0-9]+$'),
	(766, 1, '2023-02-08 13:19:53.000000', 'User', 'Branchcode', 'BRANCH', 'A', 'minlength', '7'),
	(767, 1, '2023-02-08 13:19:53.000000', 'User', 'Branchcode', 'Branch', 'A', 'maxlength', '10'),
	(768, 1, '2023-05-17 04:55:43.706232', 'b9e8d3d9-3cbb-4dde-ae76-a830b2f4972a', 'hours', 'WORKINGDAYSSETTNIG', 'A', 'maxlength', '2'),
	(769, 1, '2023-05-17 04:55:43.706232', 'b9e8d3d9-3cbb-4dde-ae76-a830b2f4972a', 'hours', 'WORKINGDAYSSETTNIG', 'A', 'minlength', '1'),
	(770, 1, '2023-02-08 13:19:53.000000', 'User', 'firstName', 'TRAINER', 'A', 'minlength', '5'),
	(771, 1, '2023-02-08 13:19:53.000000', 'User', 'firstName', 'TRAINER', 'A', 'maxlength', '15'),
	(772, 1, '2023-02-08 13:19:53.000000', 'User', 'lastName', 'TRAINER', 'A', 'minlength', '3'),
	(773, 1, '2023-02-08 13:19:53.000000', 'User', 'lastName', 'TRAINER', 'A', 'maxlength', '15'),
	(774, 1, '2023-02-08 13:19:53.000000', 'User', 'role', 'TRAINER', 'A', 'minlength', '3'),
	(775, 1, '2023-02-08 13:19:53.000000', 'User', 'role', 'TRAINER', 'A', 'maxlength', '15'),
	(776, 1, '2023-02-08 13:19:53.000000', 'User', 'description', 'TRAINER', 'A', 'minlength', '5'),
	(777, 1, '2023-02-08 13:19:53.000000', 'User', 'description', 'TRAINER', 'A', 'maxlength', '50'),
	(778, 1, '2023-05-10 10:57:30.000000', 'User', 'name', 'DEPARTMENT', 'A', 'required', 'true'),
	(779, 1, '2023-02-08 13:19:53.000000', 'User', 'name', 'DEPARTMENT', 'A', 'minlength', '3'),
	(780, 1, '2023-02-08 13:19:53.000000', 'User', 'name', 'DEPARTMENT', 'A', 'maxlength', '20'),
	(781, 1, '2023-05-10 10:57:30.000000', 'User', 'name', 'DESIGNATION', 'A', 'required', 'true'),
	(782, 1, '2023-02-08 13:19:53.000000', 'User', 'name', 'DESIGNATION', 'A', 'minlength', '3'),
	(783, 1, '2023-02-08 13:19:53.000000', 'User', 'name', 'DESIGNATION', 'A', 'maxlength', '20'),
	(784, 1, '2023-05-10 10:57:30.000000', 'User', 'departmentId', 'DESIGNATION', 'A', 'required', 'true'),
	(785, 1, '2023-05-10 10:57:30.000000', 'User', 'holidayName', 'HOLIDAY', 'A', 'required', 'true'),
	(786, 1, '2023-02-08 13:19:53.000000', 'User', 'holidayName', 'HOLIDAY', 'A', 'minlength', '3'),
	(787, 1, '2023-02-08 13:19:53.000000', 'User', 'holidayName', 'HOLIDAY', 'A', 'maxlength', '30'),
	(788, 1, '2023-05-10 10:57:30.000000', 'User', 'holidayDate', 'HOLIDAY', 'A', 'required', 'true'),
	(789, 1, '2023-02-08 13:19:53.000000', 'User', 'assetName', 'ASSET', 'A', 'minlength', '3'),
	(790, 1, '2023-02-08 13:19:53.000000', 'User', 'assetName', 'ASSET', 'A', 'maxlength', '15'),
	(791, 1, '2023-02-08 13:19:53.000000', 'User', 'manufacturer', 'ASSET', 'A', 'minlength', '3'),
	(792, 1, '2023-02-08 13:19:53.000000', 'User', 'manufacturer', 'ASSET', 'A', 'maxlength', '20'),
	(793, 1, '2023-02-08 13:19:53.000000', 'User', 'condition', 'ASSET', 'A', 'minlength', '3'),
	(794, 1, '2023-02-08 13:19:53.000000', 'User', 'condition', 'ASSET', 'A', 'maxlength', '20'),
	(795, 1, '2023-02-08 13:19:53.000000', 'User', 'value', 'ASSET', 'A', 'minlength', '2'),
	(796, 1, '2023-02-08 13:19:53.000000', 'User', 'value', 'ASSET', 'A', 'maxlength', '5'),
	(797, 1, '2023-02-08 13:19:53.000000', 'User', 'supplier', 'ASSET', 'A', 'minlength', '3'),
	(798, 1, '2023-02-08 13:19:53.000000', 'User', 'supplier', 'ASSET', 'A', 'maxlength', '20'),
	(799, 1, '2023-02-08 13:19:53.000000', 'User', 'description', 'ASSET', 'A', 'minlength', '5'),
	(800, 1, '2023-02-08 13:19:53.000000', 'User', 'description', 'ASSET', 'A', 'maxlength', '50'),
	(801, 1, '2023-02-08 13:19:53.000000', 'User', 'Branchcode', 'BRANCH', 'A', 'minlength', '7'),
	(802, 1, '2023-02-08 13:19:53.000000', 'User', 'Branchcode', 'BRANCH', 'A', 'maxlength', '10'),
	(804, 1, '2023-04-21 14:35:35.000000', NULL, 'branchTransCode', 'BANKSDETAILS', 'A', 'required', 'true'),
	(805, 1, '2023-07-18 10:57:30.000000', 'User', 'assetype', 'ASSET', 'A', 'required', 'true'),
	(806, 1, '2023-07-18 10:57:30.000000', 'User', 'submittedAmt', 'ASSET', 'A', 'required', 'true'),
	(807, 1, '2023-07-18 10:57:30.000000', 'User', 'refundAmt', 'ASSET', 'A', 'required', 'true'),
	(808, 1, '2023-07-18 10:57:30.000000', 'User', 'fineAmt', 'ASSET', 'A', 'required', 'true'),
	(809, 2, '2023-05-19 08:22:48.670613', 'b9e8d3d9-3cbb-4dde-ae76-a830b2f4972a', 'bankName', 'BANKSDETAILS', 'A', 'required', 'true'),
	(810, 2, '2023-05-19 08:23:01.734906', 'b9e8d3d9-3cbb-4dde-ae76-a830b2f4972a', 'bankName', 'BANKSDETAILS', 'A', 'minlength', '2'),
	(811, 2, '2023-05-19 08:23:13.219167', 'b9e8d3d9-3cbb-4dde-ae76-a830b2f4972a', 'bankName', 'BANKSDETAILS', 'A', 'maxlength', '50'),
	(812, 2, '2023-05-19 08:23:25.342380', 'b9e8d3d9-3cbb-4dde-ae76-a830b2f4972a', 'bankName', 'BANKSDETAILS', 'A', 'pattern', '^[a-zA-Z ]+$'),
	(813, 2, '2023-05-19 08:23:36.590467', 'b9e8d3d9-3cbb-4dde-ae76-a830b2f4972a', 'branchTransCode', 'BANKDETAILS', 'A', 'required', 'true'),
	(814, 2, '2023-05-19 08:23:51.441895', 'b9e8d3d9-3cbb-4dde-ae76-a830b2f4972a', 'branchTransCode', 'BANKSDETAILS', 'A', 'minlength', '11'),
	(815, 2, '2023-05-19 08:24:09.698584', 'b9e8d3d9-3cbb-4dde-ae76-a830b2f4972a', 'branchTransCode', 'BANKSDETAILS', 'A', 'maxlength', '11'),
	(816, 2, '2023-05-19 08:26:01.261359', 'b9e8d3d9-3cbb-4dde-ae76-a830b2f4972a', 'branchTransCode', 'BANKSDETAILS', 'A', 'pattern', '^[A-Z]{4}[0][A-Z0-9]{6}$'),
	(817, 2, '2023-05-19 08:25:45.970042', 'b9e8d3d9-3cbb-4dde-ae76-a830b2f4972a', 'accountNumber', 'BANKSDETAILS', 'A', 'required', 'true'),
	(818, 2, '2023-05-19 08:24:58.473446', 'b9e8d3d9-3cbb-4dde-ae76-a830b2f4972a', 'taxNumber', 'BANKSDETAILS', 'A', 'pattern', '^[A-Z]{5}[0-9]{4}[A-Z]{1}$'),
	(819, 2, '2023-05-19 08:24:48.017502', 'b9e8d3d9-3cbb-4dde-ae76-a830b2f4972a', 'taxNumber', 'BANKSDETAILS', 'A', 'maxlength', '10'),
	(820, 2, '2023-05-19 08:24:36.727404', 'b9e8d3d9-3cbb-4dde-ae76-a830b2f4972a', 'taxNumber', 'BANKSDETAILS', 'A', 'minlength', '10'),
	(821, 2, '2023-05-19 08:24:24.542778', 'b9e8d3d9-3cbb-4dde-ae76-a830b2f4972a', 'taxNumber', 'BANKSDETAILS', 'A', 'required', 'true'),
	(822, 2, '2023-05-19 09:33:21.950026', 'b9e8d3d9-3cbb-4dde-ae76-a830b2f4972a', 'isPfContribution', 'PFDETAILS', 'D', 'required', 'true'),
	(823, 2, '2023-05-19 09:33:29.676755', 'b9e8d3d9-3cbb-4dde-ae76-a830b2f4972a', 'pfNumber', 'PFDETAILS', 'D', 'required', 'true'),
	(824, 2, '2023-05-19 09:34:05.159136', 'b9e8d3d9-3cbb-4dde-ae76-a830b2f4972a', 'pfRate', 'PFDETAILS', 'D', 'required', 'true'),
	(825, 2, '2023-05-19 09:34:24.231372', 'b9e8d3d9-3cbb-4dde-ae76-a830b2f4972a', 'additionalPfRate', 'PFDETAILS', 'D', 'required', 'true'),
	(826, 2, '2023-05-19 09:36:44.678080', 'b9e8d3d9-3cbb-4dde-ae76-a830b2f4972a', 'totalPfRate', 'PFDETAILS', 'D', 'required', 'true'),
	(827, 2, '2023-05-19 09:39:03.583064', 'b9e8d3d9-3cbb-4dde-ae76-a830b2f4972a', 'isEsiContribution', 'ESIDETAILS', 'A', 'required', 'true'),
	(828, 2, '2023-05-19 09:38:54.890817', 'b9e8d3d9-3cbb-4dde-ae76-a830b2f4972a', 'esiNumber', 'ESIDETAILS', 'D', 'required', 'true'),
	(829, 2, '2023-05-19 09:38:15.929464', 'b9e8d3d9-3cbb-4dde-ae76-a830b2f4972a', 'esiRate', 'ESIDETAILS', 'D', 'required', 'true'),
	(830, 2, '2023-05-19 09:39:50.697533', 'b9e8d3d9-3cbb-4dde-ae76-a830b2f4972a', 'additionalEsiRate', 'ESIDETAILS', 'D', 'required', 'true'),
	(831, 2, '2023-05-19 09:39:42.207020', 'b9e8d3d9-3cbb-4dde-ae76-a830b2f4972a', 'totalEsiRate', 'ESIDETAILS', 'D', 'required', 'true'),
	(832, 2, '2023-04-05 06:23:15.630573', 'anonymousUser', 'institution', 'EDUCATION', 'A', 'required', 'true'),
	(833, 2, '2023-04-05 06:25:44.156107', 'anonymousUser', 'institution', 'EDUCATION', 'A', 'maxlength', '50'),
	(834, 2, '2023-04-05 06:35:58.223002', 'anonymousUser', 'institution', 'EDUCATION', 'A', 'minlength', '2'),
	(835, 2, '2023-04-05 09:59:40.314608', 'anonymousUser', 'companyName', 'WORKEXPERIENCE', 'A', 'minlength', '2'),
	(836, 2, '2023-04-05 10:00:18.998593', 'anonymousUser', 'companyName', 'WORKEXPERIENCE', 'A', 'required', 'true'),
	(837, 2, '2023-04-05 10:00:45.406089', 'anonymousUser', 'companyName', 'WORKEXPERIENCE', 'A', 'maxlength', '50'),
	(838, 2, '2023-04-05 10:00:45.406089', 'anonymousUser', 'startDate', 'WORKEXPERIENCE', 'A', 'required', 'true'),
	(839, 2, '2023-04-05 10:00:45.406089', 'anonymousUser', 'jobTitle', 'WORKEXPERIENCE', 'A', 'required', 'true'),
	(840, 2, '2023-04-05 10:00:45.406089', 'anonymousUser', 'jobTitle', 'WORKEXPERIENCE', 'A', 'maxlength', '50'),
	(841, 2, '2023-04-05 10:00:45.406089', 'anonymousUser', 'jobTitle', 'WORKEXPERIENCE', 'A', 'minlength', '2'),
	(842, 2, '2023-04-05 10:00:45.406089', 'anonymousUser', 'endDate', 'WORKEXPERIENCE', 'A', 'required', 'true'),
	(843, 2, '2023-04-05 10:00:45.406089', 'anonymousUser', 'jobDesc', 'WORKEXPERIENCE', 'A', 'required', 'true'),
	(844, 2, '2023-04-05 10:00:45.406089', 'anonymousUser', 'jobDesc', 'WORKEXPERIENCE', 'A', 'minlength', '2'),
	(845, 2, '2023-04-05 10:00:45.406089', 'anonymousUser', 'jobDesc', 'WORKEXPERIENCE', 'A', 'maxlength', '50'),
	(846, 2, '2023-04-04 12:42:29.000000', 'User', 'editLeave', 'LEAVETYPE', 'A', 'required', 'true'),
	(847, 2, '2023-04-04 12:42:29.000000', 'User', 'editLeave', 'LEAVETYPE', 'A', 'minlength', '2'),
	(848, 2, '2023-04-04 12:42:29.000000', 'User', 'editLeave', 'LEAVETYPE', 'A', 'maxlength', '50'),
	(849, 2, '2023-04-04 12:42:29.000000', 'User', 'edithasCarryForward', 'LEAVETYPE', 'A', 'required', 'true'),
	(850, 2, '2023-04-04 12:42:29.000000', 'User', 'edithasEarned', 'LEAVETYPE', 'A', 'required', 'true'),
	(851, 2, '2023-04-04 12:42:29.000000', 'User', 'edithasCustomPolicy', 'LEAVETYPE', 'A', 'required', 'true'),
	(852, 2, '2023-04-04 12:42:29.000000', 'User', 'EmployeeName', 'TERMINATION', 'A', 'required', 'true'),
	(853, 2, '2023-04-04 12:42:29.000000', 'User', 'TerminationTyped', 'TERMINATION', 'A', 'required', 'true'),
	(854, 2, '2023-04-04 12:42:29.000000', 'User', 'TerminationDated', 'TERMINATION', 'A', 'required', 'true'),
	(855, 2, '2023-04-04 12:42:29.000000', 'User', 'ReasonName', 'TERMINATION', 'A', 'required', 'true'),
	(856, 2, '2023-04-04 12:42:29.000000', 'User', 'ReasonName', 'TERMINATION', 'A', 'minlength', '2'),
	(857, 2, '2023-04-04 12:42:29.000000', 'User', 'ReasonName', 'TERMINATION', 'A', 'maxlength', '50'),
	(858, 2, '2023-04-04 12:42:29.000000', 'User', 'NoticeDated', 'TERMINATION', 'A', 'required', 'true'),
	(859, 2, '2023-04-21 14:31:07.000000', 'anyonemore', 'noOfHours', 'WORKINGHOURS', 'A', 'required', 'true'),
	(860, 2, '2023-04-21 17:30:05.000000', 'anyonemore', 'employmentTypeId', 'WORKINGHOURS', 'A', 'required', 'true'),
	(861, 2, '2023-04-21 17:44:02.000000', 'anyonemore', 'status', 'WORKINGHOURS', 'A', 'required', 'true'),
	(862, 2, '2023-04-21 17:57:09.000000', 'anyonemore', 'refTable', 'WORKINGHOURS', 'A', 'required', 'true'),
	(863, 2, '2023-04-21 21:03:55.000000', 'anyonemore', 'day', 'WORKDAYSSETTING', 'A', 'required', 'true'),
	(864, 2, '2023-04-21 21:11:13.000000', 'anyonemore', 'day', 'WORKDAYSSETTING', 'A', 'minlength', '2'),
	(865, 2, '2023-04-21 21:13:23.000000', 'anyonemore', 'day', 'WORKDAYSSETTING', 'A', 'maxlength', '50'),
	(866, 2, '2023-04-21 21:16:10.000000', 'anyonemore', 'hours', 'WORKDAYSSETTING', 'A', 'required', 'true'),
	(867, 2, '2023-04-21 21:22:40.000000', 'anyonemore', 'dayOff', 'WORKDAYSSETTING', 'A', 'required', 'true'),
	(868, 2, '2023-04-22 17:02:51.000000', 'anyonemore', 'status', 'WORKDAYSSETTING', 'A', 'required', 'true'),
	(869, 2, '2023-04-22 17:17:12.000000', 'anyonemore', 'type', 'TRAININGTYPE', 'A', 'required', 'true'),
	(870, 2, '2023-04-22 17:21:59.000000', 'anyonemore', 'type', 'TRAININGTYPE', 'A', 'minlength', '2'),
	(871, 2, '2023-04-22 17:24:06.000000', 'anyonemore', 'type', 'TRAININGTYPE', 'A', 'maxlength', '50'),
	(872, 2, '2023-04-22 17:25:45.000000', 'anyonemore', 'description', 'TRAININGTYPE', 'A', 'required', 'true'),
	(873, 2, '2023-04-22 17:27:37.000000', 'anyonemore', 'description', 'TRAININGTYPE', 'A', 'minlength', '2'),
	(874, 2, '2023-04-22 17:30:06.000000', 'anyonemore', 'description', 'TRAININGTYPE', 'A', 'maxlength', '50'),
	(875, 2, '2023-04-22 17:32:11.000000', 'anyonemore', 'status', 'TRAININGTYPE', 'A', 'required', 'true'),
	(876, 2, '2023-04-22 18:07:41.000000', 'anyonemore', 'trainingCost', 'TRAINING', 'A', 'required', 'true'),
	(877, 2, '2023-04-22 18:26:36.000000', 'anyonemore', 'description', 'TRAINING', 'A', 'required', 'true'),
	(878, 2, '2023-04-22 18:28:21.000000', 'anyonemore', 'description', 'TRAINING', 'A', 'minlength', '2'),
	(879, 2, '2023-04-22 18:29:50.000000', 'anyonemore', 'description', 'TRAINING', 'A', 'maxlength', '50'),
	(880, 2, '2023-04-22 18:36:43.000000', 'anyonemore', 'trainingStatus', 'TRAINING', 'A', 'required', 'true'),
	(881, 2, '2023-04-22 18:37:36.000000', 'anyonemore', 'trainingStatus', 'TRAINING', 'A', 'minlength', '2'),
	(882, 2, '2023-04-22 18:39:01.000000', 'anyonemore', 'trainingStatus', 'TRAINING', 'A', 'maxlength', '50'),
	(883, 2, '2023-04-22 18:42:35.000000', 'anyonemore', 'status', 'TRAINING', 'A', 'required', 'true'),
	(884, 2, '2023-04-22 18:47:10.000000', 'anyonemore', 'trainerId', 'TRAINING', 'A', 'required', 'true'),
	(885, 2, '2023-04-22 19:41:10.000000', 'anyonemore', 'firstName', 'TRAINER', 'A', 'required', 'true'),
	(886, 2, '2023-04-22 19:41:44.000000', 'anyonemore', 'firstName', 'TRAINER', 'A', 'minlength', '2'),
	(887, 2, '2023-04-22 19:42:32.000000', 'anyonemore', 'firstName', 'TRAINER', 'A', 'maxlength', '50'),
	(888, 2, '2023-04-22 19:49:07.000000', 'anyonemore', 'lastName', 'TRAINER', 'A', 'required', 'true'),
	(889, 2, '2023-04-22 19:49:44.000000', 'anyonemore', 'lastName', 'TRAINER', 'A', 'minlength', '2'),
	(890, 2, '2023-04-22 19:50:43.000000', 'anyonemore', 'lastName', 'TRAINER', 'A', 'maxlength', '50'),
	(891, 2, '2023-04-22 19:55:43.000000', 'anyonemore', 'description', 'TRAINER', 'A', 'required', 'true'),
	(892, 2, '2023-04-22 19:56:35.000000', 'anyonemore', 'description', 'TRAINER', 'A', 'minlength', '2'),
	(893, 2, '2023-04-22 19:57:27.000000', 'anyonemore', 'description', 'TRAINER', 'A', 'maxlength', '50'),
	(894, 2, '2023-04-22 20:02:18.000000', 'anyonemore', 'role', 'TRAINER', 'A', 'required', 'true'),
	(895, 2, '2023-04-22 20:02:55.000000', 'anyonemore', 'role', 'TRAINER', 'A', 'minlength', '2'),
	(896, 2, '2023-04-22 20:03:29.000000', 'anyonemore', 'role', 'TRAINER', 'A', 'maxlength', '50'),
	(897, 2, '2023-04-22 20:05:38.000000', 'anyonemore', 'status', 'TRAINER', 'A', 'required', 'true'),
	(898, 2, '2023-04-24 11:43:09.000000', 'anyonemore', 'taxExempSection', 'TAXEXEMPSECTION', 'A', 'required', 'true'),
	(899, 2, '2023-04-24 11:43:39.000000', 'anyonemore', 'taxExempSection', 'TAXEXEMPSECTION', 'A', 'minlength', '2'),
	(900, 2, '2023-04-24 11:44:25.000000', 'anyonemore', 'taxExempSection', 'TAXEXEMPSECTION', 'A', 'maxlength', '50'),
	(901, 2, '2023-04-24 11:55:24.000000', 'anyonemore', 'status', 'TAXEXEMPSECTION', 'A', 'required', 'true'),
	(902, 2, '2023-04-24 12:19:36.000000', 'anyonemore', 'empName', 'TERMINATION', 'A', 'required', 'true'),
	(903, 2, '2023-04-24 12:20:10.000000', 'anyonemore', 'empName', 'TERMINATION', 'A', 'minlength', '2'),
	(904, 2, '2023-04-24 12:21:02.000000', 'anyonemore', 'empName', 'TERMINATION', 'A', 'maxlength', '50'),
	(905, 2, '2023-04-24 12:29:42.000000', 'anyonemore', 'terminationType', 'TERMINATION', 'A', 'required', 'true'),
	(906, 2, '2023-04-24 12:30:28.000000', 'anyonemore', 'terminationType', 'TERMINATION', 'A', 'minlength', '2'),
	(907, 2, '2023-04-24 12:32:10.000000', 'anyonemore', 'terminationType', 'TERMINATION', 'A', 'maxlength', '50'),
	(908, 2, '2023-04-24 12:34:20.000000', 'anyonemore', 'reason', 'TERMINATION', 'A', 'required', 'true'),
	(909, 2, '2023-04-24 12:34:51.000000', 'anyonemore', 'reason', 'TERMINATION', 'A', 'minlength', '2'),
	(910, 2, '2023-04-24 12:35:21.000000', 'anyonemore', 'reason', 'TERMINATION', 'A', 'maxlength', '50'),
	(911, 2, '2023-04-24 12:36:38.000000', 'anyonemore', 'status', 'TERMINATION', 'A', 'required', 'true'),
	(912, 2, '2023-04-24 13:00:06.000000', 'anyonemore', 'slab', 'TAXSLAB', 'A', 'required', 'true'),
	(913, 2, '2023-04-24 13:00:43.000000', 'anyonemore', 'slab', 'TAXSLAB', 'A', 'minlength', '1'),
	(914, 2, '2023-04-24 13:01:12.000000', 'anyonemore', 'slab', 'TAXSLAB', 'A', 'maxlength', '50'),
	(915, 2, '2023-04-24 13:09:19.000000', 'anyonemore', 'amtFrom', 'TAXSLAB', 'A', 'required', 'true'),
	(916, 2, '2023-04-24 13:10:17.000000', 'anyonemore', 'amtTo', 'TAXSLAB', 'A', 'required', 'true'),
	(917, 2, '2023-04-24 13:10:53.000000', 'anyonemore', 'taxPercentage', 'TAXSLAB', 'A', 'required', 'true'),
	(918, 2, '2023-04-24 14:09:01.000000', 'anyonemore', 'taxRegimeId', 'TAXSLAB', 'A', 'required', 'true'),
	(919, 2, '2023-04-24 14:12:00.000000', 'anyonemore', 'status', 'TAXSLAB', 'A', 'required', 'true'),
	(920, 2, '2023-04-24 14:35:04.000000', 'anyonemore', 'taxRegimeName', 'TAXREGIME', 'A', 'required', 'true'),
	(921, 2, '2023-04-24 14:36:39.000000', 'anyonemore', 'taxRegimeName', 'TAXREGIME', 'A', 'minlength', '2'),
	(922, 2, '2023-04-24 14:37:21.000000', 'anyonemore', 'taxRegimeName', 'TAXREGIME', 'A', 'maxlength', '50'),
	(923, 2, '2023-04-24 14:42:33.000000', 'anyonemore', 'status', 'TAXREGIME', 'A', 'required', 'true'),
	(924, 2, '2023-04-24 16:06:43.000000', 'anyonemore', 'stateName', 'STATE', 'A', 'minlength', '2'),
	(925, 2, '2023-04-24 16:07:23.000000', 'anyonemore', 'stateName', 'STATE', 'A', 'maxlength', '50'),
	(926, 2, '2023-04-24 16:09:35.000000', 'anyonemore', 'lgdCode', 'STATE', 'A', 'required', 'true'),
	(927, 2, '2023-04-24 16:10:22.000000', 'anyonemore', 'stateName', 'STATE', 'A', 'required', 'true'),
	(928, 2, '2023-04-24 17:45:21.000000', 'anyonemore', 'name', 'EMPLOYEESALARYCOMPONENT', 'A', 'required', 'true'),
	(929, 2, '2023-04-24 17:45:53.000000', 'anyonemore', 'name', 'EMPLOYEESALARYCOMPONENT', 'A', 'minlength', '2'),
	(930, 2, '2023-04-24 17:46:36.000000', 'anyonemore', 'name', 'EMPLOYEESALARYCOMPONENT', 'A', 'maxlength', '50'),
	(931, 2, '2023-04-24 17:47:17.000000', 'anyonemore', 'type', 'EMPLOYEESALARYCOMPONENT', 'A', 'required', 'true'),
	(932, 2, '2023-04-24 17:47:51.000000', 'anyonemore', 'type', 'EMPLOYEESALARYCOMPONENT', 'A', 'minlength', '2'),
	(933, 2, '2023-04-24 17:48:31.000000', 'anyonemore', 'type', 'EMPLOYEESALARYCOMPONENT', 'A', 'maxlength', '50'),
	(934, 2, '2023-04-24 17:49:43.000000', 'anyonemore', 'value', 'EMPLOYEESALARYCOMPONENT', 'A', 'required', 'true'),
	(935, 2, '2023-04-24 17:50:28.000000', 'anyonemore', 'componentTypeFlag', 'EMPLOYEESALARYCOMPONENT', 'A', 'required', 'true'),
	(936, 2, '2023-04-24 17:51:06.000000', 'anyonemore', 'componentTypeFlag', 'EMPLOYEESALARYCOMPONENT', 'A', 'minlength', '2'),
	(937, 2, '2023-04-24 17:51:47.000000', 'anyonemore', 'componentTypeFlag', 'EMPLOYEESALARYCOMPONENT', 'A', 'maxlength', '50'),
	(938, 2, '2023-04-24 17:52:35.000000', 'anyonemore', 'catagory', 'EMPLOYEESALARYCOMPONENT', 'A', 'required', 'true'),
	(939, 2, '2023-04-24 17:53:32.000000', 'anyonemore', 'catagory', 'EMPLOYEESALARYCOMPONENT', 'A', 'minlength', '2'),
	(940, 2, '2023-04-24 17:54:09.000000', 'anyonemore', 'catagory', 'EMPLOYEESALARYCOMPONENT', 'A', 'maxlength', '50'),
	(941, 2, '2023-04-24 17:54:50.000000', 'anyonemore', 'status', 'EMPLOYEESALARYCOMPONENT', 'A', 'required', 'true'),
	(942, 2, '2023-04-24 18:19:26.000000', 'anyonemore', 'empName', 'RESIGNATION', 'A', 'required', 'true'),
	(943, 2, '2023-04-24 18:19:55.000000', 'anyonemore', 'empName', 'RESIGNATION', 'A', 'minlength', '2'),
	(944, 2, '2023-04-24 18:20:25.000000', 'anyonemore', 'empName', 'RESIGNATION', 'A', 'maxlength', '50'),
	(945, 2, '2023-04-24 18:21:07.000000', 'anyonemore', 'noticePeriodIndays', 'RESIGNATION', 'A', 'required', 'true'),
	(946, 2, '2023-04-24 18:21:46.000000', 'anyonemore', 'reason', 'RESIGNATION', 'A', 'required', 'true'),
	(947, 2, '2023-04-24 18:22:15.000000', 'anyonemore', 'reason', 'RESIGNATION', 'A', 'minlength', '2'),
	(948, 2, '2023-04-24 18:23:07.000000', 'anyonemore', 'reason', 'RESIGNATION', 'A', 'maxlength', '50'),
	(949, 2, '2023-04-24 18:23:48.000000', 'anyonemore', 'resignStatus', 'RESIGNATION', 'A', 'required', 'true'),
	(950, 2, '2023-04-24 18:24:18.000000', 'anyonemore', 'resignStatus', 'RESIGNATION', 'A', 'minlength', '2'),
	(951, 2, '2023-04-24 18:24:56.000000', 'anyonemore', 'resignStatus', 'RESIGNATION', 'A', 'maxlength', '50'),
	(952, 2, '2023-04-24 18:27:08.000000', 'anyonemore', 'status', 'RESIGNATION', 'A', 'required', 'true'),
	(953, 2, '2023-04-25 09:40:56.000000', 'anyonemore', 'salaryType', 'REMUNERATION', 'A', 'required', 'true'),
	(954, 2, '2023-04-25 09:44:30.000000', 'anyonemore', 'paymentType', 'REMUNERATION', 'A', 'required', 'true'),
	(955, 2, '2023-04-25 09:46:59.000000', 'anyonemore', 'employeeId', 'REMUNERATION', 'A', 'required', 'true'),
	(956, 2, '2023-04-25 09:47:44.000000', 'anyonemore', 'status', 'REMUNERATION', 'A', 'required', 'true'),
	(957, 2, '2023-04-25 10:04:21.000000', 'anyonemore', 'regionName', 'REGION', 'A', 'required', 'true'),
	(958, 2, '2023-04-25 10:04:56.000000', 'anyonemore', 'regionName', 'REGION', 'A', 'minlength', '2'),
	(959, 2, '2023-04-25 10:05:37.000000', 'anyonemore', 'regionName', 'REGION', 'A', 'maxlength', '50'),
	(960, 2, '2023-04-25 10:06:17.000000', 'anyonemore', 'description', 'REGION', 'A', 'required', 'true'),
	(961, 2, '2023-04-25 10:06:50.000000', 'anyonemore', 'description', 'REGION', 'A', 'minlength', '2'),
	(962, 2, '2023-04-25 10:07:57.000000', 'anyonemore', 'description', 'REGION', 'A', 'maxlength', '50'),
	(963, 2, '2023-04-25 10:09:34.000000', 'anyonemore', 'status', 'REGION', 'A', 'required', 'true'),
	(964, 2, '2023-04-25 11:10:46.000000', 'anyonemore', 'promotionFor', 'PROMOTION', 'A', 'required', 'true'),
	(965, 2, '2023-04-25 11:12:38.000000', 'anyonemore', 'promotedFrom', 'PROMOTION', 'A', 'required', 'true'),
	(966, 2, '2023-04-25 11:14:04.000000', 'anyonemore', 'promotedTo', 'PROMOTION', 'A', 'required', 'true'),
	(967, 2, '2023-04-25 11:16:47.000000', 'anyonemore', 'status', 'PROMOTION', 'A', 'required', 'true'),
	(968, 2, '2023-04-25 11:35:03.000000', 'anyonemore', 'employeeId', 'PFDETAILS', 'A', 'required', 'true'),
	(969, 2, '2023-04-25 11:35:33.000000', 'anyonemore', 'reEnumerationId', 'PFDETAILS', 'A', 'required', 'true'),
	(970, 2, '2023-04-25 11:36:03.000000', 'anyonemore', 'status', 'PFDETAILS', 'A', 'required', 'true'),
	(971, 2, '2023-04-25 11:57:12.000000', 'anyonemore', 'type', 'PERSONALID', 'A', 'required', 'true'),
	(972, 2, '2023-04-25 11:57:40.000000', 'anyonemore', 'type', 'PERSONALID', 'A', 'minlength', '2'),
	(973, 2, '2023-04-25 11:58:17.000000', 'anyonemore', 'type', 'PERSONALID', 'A', 'maxlength', '50'),
	(974, 2, '2023-04-25 11:58:57.000000', 'anyonemore', 'number', 'PERSONALID', 'A', 'required', 'true'),
	(975, 2, '2023-04-25 12:01:28.000000', 'anyonemore', 'issuingAuthority', 'PERSONALID', 'A', 'required', 'true'),
	(976, 2, '2023-04-25 12:02:16.000000', 'anyonemore', 'issuingAuthority', 'PERSONALID', 'A', 'minlength', '2'),
	(977, 2, '2023-04-25 12:02:54.000000', 'anyonemore', 'issuingAuthority', 'PERSONALID', 'A', 'maxlength', '50'),
	(978, 2, '2023-04-25 12:03:45.000000', 'anyonemore', 'docUrl', 'PERSONALID', 'A', 'required', 'true'),
	(979, 2, '2023-04-25 12:04:26.000000', 'anyonemore', 'docUrl', 'PERSONALID', 'A', 'minlength', '2'),
	(980, 2, '2023-04-25 12:05:13.000000', 'anyonemore', 'docUrl', 'PERSONALID', 'A', 'maxlength', '50'),
	(981, 2, '2023-04-25 12:05:59.000000', 'anyonemore', 'employeeId', 'PERSONALID', 'A', 'required', 'true'),
	(982, 2, '2023-04-25 12:25:26.000000', 'anyonemore', 'telephoneNo', 'PERSONALDETAILS', 'A', 'required', 'true'),
	(983, 2, '2023-04-25 12:27:22.000000', 'anyonemore', 'nationality', 'PERSONALDETAILS', 'A', 'required', 'true'),
	(984, 2, '2023-04-25 12:27:53.000000', 'anyonemore', 'nationality', 'PERSONALDETAILS', 'A', 'minlength', '2'),
	(985, 2, '2023-04-25 12:28:27.000000', 'anyonemore', 'nationality', 'PERSONALDETAILS', 'A', 'maxlength', '50'),
	(986, 2, '2023-04-25 12:29:11.000000', 'anyonemore', 'maritalStatus', 'PERSONALDETAILS', 'A', 'required', 'true'),
	(987, 2, '2023-04-25 12:29:44.000000', 'anyonemore', 'maritalStatus', 'PERSONALDETAILS', 'A', 'minlength', '2'),
	(988, 2, '2023-04-25 12:30:32.000000', 'anyonemore', 'maritalStatus', 'PERSONALDETAILS', 'A', 'maxlength', '50'),
	(989, 2, '2023-04-25 12:31:16.000000', 'anyonemore', 'religion', 'PERSONALDETAILS', 'A', 'required', 'true'),
	(990, 2, '2023-04-25 12:31:54.000000', 'anyonemore', 'religion', 'PERSONALDETAILS', 'A', 'minlength', '2'),
	(991, 2, '2023-04-25 12:32:29.000000', 'anyonemore', 'religion', 'PERSONALDETAILS', 'A', 'maxlength', '50'),
	(992, 2, '2023-04-25 12:33:17.000000', 'anyonemore', 'employeeId', 'PERSONALDETAILS', 'A', 'required', 'true'),
	(993, 2, '2023-04-25 12:34:47.000000', 'anyonemore', 'bloodGroup', 'PERSONALDETAILS', 'A', 'required', 'true'),
	(994, 2, '2023-04-25 12:37:11.000000', 'anyonemore', 'status', 'PERSONALDETAILS', 'A', 'required', 'true'),
	(995, 2, '2023-04-25 12:43:41.000000', 'pradeep', 'dateOfBirth', 'PERSONALDETAILS', 'A', 'required', 'true'),
	(996, 2, '2023-04-19 14:52:43.000000', NULL, 'line1', 'ADDRESS', 'A', 'required', 'true'),
	(997, 2, '2023-04-19 14:52:45.000000', NULL, 'line1', 'ADDRESS', 'A', 'minlength', '2'),
	(998, 2, '2023-04-19 14:52:46.000000', NULL, 'line1', 'ADDRESS', 'A', 'maxlength', '50'),
	(999, 2, '2023-04-19 14:53:00.000000', NULL, 'state', 'ADDRESS', 'A', 'required', 'true'),
	(1000, 2, '2023-04-19 14:53:05.000000', NULL, 'state', 'ADDRESS', 'A', 'minlength', '2'),
	(1001, 2, '2023-04-19 14:53:07.000000', 'user', 'state', 'ADDRESS', 'A', 'maxlength', '50'),
	(1002, 2, '2023-04-19 14:53:08.000000', NULL, 'city', 'ADDRESS', 'A', 'required', 'true'),
	(1003, 2, '2023-04-19 14:53:10.000000', 'user', 'city', 'ADDRESS', 'A', 'minlength', '2'),
	(1004, 2, '2023-04-19 14:53:11.000000', 'anonymousUser', 'city', 'ADDRESS', 'A', 'maxlength', '50'),
	(1005, 2, '2023-04-19 14:53:13.000000', NULL, 'branchName', 'BRANCH', 'A', 'required', 'true'),
	(1006, 2, '2023-04-20 10:37:03.000000', NULL, 'designationId', 'APPROVALLEVEL', 'A', 'required', 'true'),
	(1007, 2, '2023-04-20 10:37:06.000000', NULL, 'sequence', 'APPROVALLEVEL', 'A', 'required', 'true'),
	(1008, 2, '2023-04-20 10:37:08.000000', NULL, 'approvalSettingId', 'APPROVALLEVEL', 'A', 'required', 'true'),
	(1009, 2, '2023-04-20 10:37:08.000000', NULL, 'status', 'APPROVALLEVEL', 'A', 'required', 'true'),
	(1010, 2, '2023-04-20 10:37:08.000000', NULL, 'approverEmployeeId', 'APPROVAL', 'A', 'required', 'true'),
	(1011, 2, '2023-04-20 10:37:08.000000', NULL, 'approvalStatus', 'APPROVAL', 'A', 'required', 'true'),
	(1012, 2, '2023-04-20 10:37:08.000000', NULL, 'approvalStatus', 'APPROVAL', 'A', 'minlength', '2'),
	(1013, 2, '2023-04-20 10:37:08.000000', 'anonymousUser', 'approvalStatus', 'APPROVAL', 'A', 'maxlength', '50'),
	(1014, 2, '2023-04-20 10:37:08.000000', NULL, 'refTable', 'APPROVAL', 'A', 'required', 'true'),
	(1015, 2, '2023-04-20 10:37:08.000000', 'anonymousUser', 'status', 'APPROVALLEVEL', 'A', 'required', 'true'),
	(1016, 2, '2023-04-20 10:37:08.000000', NULL, 'type', 'APPROVALSETTING', 'A', 'required', 'true'),
	(1017, 2, '2023-04-20 10:37:08.000000', NULL, 'type', 'APPROVALSETTING', 'A', 'minlength', '2'),
	(1018, 2, '2023-04-20 10:37:08.000000', 'anonymousUser', 'type', 'APPROVALSETTING', 'A', 'maxlength', '50'),
	(1019, 2, '2023-04-21 09:50:27.000000', NULL, 'approvalCategory', 'APPROVALSETTING', 'A', 'required', 'true'),
	(1020, 2, '2023-04-21 09:50:27.000000', NULL, 'status', 'APPROVALSETTING', 'A', 'required', 'true'),
	(1021, 2, '2023-04-21 10:37:08.000000', NULL, 'assetId', 'AssetApplication', 'A', 'required', 'true'),
	(1022, 2, '2023-04-20 10:37:08.000000', NULL, 'assetype', 'AssetApplication', 'A', 'required', 'true'),
	(1023, 2, '2023-04-20 11:37:08.000001', NULL, 'assetype', 'AssetApplication', 'A', 'minlength', '2'),
	(1024, 2, '2023-04-20 10:37:08.000000', 'anonymousUser', 'assetype', 'AssetApplication', 'A', 'maxlength', '50'),
	(1025, 2, '2023-04-20 10:37:08.000000', NULL, 'quantity', 'AssetApplication', 'A', 'required', 'true'),
	(1026, 2, '2023-04-20 10:37:08.000000', NULL, 'reqStatus', 'AssetApplication', 'A', 'required', 'true'),
	(1027, 2, '2023-04-20 10:37:08.000000', 'anonymousUser', 'reqStatus', 'AssetApplication', 'A', 'minlength', '2'),
	(1028, 2, '2023-04-20 10:37:08.000000', NULL, 'reqStatus', 'AssetApplication', 'A', 'maxlength', '50'),
	(1029, 2, '2023-04-20 10:37:08.000000', NULL, 'status', 'AssetApplication', 'A', 'required', 'true'),
	(1030, 2, '2023-04-20 10:37:08.000000', NULL, 'assetName', 'AssetInventory', 'A', 'required', 'true'),
	(1031, 2, '2023-04-20 10:37:08.000000', NULL, 'assetName', 'AssetInventory', 'A', 'minlength', '2'),
	(1032, 2, '2023-04-20 10:37:08.000000', NULL, 'assetName', 'AssetInventory', 'A', 'maxlength', '50'),
	(1033, 2, '2023-04-21 14:35:35.000000', NULL, 'supplier', 'AssetInventory', 'A', 'required', 'true'),
	(1034, 2, '2023-04-21 14:35:35.000000', NULL, 'supplier', 'AssetInventory', 'A', 'minlength', '2'),
	(1035, 2, '2023-04-21 14:35:35.000000', 'anonymousUser', 'supplier', 'AssetInventory', 'A', 'maxlength', '50'),
	(1036, 2, '2023-04-21 14:35:35.000000', NULL, 'model', 'AssetInventory', 'A', 'required', 'true'),
	(1037, 2, '2023-04-21 14:35:35.000000', NULL, 'model', 'AssetInventory', 'A', 'minlength', '2'),
	(1038, 2, '2023-04-21 14:35:35.000000', 'anonymousUser', 'model', 'AssetInventory', 'A', 'maxlength', '50'),
	(1039, 2, '2023-04-21 14:35:35.000000', NULL, 'manufacturer', 'AssetInventory', 'A', 'required', 'true'),
	(1040, 2, '2023-04-21 14:35:35.000000', NULL, 'manufacturer', 'AssetInventory', 'A', 'minlength', '2'),
	(1041, 2, '2023-04-21 14:35:35.000000', 'anonymousUser', 'manufacturer', 'AssetInventory', 'A', 'maxlength', '50'),
	(1042, 2, '2023-04-21 14:35:35.000000', NULL, 'warrantyInMonths', 'AssetInventory', 'A', 'required', 'true'),
	(1043, 2, '2023-04-21 14:35:35.000000', NULL, 'status', 'AssetInventory', 'A', 'required', 'true'),
	(1044, 2, '2023-04-21 14:35:35.000000', NULL, 'branchTransCode', 'BANKSDETAILS', 'A', 'required', 'true'),
	(1045, 2, '2023-04-21 14:35:35.000000', NULL, 'refTable', 'BANKSDETAILS', 'A', 'required', 'true'),
	(1046, 2, '2023-04-21 14:35:35.000000', NULL, 'customPolicyName', 'CustomLeavePolicy', 'A', 'required', 'true'),
	(1047, 2, '2023-04-21 14:35:35.000000', NULL, 'customPolicyName', 'CustomLeavePolicy', 'A', 'minlength', '2'),
	(1048, 2, '2023-04-21 14:35:35.000000', NULL, 'customPolicyName', 'CustomLeavePolicy', 'A', 'maxlength', '50'),
	(1049, 2, '2023-04-21 14:35:35.000000', NULL, 'days', 'CustomLeavePolicy', 'A', 'required', 'true'),
	(1050, 2, '2023-04-21 14:35:35.000000', NULL, 'status', 'CustomLeavePolicy', 'A', 'required', 'true'),
	(1051, 2, '2023-04-21 14:35:35.000000', NULL, 'name', 'Deduction', 'A', 'required', 'true'),
	(1052, 2, '2023-04-21 14:35:35.000000', NULL, 'name', 'Deduction', 'A', 'minlength', '2'),
	(1053, 2, '2023-04-21 14:35:35.000000', 'anonymousUser', 'name', 'Deduction', 'A', 'maxlength', '50'),
	(1054, 2, '2023-04-21 14:35:35.000000', NULL, 'status', 'Deduction', 'A', 'required', 'true'),
	(1055, 2, '2023-04-21 14:35:35.000000', NULL, 'employeeId', 'Deduction', 'A', 'required', 'true'),
	(1056, 2, '2023-04-21 14:35:35.000000', NULL, 'docType', 'Document', 'A', 'required', 'true'),
	(1057, 2, '2023-04-21 14:35:35.000000', NULL, 'docCategory', 'Document', 'A', 'required', 'true'),
	(1058, 2, '2023-04-21 14:35:35.000000', NULL, 'fileName', 'Document', 'A', 'required', 'true'),
	(1059, 2, '2023-04-21 14:35:35.000000', NULL, 'fileName', 'Document', 'A', 'minlength', '2'),
	(1060, 2, '2023-04-21 14:35:35.000000', NULL, 'fileName', 'Document', 'A', 'maxlength', '50'),
	(1061, 2, '2023-04-21 14:35:35.000000', NULL, 'contentType', 'Document', 'A', 'required', 'true'),
	(1062, 2, '2023-04-21 14:35:35.000000', NULL, 'contentType', 'Document', 'A', 'minlength', '2'),
	(1063, 2, '2023-04-21 14:35:35.000000', 'anonymousUser', 'contentType', 'Document', 'A', 'maxlength', '50'),
	(1064, 2, '2023-04-21 14:35:35.000000', NULL, 'refTable', 'Document', 'A', 'required', 'true'),
	(1065, 2, '2023-04-21 14:35:35.000000', NULL, 'status', 'Document', 'A', 'required', 'true'),
	(1066, 2, '2023-04-21 14:35:35.000000', NULL, 'amount', 'EmployeeExemption', 'A', 'required', 'true'),
	(1067, 2, '2023-04-21 14:35:35.000000', NULL, 'taxExemSubSectionId', 'EmployeeExemption', 'A', 'required', 'true'),
	(1068, 2, '2023-04-21 14:35:35.000000', NULL, 'exemptionStatus', 'EmployeeExemption', 'A', 'required', 'true'),
	(1069, 2, '2023-04-21 14:35:35.000000', NULL, 'status', 'EmployeeExemption', 'A', 'required', 'true'),
	(1070, 2, '2023-04-21 14:35:35.000000', NULL, ' name', 'EmploymentType', 'A', 'required', 'true'),
	(1071, 2, '2023-04-21 14:35:35.000000', NULL, ' name', 'EmploymentType', 'A', 'minlength', '2'),
	(1072, 2, '2023-04-21 14:35:35.000000', NULL, ' name', 'EmploymentType', 'A', 'maxlength', '50'),
	(1073, 2, '2023-04-21 14:35:35.000000', NULL, 'subtype', 'EmploymentType', 'A', 'required', 'true'),
	(1074, 2, '2023-04-21 14:35:35.000000', NULL, 'subtype', 'EmploymentType', 'A', 'minlength', '2'),
	(1075, 2, '2023-04-21 14:35:35.000000', 'anonymousUser', 'subtype', 'EmploymentType', 'A', 'maxlength', '50'),
	(1076, 2, '2023-04-21 14:35:35.000000', NULL, 'status', 'EmploymentType', 'A', 'required', 'true'),
	(1077, 2, '2023-05-19 10:15:45.063395', 'b9e8d3d9-3cbb-4dde-ae76-a830b2f4972a', ' status', 'ESIDETAILS', 'A', 'required', 'true'),
	(1078, 2, '2023-04-21 14:35:35.000000', NULL, 'name', 'FAMILYINFO', 'A', 'required', 'true'),
	(1079, 2, '2023-04-21 14:35:35.000000', NULL, 'name', 'FAMILYINFO', 'A', 'minlength', '2'),
	(1080, 2, '2023-04-21 14:35:35.000000', 'anonymousUser', 'name', 'FAMILYINFO', 'A', 'maxlength', '50'),
	(1081, 2, '2023-04-21 14:35:35.000000', NULL, 'relation', 'FAMILYINFO', 'A', 'required', 'true'),
	(1082, 2, '2023-04-21 14:35:35.000000', NULL, 'relation', 'FAMILYINFO', 'A', 'minlength', '2'),
	(1083, 2, '2023-04-21 14:35:35.000000', 'anonymousUser', 'relation', 'FAMILYINFO', 'A', 'maxlength', '50'),
	(1084, 2, '2023-04-21 14:35:35.000000', NULL, 'status', 'FAMILYINFO', 'A', 'required', 'true'),
	(1085, 2, '2023-04-26 05:23:01.283880', 'anonymousUser', 'leaveType', 'LeaveApplication', 'A', 'required', 'true'),
	(1086, 2, '2023-04-26 05:23:01.283880', 'anonymousUser', 'noOfDays', 'LeaveApplication', 'A', 'required', 'true'),
	(1087, 2, '2023-04-26 05:23:01.283880', 'anonymousUser', 'reason', 'LeaveApplication', 'A', 'required', 'true'),
	(1088, 2, '2023-04-26 05:23:01.283880', 'anonymousUser', 'reason', 'LeaveApplication', 'A', 'minlength', '2'),
	(1089, 2, '2023-04-26 05:23:01.283880', 'anonymousUser', 'reason', 'LeaveApplication', 'A', 'maxlength', '50'),
	(1090, 2, '2023-04-26 05:23:01.283880', 'anonymousUser', 'leaveStatus', 'LeaveApplication', 'A', 'required', 'true'),
	(1091, 2, '2023-04-26 05:23:01.283880', 'anonymousUser', 'status', 'LeaveApplication', 'A', 'required', 'true'),
	(1092, 2, '2023-04-26 05:23:01.283880', 'anonymousUser', 'isCarryForword', 'LeavePolicy', 'A', 'required', 'true'),
	(1093, 2, '2023-04-26 05:23:01.283880', 'anonymousUser', 'totalLeave', 'LeavePolicy', 'A', 'required', 'true'),
	(1094, 2, '2023-04-26 05:23:01.283880', 'anonymousUser', 'maxLeave', 'LeavePolicy', 'A', 'required', 'true'),
	(1095, 2, '2023-04-26 05:23:01.283880', 'anonymousUser', 'refTable', 'LeavePolicy', 'A', 'required', 'true'),
	(1096, 2, '2023-04-26 05:23:01.283880', 'anonymousUser', 'refTableId', 'LeavePolicy', 'A', 'required', 'true'),
	(1097, 2, '2023-04-26 05:23:01.283880', 'anonymousUser', 'status', 'LeavePolicy', 'A', 'required', 'true'),
	(1098, 2, '2023-04-26 05:23:01.283880', 'anonymousUser', 'leaveType', 'LeaveType', 'A', 'required', 'true'),
	(1099, 2, '2023-04-26 05:23:01.283880', 'anonymousUser', 'leaveType', 'LeaveType', 'A', 'minlength', '2'),
	(1100, 2, '2023-04-26 05:23:01.283880', 'anonymousUser', 'leaveType', 'LeaveType', 'A', 'maxlength', '50'),
	(1101, 2, '2023-04-26 05:23:01.283880', 'anonymousUser', 'status', 'LeaveType', 'A', 'required', 'true'),
	(1102, 2, '2023-04-26 05:23:01.283880', 'anonymousUser', 'name', 'MasterLookup', 'A', 'required', 'true'),
	(1103, 2, '2023-04-26 05:23:01.283880', 'anonymousUser', 'name', 'MasterLookup', 'A', 'minlength', '2'),
	(1104, 2, '2023-04-26 05:23:01.283880', 'anonymousUser', 'name', 'MasterLookup', 'A', 'maxlength', '50'),
	(1105, 2, '2023-04-26 05:23:01.283880', 'anonymousUser', 'value', 'MasterLookup', 'A', 'required', 'true'),
	(1106, 2, '2023-04-26 05:23:01.283880', 'anonymousUser', 'value', 'MasterLookup', 'A', 'minlength', '2'),
	(1107, 2, '2023-04-26 05:23:01.283880', 'anonymousUser', 'value', 'MasterLookup', 'A', 'maxlength', '50'),
	(1108, 2, '2023-04-26 05:23:01.283880', 'anonymousUser', 'valueTwo', 'MasterLookup', 'A', 'required', 'true'),
	(1109, 2, '2023-04-26 05:23:01.283880', 'anonymousUser', 'valueTwo', 'MasterLookup', 'A', 'minlength', '2'),
	(1110, 2, '2023-04-26 05:23:01.283880', 'anonymousUser', 'valueTwo', 'MasterLookup', 'A', 'maxlength', '50'),
	(1111, 2, '2023-04-26 05:23:01.283880', 'anonymousUser', 'type', 'MasterLookup', 'A', 'required', 'true'),
	(1112, 2, '2023-04-26 05:23:01.283880', 'anonymousUser', 'type', 'MasterLookup', 'A', 'minlength', '2'),
	(1113, 2, '2023-04-26 05:23:01.283880', 'anonymousUser', 'type', 'MasterLookup', 'A', 'maxlength', '50'),
	(1114, 2, '2023-04-26 05:23:01.283880', 'anonymousUser', 'status', 'MasterLookup', 'A', 'required', 'true'),
	(1115, 2, '2023-04-26 05:23:01.283880', 'anonymousUser', 'name', 'OverTime', 'A', 'required', 'true'),
	(1116, 2, '2023-04-26 05:23:01.283880', 'anonymousUser', 'name', 'OverTime', 'A', 'minlength', '2'),
	(1117, 2, '2023-04-26 05:23:01.283880', 'anonymousUser', 'name', 'OverTime', 'A', 'maxlength', '50'),
	(1118, 2, '2023-04-26 05:23:01.283880', 'anonymousUser', 'rateType', 'OverTime', 'A', 'required', 'true'),
	(1119, 2, '2023-04-26 05:23:01.283880', 'anonymousUser', 'rate', 'OverTime', 'A', 'required', 'true'),
	(1120, 2, '2023-04-26 05:23:01.283880', 'anonymousUser', 'status', 'OverTime', 'A', 'required', 'true'),
	(1121, 2, '2023-04-26 05:23:01.283880', 'anonymousUser', 'name', 'PayrollAdditions', 'A', 'required', 'true'),
	(1122, 2, '2023-04-26 05:23:01.283880', 'anonymousUser', 'name', 'PayrollAdditions', 'A', 'minlength', '2'),
	(1123, 2, '2023-04-26 05:23:01.283880', 'anonymousUser', 'name', 'PayrollAdditions', 'A', 'maxlength', '50'),
	(1124, 2, '2023-04-26 05:23:01.283880', 'anonymousUser', 'category', 'PayrollAdditions', 'A', 'required', 'true'),
	(1125, 2, '2023-04-26 05:23:01.283880', 'anonymousUser', 'unitAmount', 'PayrollAdditions', 'A', 'required', 'true'),
	(1126, 2, '2023-04-26 05:23:01.283880', 'anonymousUser', ' assignType', 'PayrollAdditions', 'A', 'required', 'true'),
	(1127, 2, '2023-04-26 05:23:01.283880', 'anonymousUser', ' assignType', 'PayrollAdditions', 'A', 'minlength', '2'),
	(1128, 2, '2023-04-26 05:23:01.283880', 'anonymousUser', ' assignType', 'PayrollAdditions', 'A', 'maxlength', '50'),
	(1129, 2, '2023-04-26 05:23:01.283880', 'anonymousUser', 'status', 'PayrollAdditions', 'A', 'required', 'true'),
	(1130, 2, '2023-04-26 05:23:01.283880', 'anonymousUser', 'employeeId', 'PayrollAdditions', 'A', 'required', 'true'),
	(1131, 2, '2023-04-26 05:23:01.283880', 'anonymousUser', 'month', 'PaySlip ', 'A', 'required', 'true'),
	(1132, 2, '2023-04-26 05:23:01.283880', 'anonymousUser', 'salary', 'PaySlip ', 'A', 'required', 'true'),
	(1133, 2, '2023-04-26 05:23:01.283880', 'anonymousUser', 'status', 'PaySlip ', 'A', 'required', 'true'),
	(1134, 2, '2023-04-26 05:23:01.283880', 'anonymousUser', 'employeeId', 'PaySlip ', 'A', 'required', 'true'),
	(1135, 2, '2023-04-26 05:23:01.283880', 'anonymousUser', 'telephoneNo', 'PERSONALINFO', 'A', 'required', 'true'),
	(1136, 2, '2023-05-25 08:18:02.461864', '538181f9-39f2-43c8-8596-b7309a7dea58', 'telephoneNo', 'PERSONALINFO', 'A', 'minlength', '10'),
	(1137, 2, '2023-05-25 08:17:55.819787', '538181f9-39f2-43c8-8596-b7309a7dea58', 'telephoneNo', 'PERSONALINFO', 'A', 'maxlength', '13'),
	(1138, 2, '2023-04-26 05:23:01.283880', 'anonymousUser', 'nationality', 'PERSONALINFO', 'A', 'required', 'true'),
	(1139, 2, '2023-04-26 05:23:01.283880', 'anonymousUser', 'maritalStatus', 'PersonalDetails ', 'A', 'required', 'true'),
	(1140, 2, '2023-04-26 05:23:01.283880', 'anonymousUser', 'religion', 'PersonalDetails ', 'A', 'required', 'true'),
	(1141, 2, '2023-04-26 05:23:01.283880', 'anonymousUser', 'employeeId', 'PersonalDetails ', 'A', 'required', 'true'),
	(1142, 2, '2023-04-26 05:23:01.283880', 'anonymousUser', 'bloodGroup', 'PersonalDetails ', 'A', 'required', 'true'),
	(1143, 2, '2023-04-26 05:23:01.283880', 'anonymousUser', 'status', 'PersonalDetails ', 'A', 'required', 'true'),
	(1144, 2, '2023-05-12 05:11:46.688293', 'e4d95ac7-1d8f-456e-906d-ad4bfa94c347', 'taxRegimeName', 'TAX-REGIME', 'A', 'required', 'true'),
	(1145, 2, '2023-05-12 05:12:00.587096', 'e4d95ac7-1d8f-456e-906d-ad4bfa94c347', 'taxRegimeName', 'TAX-REGIME', 'A', 'minlength', '2'),
	(1146, 2, '2023-05-12 05:12:19.941551', 'e4d95ac7-1d8f-456e-906d-ad4bfa94c347', 'taxRegimeName', 'TAX-REGIME', 'A', 'maxlength', '50'),
	(1147, 2, '2023-03-06 10:57:32.000000', NULL, 'firstName', 'EMPLOYEE', 'A', 'required', 'true'),
	(1148, 2, '2023-03-06 11:19:36.000000', NULL, 'firstName', 'EMPLOYEE', 'A', 'minlength', '2'),
	(1149, 2, '2023-02-08 13:30:56.000000', 'Granite', 'firstName', 'EMPLOYEE', 'A', 'maxlength', '50'),
	(1150, 2, '2023-02-08 12:15:29.000000', 'intermediate', 'lastName', 'EMPLOYEE', 'A', 'required', 'true'),
	(1151, 2, '2023-02-08 17:20:14.000000', 'Configuration', 'lastName', 'EMPLOYEE', 'A', 'minlength', '2'),
	(1152, 2, '2023-02-08 14:12:08.000000', 'niches', 'lastName', 'EMPLOYEE', 'A', 'maxlength', '50'),
	(1153, 2, '2023-02-08 16:30:12.000000', 'uniform matrices Chair', 'middleName', 'EMPLOYEE', 'A', 'required', 'true'),
	(1154, 2, '2023-02-09 03:28:53.000000', 'Handcrafted Kuwait', 'middleName', 'EMPLOYEE', 'A', 'minlength', '2'),
	(1155, 2, '2023-02-08 16:37:26.000000', 'pink invoice application', 'middleName', 'EMPLOYEE', 'A', 'maxlength', '50'),
	(1156, 2, '2023-02-08 13:19:53.000000', 'Buckinghamshire platforms state', 'joindate', 'EMPLOYEE', 'A', 'required', 'true'),
	(1157, 2, '2023-04-04 12:33:43.000000', 'User', 'pincode', 'EMPLOYEE', 'A', 'required', 'true'),
	(1158, 2, '2023-04-04 12:35:32.000000', 'User', 'pincode', 'EMPLOYEE', 'A', 'pattern', '^[1-9]{1}[0-9]{5}$'),
	(1159, 2, '2023-04-04 12:35:32.000000', 'User', 'contact', 'EMPLOYEE', 'A', 'pattern', '[6789][0-9]{9}'),
	(1160, 2, '2023-04-11 08:43:51.054002', 'anonymousUser', 'emailId', 'EMPLOYEE', 'A', 'pattern', '^[\\w-\\.]+@([\\w-]+\\.)+[\\w-]{2,4}$'),
	(1161, 2, '2023-05-15 06:32:33.590752', 'b9e8d3d9-3cbb-4dde-ae76-a830b2f4972a', 'Type', 'TRAININGLIST', 'A', 'required', 'true'),
	(1162, 2, '2023-05-15 06:32:53.507043', 'b9e8d3d9-3cbb-4dde-ae76-a830b2f4972a', 'TrainerName', 'TRAININGLIST', 'A', 'required', 'true'),
	(1163, 2, '2023-05-15 06:33:13.587305', 'b9e8d3d9-3cbb-4dde-ae76-a830b2f4972a', 'startDateTime', 'TRAININGLIST', 'A', 'required', 'true'),
	(1164, 2, '2023-05-15 06:33:30.751066', 'b9e8d3d9-3cbb-4dde-ae76-a830b2f4972a', 'endDateTime', 'TRAININGLIST', 'A', 'required', 'true'),
	(1165, 2, '2023-05-15 06:33:50.565810', 'b9e8d3d9-3cbb-4dde-ae76-a830b2f4972a', 'costName', 'TRAININGLIST', 'A', 'required', 'true'),
	(1166, 2, '2023-05-15 06:34:08.387002', 'b9e8d3d9-3cbb-4dde-ae76-a830b2f4972a', 'trainingStatus', 'TRAININGLIST', 'A', 'required', 'true'),
	(1167, 2, '2023-05-15 06:34:28.354549', 'b9e8d3d9-3cbb-4dde-ae76-a830b2f4972a', 'StatusName', 'TRAININGLIST', 'A', 'required', 'true'),
	(1168, 2, '2023-05-15 11:08:47.228191', 'b9e8d3d9-3cbb-4dde-ae76-a830b2f4972a', 'costName', 'TRAININGLIST', 'A', 'pattern', '^s*[0-9,]+s*$'),
	(1169, 2, '2023-05-17 04:19:05.347649', 'b9e8d3d9-3cbb-4dde-ae76-a830b2f4972a', 'name', 'EMPLOYEESALARYCOMPONENT', 'A', 'required', 'true'),
	(1170, 2, '2023-05-17 04:19:29.519908', 'b9e8d3d9-3cbb-4dde-ae76-a830b2f4972a', 'type', 'EMPLOYEESALARYCOMPONENT', 'A', 'required', 'true'),
	(1171, 2, '2023-05-17 04:20:10.066492', 'b9e8d3d9-3cbb-4dde-ae76-a830b2f4972a', 'value', 'EMPLOYEESALARYCOMPONENT', 'A', 'required', 'true'),
	(1172, 2, '2023-05-17 04:20:33.021005', 'b9e8d3d9-3cbb-4dde-ae76-a830b2f4972a', 'componentTypeFlag', 'EMPLOYEESALARYCOMPONENT', 'A', 'required', 'true'),
	(1173, 2, '2023-05-17 04:20:56.877318', 'b9e8d3d9-3cbb-4dde-ae76-a830b2f4972a', 'catagory', 'EMPLOYEESALARYCOMPONENT', 'A', 'required', 'true'),
	(1174, 2, '2023-05-17 04:21:54.651686', 'b9e8d3d9-3cbb-4dde-ae76-a830b2f4972a', 'status', 'EMPLOYEESALARYCOMPONENT', 'A', 'required', 'true'),
	(1175, 2, '2023-05-17 04:55:43.706232', 'b9e8d3d9-3cbb-4dde-ae76-a830b2f4972a', 'employeeId', 'EMPLOYEESALARYCOMPONENT', 'A', 'required', 'true'),
	(1176, 2, '2023-04-04 12:35:32.000000', 'User', 'contact', 'FAMILYINFO', 'A', 'pattern', '[6789][0-9]{9}'),
	(1177, 2, '2023-04-21 14:35:35.000000', 'User', 'dateOfBirth', 'FAMILYINFO', 'A', 'required', 'true'),
	(1178, 2, '2023-04-21 14:35:35.000000', 'User', 'employeeId', 'FAMILYINFO', 'A', 'required', 'true'),
	(1179, 2, '2023-05-19 08:18:27.400836', 'anonymousUser', 'email', 'CONTACT', 'A', 'required', 'true'),
	(1180, 2, '2023-05-19 08:18:38.347406', 'anonymousUser', 'phoneNumber', 'CONTACT', 'A', 'required', 'true'),
	(1181, 2, '2023-05-19 10:20:18.282795', 'b9e8d3d9-3cbb-4dde-ae76-a830b2f4972a', 'employeeId', 'ESIDETAILS', 'A', 'required', 'true'),
	(1182, 2, '2023-05-19 10:20:45.225539', 'b9e8d3d9-3cbb-4dde-ae76-a830b2f4972a', 'reEnumerationId', 'ESIDETAILS', 'A', 'required', 'true'),
	(1183, 2, '2023-04-05 15:32:03.000000', 'User', 'refTableId', 'BANKSDETAILS', 'A', 'required', 'true'),
	(1184, 2, '2023-04-05 15:32:03.000000', 'User', 'status', 'BANKSDETAILS', 'A', 'required', 'true'),
	(1185, 2, '2023-05-23 06:38:07.164142', '538181f9-39f2-43c8-8596-b7309a7dea58', 'noOfHours', 'WORKINGHOURS', 'A', 'pattern', '^(?!-)\\d+(\\.\\d{1,2})?$'),
	(1186, 2, '2023-03-06 10:57:32.000000', NULL, 'name', 'DEPARTMENT', 'A', 'pattern', '^[a-zA-Z ]+$'),
	(1187, 2, '2023-03-06 10:57:32.000000', NULL, 'holidayName', 'HOLIDAY', 'A', 'pattern', '^[a-zA-Z ]+$'),
	(1188, 2, '2023-03-06 10:57:32.000000', NULL, 'name', 'DESIGNATION', 'A', 'pattern', '^[a-zA-Z ]+$'),
	(1189, 2, '2023-05-24 10:03:55.425258', '538181f9-39f2-43c8-8596-b7309a7dea58', 'roles', 'ADDUSER', 'A', 'required', 'true'),
	(1190, 2, '2023-03-06 10:57:32.000000', NULL, 'companyName', 'COMPANY', 'A', 'pattern', '^[a-zA-Z ]+$'),
	(1191, 2, '2023-03-06 10:57:32.000000', NULL, 'BranchName', 'BRANCH', 'A', 'required', 'true'),
	(1192, 2, '2023-03-06 10:57:32.000000', NULL, 'RegionName', 'BRANCH', 'A', 'required', 'true'),
	(1193, 2, '2023-03-06 10:57:32.000000', NULL, 'CompanyName', 'BRANCH', 'A', 'required', 'true'),
	(1194, 2, '2023-03-06 10:57:32.000000', NULL, 'Branchcode', 'BRANCH', 'A', 'required', 'true'),
	(1195, 2, '2023-03-06 10:57:32.000000', NULL, 'BranchType', 'BRANCH', 'A', 'required', 'true'),
	(1196, 2, '2023-03-06 10:57:32.000000', NULL, 'WebSite', 'BRANCH', 'A', 'required', 'true'),
	(1197, 2, '2023-03-06 10:57:32.000000', NULL, 'Line1', 'BRANCH', 'A', 'required', 'true'),
	(1198, 2, '2023-03-06 10:57:32.000000', NULL, 'LandMark', 'BRANCH', 'A', 'required', 'true'),
	(1199, 2, '2023-03-06 10:57:32.000000', NULL, 'Pincode', 'BRANCH', 'A', 'required', 'true'),
	(1200, 2, '2023-03-06 10:57:32.000000', NULL, 'Latitude', 'BRANCH', 'A', 'required', 'true'),
	(1201, 2, '2023-03-06 10:57:32.000000', NULL, 'Longitude', 'BRANCH', 'A', 'required', 'true'),
	(1202, 2, '2023-05-10 10:57:30.000000', 'User', 'name', 'EMERGENCYCONTACT', 'A', 'required', 'true'),
	(1203, 2, '2023-05-10 10:57:30.000000', 'User', 'contactPref', 'EMERGENCYCONTACT', 'A', 'required', 'true'),
	(1204, 2, '2023-05-10 10:57:30.000000', 'User', 'contactType', 'EMERGENCYCONTACT', 'A', 'required', 'true'),
	(1205, 2, '2023-05-10 10:57:30.000000', 'User', 'contactReference', 'EMERGENCYCONTACT', 'A', 'required', 'true'),
	(1206, 2, '2023-05-10 10:57:30.000000', 'User', 'contactReference', 'EMERGENCYCONTACT', 'A', 'pattern', '^[a-zA-Z][a-zA-Z\\\\s]+$'),
	(1207, 2, '2023-05-10 10:57:30.000000', 'User', 'name', 'EMERGENCYCONTACT', 'A', 'pattern', '^[a-zA-Z][a-zA-Z\\\\s]+$'),
	(1208, 2, '2023-05-10 10:57:30.000000', 'User', 'subject', 'EDUCATION', 'A', 'required', 'true'),
	(1209, 2, '2023-05-10 10:57:30.000000', 'User', 'startYear', 'EDUCATION', 'A', 'required', 'true'),
	(1210, 2, '2023-05-10 10:57:30.000000', 'User', 'endDate', 'EDUCATION', 'A', 'required', 'true'),
	(1211, 2, '2023-05-10 10:57:30.000000', 'User', 'educationType', 'EDUCATION', 'A', 'required', 'true'),
	(1212, 2, '2023-05-10 10:57:30.000000', 'User', 'grade', 'EDUCATION', 'A', 'required', 'true'),
	(1213, 2, '2023-02-08 13:19:53.000000', 'User', 'grade', 'EDUCATION', 'A', 'minlength', '1'),
	(1214, 2, '2023-02-08 13:19:53.000000', 'User', 'grade', 'EDUCATION', 'A', 'maxlength', '5'),
	(1215, 2, '2023-02-08 13:19:53.000000', 'User', 'educationType', 'EDUCATION', 'A', 'minlength', '2'),
	(1216, 2, '2023-02-08 13:19:53.000000', 'User', 'educationType', 'EDUCATION', 'A', 'maxlength', '20'),
	(1217, 2, '2023-02-08 13:19:53.000000', 'User', 'subject', 'EDUCATION', 'A', 'minlength', '2'),
	(1218, 2, '2023-02-08 13:19:53.000000', 'User', 'subject', 'EDUCATION', 'A', 'maxlength', '50'),
	(1219, 2, '2023-05-25 08:01:29.412341', '538181f9-39f2-43c8-8596-b7309a7dea58', 'religion', 'PERSONALINFO', 'A', 'required', 'true'),
	(1220, 2, '2023-05-25 08:01:49.948473', '538181f9-39f2-43c8-8596-b7309a7dea58', 'dateOfBirth', 'PERSONALINFO', 'A', 'required', 'true'),
	(1221, 2, '2023-05-25 08:02:13.413333', '538181f9-39f2-43c8-8596-b7309a7dea58', 'maritalStatus', 'PERSONALINFO', 'A', 'required', 'true'),
	(1222, 2, '2023-05-25 08:03:30.930951', '538181f9-39f2-43c8-8596-b7309a7dea58', 'bloodGroup', 'PERSONALINFO', 'A', 'required', 'true'),
	(1223, 2, '2023-05-25 08:07:48.677476', '538181f9-39f2-43c8-8596-b7309a7dea58', 'status', 'PERSONALINFO', 'A', 'required', 'true'),
	(1224, 2, '2023-05-25 08:08:05.956639', '538181f9-39f2-43c8-8596-b7309a7dea58', 'employeeId', 'PERSONALINFO', 'A', 'required', 'true'),
	(1225, 2, '2023-05-25 08:22:53.920756', '538181f9-39f2-43c8-8596-b7309a7dea58', 'telephoneNo', 'PERSONALINFO', 'A', 'pattern', '[6789][0-9]{9}'),
	(1226, 2, '2023-05-25 09:15:45.776714', '538181f9-39f2-43c8-8596-b7309a7dea58', 'middleName', 'EMPLOYEE', 'A', 'required', 'true'),
	(1227, 2, '2023-05-25 09:16:10.749433', '538181f9-39f2-43c8-8596-b7309a7dea58', 'middleName', 'EMPLOYEE', 'A', 'minlength', '2'),
	(1228, 2, '2023-05-25 09:16:23.796942', '538181f9-39f2-43c8-8596-b7309a7dea58', 'middleName', 'EMPLOYEE', 'A', 'maxlength', '30'),
	(1229, 2, '2023-05-25 09:16:41.207058', '538181f9-39f2-43c8-8596-b7309a7dea58', 'gender', 'EMPLOYEE', 'A', 'required', 'true'),
	(1230, 2, '2023-05-25 09:18:43.957314', '538181f9-39f2-43c8-8596-b7309a7dea58', 'DepartmentName', 'EMPLOYEE', 'A', 'required', 'true'),
	(1231, 2, '2023-05-25 09:18:57.387759', '538181f9-39f2-43c8-8596-b7309a7dea58', 'reportingEmpId', 'EMPLOYEE', 'A', 'required', 'true'),
	(1232, 2, '2023-05-25 09:19:09.519455', '538181f9-39f2-43c8-8596-b7309a7dea58', 'BranchName', 'EMPLOYEE', 'A', 'required', 'true'),
	(1233, 2, '2023-05-25 09:19:23.081392', '538181f9-39f2-43c8-8596-b7309a7dea58', 'employmentTypeId', 'EMPLOYEE', 'A', 'required', 'true'),
	(1234, 2, '2023-05-25 09:21:22.984093', '538181f9-39f2-43c8-8596-b7309a7dea58', 'DesignationId', 'EMPLOYEE', 'A', 'required', 'true'),
	(1235, 2, '2023-05-17 04:55:43.706232', 'b9e8d3d9-3cbb-4dde-ae76-a830b2f4972a', 'day', 'WORKINGDAYSSETTNIG', 'A', 'required', 'true'),
	(1236, 2, '2023-05-17 04:55:43.706232', 'b9e8d3d9-3cbb-4dde-ae76-a830b2f4972a', 'hours', 'WORKINGDAYSSETTNIG', 'A', 'required', 'true'),
	(1237, 2, '2023-05-17 04:55:43.706232', 'b9e8d3d9-3cbb-4dde-ae76-a830b2f4972a', 'dayOff', 'WORKINGDAYSSETTNIG', 'A', 'required', 'true'),
	(1238, 2, '2023-05-17 04:55:43.706232', 'b9e8d3d9-3cbb-4dde-ae76-a830b2f4972a', 'day', 'WORKINGDAYSSETTNIG', 'A', 'minlength', '4'),
	(1239, 2, '2023-05-17 04:55:43.706232', 'b9e8d3d9-3cbb-4dde-ae76-a830b2f4972a', 'day', 'WORKINGDAYSSETTNIG', 'A', 'maxlength', '11'),
	(1240, 2, '2023-05-17 04:55:43.706232', 'b9e8d3d9-3cbb-4dde-ae76-a830b2f4972a', 'day', 'WORKINGDAYSSETTNIG', 'A', 'pattern', '^[A-Za-z]+$'),
	(1241, 2, '2023-05-17 04:55:43.706232', 'b9e8d3d9-3cbb-4dde-ae76-a830b2f4972a', 'hours', 'WORKINGDAYSSETTNIG', 'A', 'pattern', '^[0-9]'),
	(1242, 2, '2023-05-25 10:50:11.563218', '538181f9-39f2-43c8-8596-b7309a7dea58', 'employeeId', 'EMPLOYEEEXEMPTION', 'A', 'required', 'true'),
	(1243, 2, '2023-05-29 07:25:32.625148', '538181f9-39f2-43c8-8596-b7309a7dea58', 'editvalue', 'ASSET', 'A', 'pattern', '^[1-9][0-9]*$'),
	(1244, 2, '2023-05-30 08:39:59.226099', '538181f9-39f2-43c8-8596-b7309a7dea58', 'type', 'BRANCH', 'A', 'required', 'true'),
	(1245, 2, '2023-05-30 08:40:16.280119', '538181f9-39f2-43c8-8596-b7309a7dea58', 'country', 'BRANCH', 'A', 'required', 'true'),
	(1246, 2, '2023-05-30 08:40:26.313968', '538181f9-39f2-43c8-8596-b7309a7dea58', 'country', 'BRANCH', 'A', 'minlength', '2'),
	(1247, 2, '2023-05-30 08:40:38.797474', '538181f9-39f2-43c8-8596-b7309a7dea58', 'country', 'BRANCH', 'A', 'maxlength', '50'),
	(1248, 2, '2023-05-30 08:40:52.238678', '538181f9-39f2-43c8-8596-b7309a7dea58', 'state', 'BRANCH', 'A', 'required', 'true'),
	(1249, 2, '2023-05-30 08:41:02.870497', '538181f9-39f2-43c8-8596-b7309a7dea58', 'state', 'BRANCH', 'A', 'minlength', '2'),
	(1250, 2, '2023-05-30 08:41:32.036038', '538181f9-39f2-43c8-8596-b7309a7dea58', 'state', 'BRANCH', 'A', 'maxlength', '50'),
	(1251, 2, '2023-05-30 08:41:47.526583', '538181f9-39f2-43c8-8596-b7309a7dea58', 'city', 'BRANCH', 'A', 'required', 'true'),
	(1252, 2, '2023-05-30 08:41:58.072422', '538181f9-39f2-43c8-8596-b7309a7dea58', 'city', 'BRANCH', 'A', 'minlength', '2'),
	(1253, 2, '2023-05-30 08:42:08.420802', '538181f9-39f2-43c8-8596-b7309a7dea58', 'city', 'BRANCH', 'A', 'maxlength', '50'),
	(1254, 2, NULL, NULL, 'amount', 'EmployeeExemptions', 'A', 'pattern', '^s*[0-9,]+s*$'),
	(1255, 2, NULL, NULL, 'maxlimit', 'TaxExemptionSection', 'A', 'pattern', '^s*[0-9,]+s*$'),
	(1256, 2, '2023-06-12 13:05:49.000000', NULL, 'amtTo', 'TAXSLAB', 'D', 'pattern', '^\\s*[0-9,]+\\s*$'),
	(1257, 2, '2023-05-17 04:55:43.706232', 'b9e8d3d9-3cbb-4dde-ae76-a830b2f4972a', 'category', 'MASTERPERFORMANCEINDICATOR', 'A', 'required', 'true'),
	(1258, 2, '2023-05-17 04:55:43.706232', 'b9e8d3d9-3cbb-4dde-ae76-a830b2f4972a', 'type', 'MASTERPERFORMANCEINDICATOR', 'A', 'required', 'true'),
	(1259, 2, '2023-05-17 04:55:43.706232', 'b9e8d3d9-3cbb-4dde-ae76-a830b2f4972a', 'name', 'MASTERPERFORMANCEINDICATOR', 'A', 'required', 'true'),
	(1260, 2, '2023-05-17 04:55:43.706232', 'b9e8d3d9-3cbb-4dde-ae76-a830b2f4972a', 'weightage', 'MASTERPERFORMANCEINDICATOR', 'A', 'required', 'true'),
	(1261, 2, '2023-05-17 04:55:43.706232', 'b9e8d3d9-3cbb-4dde-ae76-a830b2f4972a', 'description', 'MASTERPERFORMANCEINDICATOR', 'A', 'required', 'true'),
	(1262, 2, '2023-05-17 04:55:43.706232', 'b9e8d3d9-3cbb-4dde-ae76-a830b2f4972a', 'name', 'MASTERPERFORMANCEINDICATOR', 'A', 'minlength', '3'),
	(1263, 2, '2023-05-17 04:55:43.706232', 'b9e8d3d9-3cbb-4dde-ae76-a830b2f4972a', 'name', 'MASTERPERFORMANCEINDICATOR', 'A', 'maxlength', '30'),
	(1264, 2, '2023-05-17 04:55:43.706232', 'b9e8d3d9-3cbb-4dde-ae76-a830b2f4972a', 'weightage', 'MASTERPERFORMANCEINDICATOR', 'A', 'minlength', '1'),
	(1265, 2, '2023-05-17 04:55:43.706232', 'b9e8d3d9-3cbb-4dde-ae76-a830b2f4972a', 'weightage', 'MASTERPERFORMANCEINDICATOR', 'A', 'maxlength', '3'),
	(1266, 2, '2023-05-17 04:55:43.706232', 'b9e8d3d9-3cbb-4dde-ae76-a830b2f4972a', 'description', 'MASTERPERFORMANCEINDICATOR', 'A', 'maxlength', '30'),
	(1267, 2, '2023-05-25 09:21:22.984093', '538181f9-39f2-43c8-8596-b7309a7dea58', 'reportingEmpId', 'EMPLOYEE', 'A', 'required', 'true'),
	(1268, 2, '2023-05-10 10:08:42.000000', 'User', 'RegionName', 'EMPLOYEE', 'A', 'required', 'true'),
	(1269, 2, '2023-05-10 10:08:42.000000', 'User', 'empUniqueId', 'EMPLOYEE', 'A', 'required', 'true'),
	(1270, 2, '2023-05-10 10:08:42.000000', 'User', 'joindate', 'EMPLOYEE', 'A', 'required', 'true'),
	(1271, 2, '2023-05-10 10:08:42.000000', 'User', 'emailId', 'EMPLOYEE', 'A', 'required', 'true');
/*!40000 ALTER TABLE `form_validator` ENABLE KEYS */;

-- Dumping structure for table vghrms.holiday
CREATE TABLE IF NOT EXISTS `holiday` (
  `id` bigint(20) NOT NULL AUTO_INCREMENT,
  `company_id` bigint(20) DEFAULT NULL,
  `last_modified` datetime(6) DEFAULT NULL,
  `last_modified_by` varchar(255) DEFAULT NULL,
  `day` varchar(255) DEFAULT NULL,
  `holiday_date` datetime(6) DEFAULT NULL,
  `holiday_name` varchar(255) DEFAULT NULL,
  `status` varchar(255) DEFAULT NULL,
  `year` datetime(6) DEFAULT NULL,
  PRIMARY KEY (`id`)
) ENGINE=InnoDB AUTO_INCREMENT=33 DEFAULT CHARSET=latin1;

-- Dumping data for table vghrms.holiday: ~15 rows (approximately)
DELETE FROM `holiday`;
/*!40000 ALTER TABLE `holiday` DISABLE KEYS */;
INSERT INTO `holiday` (`id`, `company_id`, `last_modified`, `last_modified_by`, `day`, `holiday_date`, `holiday_name`, `status`, `year`) VALUES
	(18, 1, '2023-07-12 12:16:12.769088', '538181f9-39f2-43c8-8596-b7309a7dea58', NULL, '2023-01-26 00:00:00.000000', 'Republic day', 'A', NULL),
	(19, 1, '2023-07-12 12:19:14.554075', '538181f9-39f2-43c8-8596-b7309a7dea58', NULL, '2023-08-03 00:00:00.000000', 'Holi', 'A', NULL),
	(20, 1, '2023-07-12 12:20:28.437070', '538181f9-39f2-43c8-8596-b7309a7dea58', NULL, '2023-03-30 00:00:00.000000', 'Ram Navami', 'A', NULL),
	(21, 1, '2023-07-12 12:20:59.513082', '538181f9-39f2-43c8-8596-b7309a7dea58', NULL, '2023-04-04 00:00:00.000000', 'Mahavir Jayanti', 'A', NULL),
	(22, 1, '2023-07-12 12:22:08.572104', '538181f9-39f2-43c8-8596-b7309a7dea58', NULL, '2023-04-07 00:00:00.000000', 'Good Friday ', 'A', NULL),
	(23, 1, '2023-07-12 12:22:35.851118', '538181f9-39f2-43c8-8596-b7309a7dea58', NULL, '2023-05-05 00:00:00.000000', 'Buddha Pornima', 'A', NULL),
	(24, 1, '2023-07-12 12:22:58.582099', '538181f9-39f2-43c8-8596-b7309a7dea58', NULL, '2023-06-29 00:00:00.000000', 'Muharram', 'A', NULL),
	(25, 1, '2023-07-12 12:30:13.338121', '538181f9-39f2-43c8-8596-b7309a7dea58', NULL, '2023-08-15 00:00:00.000000', 'Independence Day', 'A', NULL),
	(26, 1, '2023-07-12 12:31:16.935146', '538181f9-39f2-43c8-8596-b7309a7dea58', NULL, '2023-07-09 00:00:00.000000', 'Janmastami', 'A', NULL),
	(27, 1, '2023-07-12 12:31:55.153063', '538181f9-39f2-43c8-8596-b7309a7dea58', NULL, '2023-10-02 00:00:00.000000', 'Mahatma Gandhi jayanti', 'A', NULL),
	(28, 1, '2023-07-12 12:33:10.983090', '538181f9-39f2-43c8-8596-b7309a7dea58', NULL, '2023-10-24 00:00:00.000000', 'Dussehra', 'A', NULL),
	(29, 1, '2023-07-12 12:36:14.519120', '538181f9-39f2-43c8-8596-b7309a7dea58', NULL, '2023-11-12 00:00:00.000000', 'Diwali', 'A', NULL),
	(30, 1, '2023-07-12 12:36:58.826100', '538181f9-39f2-43c8-8596-b7309a7dea58', NULL, '2023-11-27 00:00:00.000000', 'Guru Nanak Jayanti', 'A', NULL),
	(31, 1, '2023-07-12 12:37:38.078087', '538181f9-39f2-43c8-8596-b7309a7dea58', NULL, '2023-12-25 00:00:00.000000', 'Christmas Day', 'A', NULL),
	(32, 1, '2023-07-17 09:40:43.819571', '538181f9-39f2-43c8-8596-b7309a7dea58', NULL, '2023-07-20 00:00:00.000000', 'Rath Yatra Karjat', 'A', NULL);
/*!40000 ALTER TABLE `holiday` ENABLE KEYS */;

-- Dumping structure for table vghrms.jhi_authority
CREATE TABLE IF NOT EXISTS `jhi_authority` (
  `name` varchar(50) NOT NULL,
  PRIMARY KEY (`name`)
) ENGINE=InnoDB DEFAULT CHARSET=latin1;

-- Dumping data for table vghrms.jhi_authority: ~2 rows (approximately)
DELETE FROM `jhi_authority`;
/*!40000 ALTER TABLE `jhi_authority` DISABLE KEYS */;
INSERT INTO `jhi_authority` (`name`) VALUES
	('ROLE_ADMIN'),
	('ROLE_USER');
/*!40000 ALTER TABLE `jhi_authority` ENABLE KEYS */;

-- Dumping structure for table vghrms.jhi_date_time_wrapper
CREATE TABLE IF NOT EXISTS `jhi_date_time_wrapper` (
  `id` bigint(20) NOT NULL AUTO_INCREMENT,
  `instant` timestamp NULL DEFAULT NULL,
  `local_date_time` timestamp NULL DEFAULT NULL,
  `offset_date_time` timestamp NULL DEFAULT NULL,
  `zoned_date_time` timestamp NULL DEFAULT NULL,
  `local_time` time DEFAULT NULL,
  `offset_time` time DEFAULT NULL,
  `local_date` date DEFAULT NULL,
  PRIMARY KEY (`id`)
) ENGINE=InnoDB DEFAULT CHARSET=latin1;

-- Dumping data for table vghrms.jhi_date_time_wrapper: ~0 rows (approximately)
DELETE FROM `jhi_date_time_wrapper`;
/*!40000 ALTER TABLE `jhi_date_time_wrapper` DISABLE KEYS */;
/*!40000 ALTER TABLE `jhi_date_time_wrapper` ENABLE KEYS */;

-- Dumping structure for table vghrms.jhi_user
CREATE TABLE IF NOT EXISTS `jhi_user` (
  `id` varchar(100) NOT NULL,
  `login` varchar(50) NOT NULL,
  `first_name` varchar(50) DEFAULT NULL,
  `last_name` varchar(50) DEFAULT NULL,
  `email` varchar(191) DEFAULT NULL,
  `image_url` varchar(256) DEFAULT NULL,
  `activated` bit(1) NOT NULL,
  `lang_key` varchar(10) DEFAULT NULL,
  `created_by` varchar(50) NOT NULL,
  `created_date` timestamp NULL DEFAULT NULL,
  `last_modified_by` varchar(50) DEFAULT NULL,
  `last_modified_date` timestamp NULL DEFAULT NULL,
  PRIMARY KEY (`id`),
  UNIQUE KEY `ux_user_login` (`login`),
  UNIQUE KEY `ux_user_email` (`email`)
) ENGINE=InnoDB DEFAULT CHARSET=latin1;

-- Dumping data for table vghrms.jhi_user: ~0 rows (approximately)
DELETE FROM `jhi_user`;
/*!40000 ALTER TABLE `jhi_user` DISABLE KEYS */;
/*!40000 ALTER TABLE `jhi_user` ENABLE KEYS */;

-- Dumping structure for table vghrms.jhi_user_authority
CREATE TABLE IF NOT EXISTS `jhi_user_authority` (
  `user_id` varchar(100) NOT NULL,
  `authority_name` varchar(50) NOT NULL,
  PRIMARY KEY (`user_id`,`authority_name`),
  KEY `fk_authority_name` (`authority_name`),
  CONSTRAINT `fk_authority_name` FOREIGN KEY (`authority_name`) REFERENCES `jhi_authority` (`name`),
  CONSTRAINT `fk_user_id` FOREIGN KEY (`user_id`) REFERENCES `jhi_user` (`id`)
) ENGINE=InnoDB DEFAULT CHARSET=latin1;

-- Dumping data for table vghrms.jhi_user_authority: ~0 rows (approximately)
DELETE FROM `jhi_user_authority`;
/*!40000 ALTER TABLE `jhi_user_authority` DISABLE KEYS */;
/*!40000 ALTER TABLE `jhi_user_authority` ENABLE KEYS */;

-- Dumping structure for table vghrms.leave_application
CREATE TABLE IF NOT EXISTS `leave_application` (
  `id` bigint(20) NOT NULL AUTO_INCREMENT,
  `company_id` bigint(20) DEFAULT NULL,
  `last_modified` datetime(6) DEFAULT NULL,
  `last_modified_by` varchar(255) DEFAULT NULL,
  `employe_id` bigint(20) DEFAULT NULL,
  `form_date` datetime(6) DEFAULT NULL,
  `leave_status` varchar(255) DEFAULT NULL,
  `leave_type` varchar(255) DEFAULT NULL,
  `no_of_days` bigint(20) DEFAULT NULL,
  `reason` varchar(255) DEFAULT NULL,
  `status` varchar(255) DEFAULT NULL,
  `to_date` datetime(6) DEFAULT NULL,
  PRIMARY KEY (`id`)
) ENGINE=InnoDB AUTO_INCREMENT=161 DEFAULT CHARSET=latin1;

-- Dumping data for table vghrms.leave_application: ~14 rows (approximately)
DELETE FROM `leave_application`;
/*!40000 ALTER TABLE `leave_application` DISABLE KEYS */;
INSERT INTO `leave_application` (`id`, `company_id`, `last_modified`, `last_modified_by`, `employe_id`, `form_date`, `leave_status`, `leave_type`, `no_of_days`, `reason`, `status`, `to_date`) VALUES
	(146, 1, '2023-07-20 07:20:05.591901', '538181f9-39f2-43c8-8596-b7309a7dea58', 93, '2023-07-20 00:00:00.000000', 'Approved', 'Sick Leave', 1, 'for operation', 'A', '2023-07-22 00:00:00.000000'),
	(147, 1, '2023-07-24 07:25:25.735164', 'b8f33129-b9ce-43db-b11f-1e1b5c0eda8a', 87, '2023-07-21 00:00:00.000000', 'Cancelled', 'Casual Leave', 1, 'nothing', 'A', '2023-07-22 00:00:00.000000'),
	(148, 1, '2023-07-20 12:05:28.002054', 'b8f33129-b9ce-43db-b11f-1e1b5c0eda8a', 87, '2023-07-21 00:00:00.000000', 'Cancelled', 'Casual Leave', 1, 'qwe', 'A', '2023-07-22 00:00:00.000000'),
	(149, 1, '2023-07-20 07:37:49.562867', '538181f9-39f2-43c8-8596-b7309a7dea58', 93, '2023-07-30 00:00:00.000000', 'Approved', 'Sick Leave', 1, 'test perpose', 'A', '2023-07-31 00:00:00.000000'),
	(150, 1, '2023-07-20 11:34:55.617597', '538181f9-39f2-43c8-8596-b7309a7dea58', 13, '2023-07-20 00:00:00.000000', 'Cancelled', 'Privilege Leave', 6, 'for trip', 'A', '2023-07-26 00:00:00.000000'),
	(151, 1, '2023-07-20 11:58:52.320570', '538181f9-39f2-43c8-8596-b7309a7dea58', 13, '2023-07-26 00:00:00.000000', 'Applied', 'Sick Leave', 3, 'Not feeling well', 'A', '2023-07-28 00:00:00.000000'),
	(153, 1, '2023-07-20 13:36:40.973760', 'anonymousUser', 13, '2023-07-20 00:00:00.000000', 'Applied', 'Privilege Leave', 3, 'for trip test aarohi', 'A', '2023-07-26 00:00:00.000000'),
	(154, 1, '2023-07-24 05:32:07.420663', '538181f9-39f2-43c8-8596-b7309a7dea58', 13, '2023-07-20 00:00:00.000000', 'Applied', 'Privilege Leave', 1, 'for trip test aarohi', 'A', '2023-07-21 00:00:00.000000'),
	(155, 1, '2023-07-24 05:31:29.021232', '538181f9-39f2-43c8-8596-b7309a7dea58', 13, '2023-07-20 00:00:00.000000', 'Cancelled', 'Privilege Leave', 6, 'for trip test aarohi89', 'A', '2023-07-26 00:00:00.000000'),
	(156, 1, '2023-07-21 04:11:04.786301', 'anonymousUser', 93, '2023-07-20 00:00:00.000000', 'Applied', 'Privilege Leave', 3, 'for trip test aarohi89', 'A', '2023-07-26 00:00:00.000000'),
	(157, 1, '2023-07-21 07:10:44.245245', 'c9c5de82-7567-4023-afdb-7555aa120b96', 88, '2023-07-21 00:00:00.000000', 'Pending', 'Sick Leave', 1, 'routine check up', 'A', '2023-07-21 00:00:00.000000'),
	(158, 1, '2023-07-24 07:26:43.544710', 'b8f33129-b9ce-43db-b11f-1e1b5c0eda8a', 87, '2023-07-24 00:00:00.000000', 'Applied', 'Casual Leave', 6, 'exams', 'A', '2023-07-31 00:00:00.000000'),
	(159, 1, '2023-07-25 09:01:56.382494', '538181f9-39f2-43c8-8596-b7309a7dea58', 88, '2023-07-26 00:00:00.000000', 'Approved', 'Sick Leave', 1, 'sick leave', 'A', '2023-07-26 00:00:00.000000'),
	(160, 1, '2023-07-25 10:55:49.282421', 'c9c5de82-7567-4023-afdb-7555aa120b96', 88, '2023-07-25 00:00:00.000000', 'Rejected', 'Sick Leave', 1, 'routine checkup', 'A', '2023-07-25 00:00:00.000000');
/*!40000 ALTER TABLE `leave_application` ENABLE KEYS */;

-- Dumping structure for table vghrms.leave_policy
CREATE TABLE IF NOT EXISTS `leave_policy` (
  `id` bigint(20) NOT NULL AUTO_INCREMENT,
  `company_id` bigint(20) DEFAULT NULL,
  `last_modified` datetime(6) DEFAULT NULL,
  `last_modified_by` varchar(255) DEFAULT NULL,
  `description` varchar(255) DEFAULT NULL,
  `gender_leave` bigint(20) DEFAULT NULL,
  `haspro_rata_leave` bit(1) DEFAULT NULL,
  `is_carry_forword` bit(1) DEFAULT NULL,
  `max_leave` bigint(20) DEFAULT NULL,
  `ref_table` varchar(255) DEFAULT NULL,
  `ref_table_id` bigint(20) DEFAULT NULL,
  `status` varchar(255) DEFAULT NULL,
  `total_leave` bigint(20) DEFAULT NULL,
  `employment_type_id` bigint(20) DEFAULT NULL,
  `leave_type_id` bigint(20) DEFAULT NULL,
  PRIMARY KEY (`id`),
  KEY `FK12iey4mg2krb3vn4rw2axp2ix` (`employment_type_id`),
  KEY `FKll4ns9avrmr10756s86wk2quc` (`leave_type_id`),
  CONSTRAINT `FK12iey4mg2krb3vn4rw2axp2ix` FOREIGN KEY (`employment_type_id`) REFERENCES `employment_type` (`id`),
  CONSTRAINT `FKll4ns9avrmr10756s86wk2quc` FOREIGN KEY (`leave_type_id`) REFERENCES `leave_type` (`id`)
) ENGINE=InnoDB AUTO_INCREMENT=15 DEFAULT CHARSET=latin1;

-- Dumping data for table vghrms.leave_policy: ~5 rows (approximately)
DELETE FROM `leave_policy`;
/*!40000 ALTER TABLE `leave_policy` DISABLE KEYS */;
INSERT INTO `leave_policy` (`id`, `company_id`, `last_modified`, `last_modified_by`, `description`, `gender_leave`, `haspro_rata_leave`, `is_carry_forword`, `max_leave`, `ref_table`, `ref_table_id`, `status`, `total_leave`, `employment_type_id`, `leave_type_id`) VALUES
	(9, 1, '2023-07-12 13:04:28.002069', '538181f9-39f2-43c8-8596-b7309a7dea58', '', NULL, NULL, b'1', 8, 'Branch ', 1, 'A', 18, NULL, 22),
	(10, 1, '2023-07-12 13:56:04.309670', '538181f9-39f2-43c8-8596-b7309a7dea58', '', NULL, NULL, b'1', 4, 'Branch ', 1, 'A', 12, NULL, 23),
	(11, 1, '2023-07-12 13:59:09.034700', '538181f9-39f2-43c8-8596-b7309a7dea58', '', NULL, NULL, b'0', NULL, 'Branch ', 1, 'A', 8, NULL, 24),
	(12, 1, '2023-07-12 14:04:10.954661', '538181f9-39f2-43c8-8596-b7309a7dea58', '', NULL, NULL, b'0', NULL, 'Branch ', 1, 'A', 26, NULL, 25),
	(13, 1, '2023-07-12 14:05:21.104695', '538181f9-39f2-43c8-8596-b7309a7dea58', '', NULL, NULL, b'0', NULL, 'Branch ', 1, 'A', 5, NULL, 26),
	(14, 1, '2023-07-12 14:06:32.064671', '538181f9-39f2-43c8-8596-b7309a7dea58', '', NULL, NULL, b'0', NULL, 'Branch ', 1, 'A', 5, NULL, 27);
/*!40000 ALTER TABLE `leave_policy` ENABLE KEYS */;

-- Dumping structure for table vghrms.leave_type
CREATE TABLE IF NOT EXISTS `leave_type` (
  `id` bigint(20) NOT NULL AUTO_INCREMENT,
  `company_id` bigint(20) DEFAULT NULL,
  `last_modified` datetime(6) DEFAULT NULL,
  `last_modified_by` varchar(255) DEFAULT NULL,
  `allow_backward` bit(1) DEFAULT NULL,
  `has_carry_forward` bit(1) DEFAULT NULL,
  `has_custom_policy` bit(1) DEFAULT NULL,
  `has_earned` bit(1) DEFAULT NULL,
  `leave_type` varchar(255) DEFAULT NULL,
  `no_of_days` bigint(20) DEFAULT NULL,
  `status` varchar(255) DEFAULT NULL,
  PRIMARY KEY (`id`)
) ENGINE=InnoDB AUTO_INCREMENT=34 DEFAULT CHARSET=latin1;

-- Dumping data for table vghrms.leave_type: ~11 rows (approximately)
DELETE FROM `leave_type`;
/*!40000 ALTER TABLE `leave_type` DISABLE KEYS */;
INSERT INTO `leave_type` (`id`, `company_id`, `last_modified`, `last_modified_by`, `allow_backward`, `has_carry_forward`, `has_custom_policy`, `has_earned`, `leave_type`, `no_of_days`, `status`) VALUES
	(22, 1, '2023-07-19 10:52:05.265357', '538181f9-39f2-43c8-8596-b7309a7dea58', NULL, b'1', b'1', b'1', 'Privilege Leave', NULL, 'A'),
	(23, 1, '2023-07-18 12:54:31.930616', '538181f9-39f2-43c8-8596-b7309a7dea58', NULL, b'1', b'1', b'0', 'Sick Leave', NULL, 'A'),
	(24, 1, '2023-07-12 12:22:58.491149', '538181f9-39f2-43c8-8596-b7309a7dea58', NULL, b'0', b'1', b'1', 'Casual Leave', NULL, 'A'),
	(25, 1, '2023-07-12 12:23:46.758112', '538181f9-39f2-43c8-8596-b7309a7dea58', NULL, b'0', b'1', b'0', 'Maternity leave', NULL, 'A'),
	(26, 1, '2023-07-20 06:11:26.362468', 'c9c5de82-7567-4023-afdb-7555aa120b96', NULL, b'0', b'1', b'0', 'Extraordinary Leave', NULL, 'A'),
	(27, 1, '2023-07-13 06:06:42.933542', '538181f9-39f2-43c8-8596-b7309a7dea58', NULL, b'0', b'1', b'0', 'Compensatory Leave', NULL, 'A'),
	(28, 1, '2023-07-13 16:17:19.338415', '538181f9-39f2-43c8-8596-b7309a7dea58', NULL, b'0', b'0', b'1', 'Sick Leave', NULL, 'D'),
	(29, 2, '2023-05-23 09:03:44.119462', '97c1a32e-38b8-41fc-b3bb-dd144422bacd', NULL, b'1', b'1', b'0', 'Privilege Leave', NULL, 'A'),
	(30, 2, '2023-03-16 06:36:45.759000', NULL, NULL, b'1', b'0', b'0', 'Sick Leave', NULL, 'A'),
	(31, 2, '2023-06-12 06:20:29.158672', '538181f9-39f2-43c8-8596-b7309a7dea58', NULL, b'0', b'0', b'1', 'Casual Leave', NULL, 'A'),
	(32, 2, '2023-03-03 10:43:56.561000', NULL, NULL, b'0', b'0', b'0', 'Half Day leave', NULL, 'A');
/*!40000 ALTER TABLE `leave_type` ENABLE KEYS */;

-- Dumping structure for table vghrms.master_lookup
CREATE TABLE IF NOT EXISTS `master_lookup` (
  `id` bigint(20) NOT NULL AUTO_INCREMENT,
  `company_id` bigint(20) DEFAULT NULL,
  `last_modified` datetime(6) DEFAULT NULL,
  `last_modified_by` varchar(255) DEFAULT NULL,
  `description` varchar(255) DEFAULT NULL,
  `name` varchar(255) DEFAULT NULL,
  `status` varchar(255) DEFAULT NULL,
  `type` varchar(255) DEFAULT NULL,
  `value` varchar(255) DEFAULT NULL,
  `value_two` varchar(255) DEFAULT NULL,
  PRIMARY KEY (`id`)
) ENGINE=InnoDB AUTO_INCREMENT=286 DEFAULT CHARSET=latin1;

-- Dumping data for table vghrms.master_lookup: ~227 rows (approximately)
DELETE FROM `master_lookup`;
/*!40000 ALTER TABLE `master_lookup` DISABLE KEYS */;
INSERT INTO `master_lookup` (`id`, `company_id`, `last_modified`, `last_modified_by`, `description`, `name`, `status`, `type`, `value`, `value_two`) VALUES
	(1, 1, '2023-04-06 12:16:13.056446', 'anonymousUser', 'It Is A Gender', 'Female', 'D', 'Gender', 'Female', NULL),
	(2, 1, '2023-03-16 07:23:45.646000', NULL, 'Gender Type', 'Male', 'A', 'Gender', 'Male', NULL),
	(3, 1, '2023-02-08 19:17:49.000000', 'Admin', 'Gender', 'Transgender', 'A', 'Gender', 'Transgender', ''),
	(4, 1, '2023-02-09 01:46:16.000000', 'Admin', 'Marital Status', 'Married', 'A', 'Marital Status', 'Married', ''),
	(5, 1, '2023-03-06 10:15:17.053000', 'Admin', 'Marital Status', 'Single', 'A', 'Marital Status', 'single', NULL),
	(6, 1, '2023-02-09 06:37:50.000000', 'Admin', 'Marital Status', 'Divorced', 'A', 'Marital Status', 'Divorced', ''),
	(7, 1, '2023-02-08 16:46:31.000000', 'Admin', 'Marital Status', 'Widow', 'A', 'Marital Status', 'Widow', ''),
	(8, 1, '2023-02-08 13:23:56.000000', 'Admin', 'Address Type', 'Current Address', 'A', 'Address Type', 'Current Address', ''),
	(9, 1, '2023-02-09 06:36:15.000000', 'Admin', 'Address Type', 'Permanent Address', 'A', 'Address Type', 'Permanent Address', ''),
	(10, 1, '2023-02-08 23:43:40.000000', 'Admin', 'Address Type', 'Employment Address', 'A', 'Address Type', 'Employment Address', ''),
	(11, 1, '2023-02-08 23:43:40.000000', 'Admin', 'Blood Group', 'AB -ve', 'A', 'Blood Group', 'AB -ve', ''),
	(12, 1, '2023-02-08 23:43:40.000000', 'Admin', 'Blood Group', 'AB +ve', 'A', 'Blood Group', 'AB +ve', ''),
	(13, 1, '2023-02-08 23:43:40.000000', 'Admin', 'Blood Group', 'O -ve', 'A', 'Blood Group', 'O -ve', ''),
	(14, 1, '2023-02-08 23:43:40.000000', 'Admin', 'Blood Group', 'B -ve', 'A', 'Blood Group', 'B -ve', ''),
	(15, 1, '2023-02-08 23:43:40.000000', 'Admin', 'Blood Group', 'A -ve', 'A', 'Blood Group', 'A -ve', ''),
	(16, 1, '2023-02-08 23:43:40.000000', 'Admin', 'Blood Group', 'O +ve', 'A', 'Blood Group', 'O +ve', ''),
	(17, 1, '2023-02-08 23:43:40.000000', 'Admin', 'Blood Group', 'B +ve', 'A', 'Blood Group', 'B +ve', ''),
	(18, 1, '2023-02-08 23:43:40.000000', 'Admin', 'Blood Group', 'A +ve', 'A', 'Blood Group', 'A +ve', ''),
	(19, 1, '2023-02-22 23:43:40.000000', 'Admin', 'Relationship', 'Father', 'A', 'Relationship', 'Father', ''),
	(20, 1, '2023-02-22 23:43:40.000000', 'Admin', 'Relationship', 'Mother', 'A', 'Relationship', 'Mother', ''),
	(21, 1, '2023-02-22 23:43:40.000000', 'Admin', 'Relationship', 'Spous', 'A', 'Relationship', 'Spous', ''),
	(22, 1, '2023-02-22 23:43:40.000000', 'Admin', 'Relationship', 'Child', 'A', 'Relationship', 'Child', ''),
	(23, 1, '2023-02-22 23:43:40.000000', 'Admin', 'Relationship', 'Sister', 'A', 'Relationship', 'Sister', ''),
	(24, 1, '2023-02-22 23:43:40.000000', 'Admin', 'Relationship', 'Brother', 'A', 'Relationship', 'Brother', ''),
	(25, 1, '2023-02-22 23:43:40.000000', 'Admin', 'Contact preference', 'Primary', 'A', 'Contact Preference', 'Primary', ''),
	(26, 1, '2023-02-22 23:43:40.000000', 'Admin', 'Contact preference', 'Secondary', 'A', 'Contact Preference', 'Secondary', ''),
	(27, 1, '2023-02-22 23:43:40.000000', 'Admin', 'Contact Type', 'Mobile', 'A', 'Contact Type', 'Mobile', ''),
	(28, 1, '2023-02-22 23:43:40.000000', 'Admin', 'Contact Type', 'Landline', 'A', 'Contact Type', 'Landline', ''),
	(29, 1, '2023-02-22 23:43:40.000000', 'Admin', 'Contact Type', 'Email', 'A', 'Contact Type', 'Email', ''),
	(30, 1, '2023-02-22 23:43:40.000000', 'Admin', 'Education Type', 'SSC', 'A', 'Education Type', 'SSC', ''),
	(31, 1, '2023-02-22 23:43:40.000000', 'Admin', 'Education Type', 'HSC', 'A', 'Education Type', 'HSC', ''),
	(32, 1, '2023-02-22 23:43:40.000000', 'Admin', 'Education Type', 'Diploma', 'A', 'Education Type', 'Diploma', ''),
	(33, 1, '2023-02-22 23:43:40.000000', 'Admin', 'Education Type', 'Graduation', 'A', 'Education Type', 'Graduation', ''),
	(34, 1, '2023-02-22 23:43:40.000000', 'Admin', 'Education Type', 'Post Graduation', 'A', 'Education Type', 'Post Graduation', ''),
	(40, 1, '2023-02-22 23:43:40.000000', 'Admin', 'Payment Type', 'Bank Transfer', 'A', 'Payment Type', 'Bank Transfer', ''),
	(41, 1, '2023-02-22 23:43:40.000000', 'Admin', 'Payment Type', 'Cheque', 'A', 'Payment Type', 'Cheque', ''),
	(42, 1, '2023-02-22 23:43:40.000000', 'Admin', 'Payment Type', 'Cash', 'A', 'Payment Type', 'Cash', ''),
	(43, 1, '2023-04-14 09:09:31.052845', 'b9e8d3d9-3cbb-4dde-ae76-a830b2f4972a', 'Additional PFRate', '3', 'A', 'Additional Rate', '3', NULL),
	(44, 1, '2023-04-14 09:10:59.228541', 'b9e8d3d9-3cbb-4dde-ae76-a830b2f4972a', 'Additional PFRate', '4', 'A', 'Additional Rate', '4', NULL),
	(45, 1, '2023-04-14 09:11:20.515746', 'b9e8d3d9-3cbb-4dde-ae76-a830b2f4972a', 'Additional PFRate', '5', 'A', 'Additional Rate', '5', NULL),
	(46, 1, '2023-04-14 09:10:25.421190', 'b9e8d3d9-3cbb-4dde-ae76-a830b2f4972a', 'Additional PFRate', '6', 'A', 'Additional Rate', '6', NULL),
	(47, 1, '2023-04-14 09:09:58.401409', 'b9e8d3d9-3cbb-4dde-ae76-a830b2f4972a', 'Additional PFRate', '7', 'A', 'Additional Rate', '7', NULL),
	(48, 1, '2023-04-14 09:08:51.323003', 'b9e8d3d9-3cbb-4dde-ae76-a830b2f4972a', 'Additional PFRate', '8', 'A', 'Additional Rate', '8', NULL),
	(49, 1, '2023-04-14 09:13:15.243025', 'b9e8d3d9-3cbb-4dde-ae76-a830b2f4972a', 'Additional PFRate', '9', 'A', 'Additional Rate', '9', NULL),
	(50, 1, '2023-04-14 09:12:50.475374', 'b9e8d3d9-3cbb-4dde-ae76-a830b2f4972a', 'Additional PFRate', '10', 'A', 'Additional Rate', '10', NULL),
	(51, 1, '2023-02-22 23:43:40.000000', 'Admin', 'Branch Type', 'Head Office', 'A', 'Branch Type', 'Head Office', ''),
	(52, 1, '2023-02-22 23:43:40.000000', 'Admin', 'Branch Type', 'Zonal Office', 'A', 'Branch Type', 'Zonal Office', ''),
	(53, 1, '2023-02-22 23:43:40.000000', 'Admin', 'Branch Type', 'Branch', 'A', 'Branch Type', 'Branch', ''),
	(54, 1, '2023-04-14 09:12:28.086697', 'b9e8d3d9-3cbb-4dde-ae76-a830b2f4972a', 'Additional PFRate', '0', 'A', 'Additional Rate', '0', NULL),
	(55, 1, '2023-04-14 09:12:00.376312', 'b9e8d3d9-3cbb-4dde-ae76-a830b2f4972a', 'Additional PFRate', '1', 'A', 'Additional Rate', '1', NULL),
	(56, 1, '2023-04-14 09:06:51.646465', 'b9e8d3d9-3cbb-4dde-ae76-a830b2f4972a', 'Additional PFRate', '2', 'A', 'Additional Rate', '2', NULL),
	(57, 1, '2023-02-22 23:43:40.000000', 'Admin', 'Salary Basis', 'Hourly', 'A', 'Salary Basis', 'Hourly', ''),
	(58, 1, '2023-02-22 23:43:40.000000', 'Admin', 'Salary Basis', 'Monthly', 'A', 'Salary Basis', 'Monthly', ''),
	(59, 1, '2023-02-22 23:43:40.000000', 'Admin', 'Salary Basis', 'Daily', 'A', 'Salary Basis', 'Daily', ''),
	(60, 1, '2023-02-22 23:43:40.000000', 'Admin', 'Salary Basis', 'Weekly', 'A', 'Salary Basis', 'Weekly', ''),
	(61, 1, '2023-02-22 23:43:40.000000', 'Admin', 'LeaveSettingLevel', 'Company ', 'A', 'Leave Setting Level', 'Company ', ''),
	(62, 1, '2023-02-22 23:43:40.000000', 'Admin', 'LeaveSettingLevel', 'Branch ', 'A', 'Leave Setting Level', 'Branch ', ''),
	(63, 1, '2023-02-22 23:43:40.000000', 'Admin', 'LeaveSettingLevel', 'Region ', 'A', 'Leave Setting Level', 'Region ', ''),
	(64, 1, '2023-02-22 23:43:40.000000', 'Admin', 'LeaveSettingLevel', 'Department', 'A', 'Leave Setting Level', 'Department ', ''),
	(73, 1, '2023-02-22 23:43:40.000000', 'Admin', 'ApprovalSettingType', 'Leave Approval', 'A', 'Approval Setting Type', 'Leave Approval', ''),
	(74, 1, '2023-02-22 23:43:40.000000', 'Admin', 'ApprovalSettingType', 'Offer Approval', 'D', 'Approval Setting Type', 'Offer Approval', ''),
	(75, NULL, '2023-03-03 10:42:45.298000', NULL, 'officeMeet', 'officeMeet', 'D', 'meetingType', 'officeMeet', NULL),
	(76, 1, '2023-06-23 04:10:05.714552', '538181f9-39f2-43c8-8596-b7309a7dea58', 'Approval Setting Type', 'Resignation Approval', 'A', 'Approval Setting Type', 'Resignation Approval', '   '),
	(80, NULL, '2023-03-10 11:05:26.000000', 'Admin', '', 'ParameterLookupType', 'A', 'ParameterLookupType', 'ParameterLookupType', NULL),
	(83, 1, NULL, NULL, 'Indian', 'Indian', 'A', 'Nationality', 'Indian', NULL),
	(84, 1, '2023-03-10 07:33:09.596000', NULL, 'Country', 'British', 'A', 'Nationality', 'British', NULL),
	(86, 1, NULL, NULL, 'American', 'American', 'A', 'Nationality', 'American', NULL),
	(87, 1, '2023-03-10 11:22:33.157000', NULL, 'Leave Status', 'LeaveStatus', 'A', 'ParameterLookupType', 'Leave Status', NULL),
	(88, 1, '2023-03-10 11:23:18.518000', NULL, 'Rejected', 'Rejected', 'A', 'Leave Status', 'Rejected', 'Admin'),
	(89, 1, '2023-03-10 11:22:59.464000', NULL, 'Approved', 'Approved', 'A', 'Leave Status', 'Approved', 'Admin'),
	(90, 1, NULL, NULL, 'Cancelled', 'Cancelled', 'D', 'Leave Status', 'Cancelled', 'Admin'),
	(91, 1, NULL, NULL, 'Leave Status', 'Applied', 'D', 'Leave Status', 'Applied', 'Admin'),
	(93, 1, '2023-03-10 11:29:50.348000', NULL, 'Gender', 'Gender', 'A', 'ParameterLookupType', 'Gender', NULL),
	(94, 1, NULL, NULL, 'Pending', 'Pending', 'A', 'Leave Status', 'Pending', NULL),
	(95, 1, NULL, NULL, 'To Add Marital Status', 'Marital Status', 'A', 'ParameterLookupType', 'Marital Status', NULL),
	(96, 1, NULL, NULL, 'To Add Nationality', 'Nationality', 'A', 'ParameterLookupType', 'Nationality', NULL),
	(97, 1, NULL, NULL, 'To Add Blood Group', 'Blood Group', 'A', 'ParameterLookupType', 'Blood Group', NULL),
	(98, 1, NULL, NULL, 'To Add Relationship', 'Relationship', 'A', 'ParameterLookupType', 'Relationship', NULL),
	(99, 1, NULL, NULL, 'To Add Contact Preference', 'Contact Preference', 'A', 'ParameterLookupType', 'Contact Preference', NULL),
	(100, 1, NULL, NULL, 'To Add Contact Type', 'Contact Type', 'A', 'ParameterLookupType', 'Contact Type', NULL),
	(101, 1, NULL, NULL, 'To Add Education Type', 'Education Type', 'A', 'ParameterLookupType', 'Education Type', NULL),
	(102, 1, NULL, NULL, 'To Add Grade', 'Grade', 'A', 'ParameterLookupType', 'Grade', NULL),
	(103, 1, NULL, NULL, 'To Add Payment Type', 'Payment Type', 'A', 'ParameterLookupType', 'Payment Type', NULL),
	(104, 1, NULL, NULL, 'To Add Additional Rate', 'Additional Rate', 'A', 'ParameterLookupType', 'Additional Rate', NULL),
	(105, 1, NULL, NULL, 'To Add Branch Type', 'Branch Type', 'A', 'ParameterLookupType', 'Branch Type', NULL),
	(106, 1, NULL, NULL, 'To Add Salary Basis', 'Salary Basis', 'A', 'ParameterLookupType', 'Salary Basis', NULL),
	(107, 1, NULL, NULL, 'To Add Leave Setting Level', 'Leave Setting Level', 'A', 'ParameterLookupType', 'Leave Setting Level', NULL),
	(108, 1, NULL, NULL, 'To Add Approval Setting Type', 'Approval Setting Type', 'A', 'ParameterLookupType', 'Approval Setting Type', NULL),
	(109, 1, NULL, NULL, 'To Add Religion', 'Religion', 'A', 'ParameterLookupType', 'Religion', NULL),
	(110, 1, NULL, NULL, 'To Add Address Type', 'Address Type', 'A', 'ParameterLookupType', 'Address Type', NULL),
	(111, 1, NULL, NULL, 'Branch Level', 'LeaveSettingLeve', 'A', 'Leave Setting Level', 'Branch Wise', NULL),
	(119, 1, NULL, NULL, 'Addition Category', 'Addition Category', 'A', 'ParameterLookupType', 'Addition Category', NULL),
	(121, 1, '2023-03-29 11:39:45.000000', 'Admin', ' Asset Type', 'Equipment', 'A', 'Asset Type', 'Equipment', NULL),
	(122, 1, '2023-03-29 11:39:45.000000', 'Admin', ' Asset Type', 'Accessories', 'A', 'Asset Type', 'Aquipment', NULL),
	(123, 1, '2023-03-29 11:39:45.000000', 'Admin', ' Asset Type', 'Uniform', 'A', 'Asset Type', 'Uniform', NULL),
	(124, 1, '2023-03-29 11:39:45.000000', 'Admin', 'To Add Asset Status', 'Asset Status', 'A', 'ParameterLookupType', 'Asset Status', NULL),
	(125, 1, '2023-03-29 11:39:45.000000', 'Admin', 'To Add Payroll Additions Category', 'Payroll Additions Category', 'A', 'ParameterLookupType', 'Payroll Additions Category', NULL),
	(126, 1, '2023-03-29 11:39:45.000000', 'Admin', 'To Add Assignee Type Type', 'Assignee Type', 'A', 'ParameterLookupType', 'assignee Type', NULL),
	(127, 1, '2023-03-29 11:39:45.000000', 'Admin', 'To Add Over Time Rate Type', 'Over Time Rate Type', 'A', 'ParameterLookupType', 'Over Time Rate Type', NULL),
	(128, 1, '2023-03-29 11:39:45.000000', 'Admin', 'To Add Resign Status Type', 'Resign Status Type', 'A', 'ParameterLookupType', 'Resign Status Type', NULL),
	(129, 1, '2023-03-29 11:39:45.000000', 'Admin', 'To Add Termination Type', 'Termination Type', 'A', 'ParameterLookupType', 'Termination Type', NULL),
	(130, 1, '2023-03-29 11:39:45.000000', 'Admin', 'Asset Status', 'Pending', 'A', 'Asset Status', 'Pending', NULL),
	(131, 1, '2023-03-29 11:39:45.000000', 'Admin', 'Asset Status', 'Deployed', 'A', 'Asset Status', 'Deployed', NULL),
	(132, 1, '2023-03-29 11:39:45.000000', 'Admin', 'Asset Status', 'Approved', 'A', 'Asset Status', 'Approved', NULL),
	(133, 1, '2023-03-29 11:39:45.000000', 'Admin', 'Payroll Additions Category', 'Remuneration', 'A', 'Payroll Additions Category', 'Remuneration', NULL),
	(134, 1, '2023-03-29 11:39:45.000000', 'Admin', 'Payroll Additions Category', 'Additional', 'A', 'Payroll Additions Category', 'Additional', NULL),
	(135, 1, '2023-03-29 11:39:45.000000', 'Admin', 'Assignee Type', 'No Assignee', 'A', 'Assignee Type', 'No Assignee', NULL),
	(136, 1, '2023-03-29 11:39:45.000000', 'Admin', 'Assignee Type', 'All Emloyee', 'A', 'Assignee Type', 'All Emloyee', NULL),
	(137, 1, '2023-03-29 11:39:45.000000', 'Admin', 'Assignee Type', 'Selected Employee', 'A', 'Assignee Type', 'Selected Employee', NULL),
	(138, 1, '2023-03-29 11:39:45.000000', 'Admin', 'Over Time Rate Type', 'Hourly Rate', 'A', 'Over Time Rate Type', 'Hourly Rate', NULL),
	(139, 1, '2023-03-29 11:39:45.000000', 'Admin', 'Over Time Rate Type', 'Daily Rate', 'A', 'Over Time Rate Type', 'Daily Rate', NULL),
	(140, 1, '2023-03-29 11:39:45.000000', 'Admin', 'Resign Status Type', 'Applied', 'A', 'Resign Status Type', 'Applied', NULL),
	(141, 1, '2023-03-29 11:39:45.000000', 'Admin', 'Resign Status Type', 'Approved', 'A', 'Resign Status Type', 'Approved', 'Admin'),
	(142, 1, '2023-03-29 11:39:45.000000', 'Admin', 'Resign Status Type', 'Rejected', 'A', 'Resign Status Type', 'Rejected', 'Admin'),
	(143, 1, '2023-03-29 11:39:45.000000', 'Admin', 'Resign Status Type', 'Retained', 'A', 'Resign Status Type', 'Retained', NULL),
	(144, 1, '2023-03-29 11:39:45.000000', 'Admin', 'Resign Status Type', 'Cancelled', 'A', 'Resign Status Type', 'Cancelled', NULL),
	(145, 1, '2023-03-29 11:39:45.000000', 'Admin', 'Termination Type', 'Misconduct', 'A', 'Termination Type', 'Misconduct', NULL),
	(146, 1, '2023-03-31 12:52:57.000000', 'Admin', 'Asset Status', 'Applied', 'A', 'Asset Status', 'Applied', NULL),
	(148, 1, '2023-03-31 08:59:32.674454', 'anonymousUser', 'Additional Remuneration', 'Additional Remuneration', 'A', 'Addition Category', 'Additional Remuneration', NULL),
	(149, 1, '2023-03-31 09:04:36.438101', 'anonymousUser', 'Monthly Remuneration', 'Monthly Remuneration', 'A', 'Addition Category', 'Monthly Remuneration', NULL),
	(150, 1, '2023-03-31 09:25:16.288812', 'anonymousUser', 'Other', 'Other', 'A', 'Termination Type', 'Other', NULL),
	(151, 1, '2023-03-31 09:25:37.719205', 'anonymousUser', 'Irregularity', 'Irregularity', 'A', 'Termination Type', 'Irregularity', NULL),
	(159, 1, '2023-04-10 07:14:24.067396', 'anonymousUser', 'Temporary', 'Temporary', 'A', 'Termination Type', 'Temporary', NULL),
	(161, 1, '2023-04-11 06:22:33.827093', 'Admin', 'ParameterLookupType', 'Exemption Status', 'A', 'ParameterLookupType', 'Exemption Status', NULL),
	(162, 1, '2023-04-11 06:22:33.827093', 'Admin', 'ParameterLookupType', 'Training Status', 'A', 'ParameterLookupType', 'Training Status', NULL),
	(166, 1, '2023-04-11 06:22:33.827093', 'Admin', 'Training Status', 'Assigned', 'A', 'Training Status', 'Assigned', NULL),
	(167, 1, '2023-04-11 06:25:05.782247', 'Admin', 'Training Status', 'Inprogress', 'A', 'Training Status', 'Inprogress', NULL),
	(168, 1, '2023-04-11 06:27:02.819476', 'Admin', 'Training Status', 'Completed', 'A', 'Training Status', 'Completed', NULL),
	(169, 1, '2023-04-11 06:22:33.827093', 'Admin', 'Exemption Status', 'Created', 'A', 'Exemption Status', 'Created', NULL),
	(170, 1, '2023-04-11 06:22:33.827093', 'Admin', 'Exemption Status', 'Approved', 'A', 'Exemption Status', 'Approved', NULL),
	(177, 1, '2023-04-11 05:41:02.526301', 'anonymousUser', 'Document Type', 'Document Type', 'A', 'ParameterLookupType', 'Document Type', NULL),
	(178, 1, '2023-04-11 05:42:40.492017', 'anonymousUser', 'Personal Document', 'Personal Document', 'A', 'Document Type', 'Personal Document', NULL),
	(179, 1, '2023-04-11 05:43:35.944182', 'anonymousUser', 'Bank Document', 'Bank Document', 'A', 'Document Type', 'Bank Document', NULL),
	(180, 1, '2023-04-11 05:44:04.772876', 'anonymousUser', 'Training Document', 'Training Document', 'A', 'Document Type', 'Training Document', NULL),
	(181, 1, '2023-04-11 05:44:24.991744', 'anonymousUser', 'Education Document', 'Education Document', 'A', 'Document Type', 'Education Document', NULL),
	(182, 1, '2023-04-11 05:44:45.541245', 'anonymousUser', 'Experience Document', 'Experience Document', 'A', 'Document Type', 'Experience Document', NULL),
	(183, 1, '2023-04-11 05:52:01.024712', 'anonymousUser', 'Document Sub Type', 'Document Sub Type', 'A', 'ParameterLookupType', 'Document Sub Type', NULL),
	(184, 1, '2023-04-11 06:11:47.207996', 'anonymousUser', 'Ssc Education Document', 'Ssc', 'A', 'Document Sub Type', 'Education Document', NULL),
	(185, 1, '2023-04-11 06:12:24.212624', 'anonymousUser', 'Hsc Education Document', 'Hsc', 'A', 'Document Sub Type', 'Education Document', NULL),
	(186, 1, '2023-04-11 06:15:44.324386', 'anonymousUser', 'Photo Personal Document', 'Photo', 'A', 'Document Sub Type', 'Personal Document', NULL),
	(187, 1, '2023-04-11 06:17:18.735245', 'anonymousUser', 'Aadhar Card Personal Documents', 'Aadhar Card', 'A', 'Document Sub Type', 'Personal Document', NULL),
	(188, 1, '2023-04-11 06:18:59.044210', 'anonymousUser', 'Pan Card', 'Pan Card', 'A', 'Document Sub Type', 'Bank Document', NULL),
	(189, 1, '2023-04-11 06:19:28.278063', 'anonymousUser', 'Bank Passbook Bank Document', 'Bank Passbook', 'A', 'Document Sub Type', 'Bank Document', NULL),
	(190, 1, '2023-04-11 06:20:22.237058', 'anonymousUser', 'Diploma Education Document', 'Diploma', 'A', 'Document Sub Type', 'Education Document', NULL),
	(191, 1, '2023-04-11 06:20:50.717373', 'anonymousUser', 'Graduation Education Document', 'Graduation', 'A', 'Document Sub Type', 'Education Document', NULL),
	(192, 1, '2023-04-11 06:22:50.172202', 'anonymousUser', 'Post Graduation Education Document', 'Post Graduation', 'A', 'Document Sub Type', 'Education Document', NULL),
	(193, 1, '2023-04-11 06:23:18.971276', 'anonymousUser', 'Doctorate Education Document', 'Doctorate', 'A', 'Document Sub Type', 'Education Document', NULL),
	(194, 1, '2023-04-11 06:24:25.528927', 'anonymousUser', ' Freshers  Training Document', 'Freshers Training', 'A', 'Document Sub Type', 'Training Document', NULL),
	(195, 1, '2023-04-11 06:24:50.647702', 'anonymousUser', 'Advanced Training Document', 'Advanced Training', 'A', 'Document Sub Type', 'Training Document', NULL),
	(196, 1, '2023-04-11 06:26:04.722766', 'anonymousUser', 'Work Experience Document ', 'Work Experience', 'A', 'Document Sub Type', 'Experience Document', NULL),
	(197, 1, '2023-04-14 10:31:43.325359', 'b9e8d3d9-3cbb-4dde-ae76-a830b2f4972a', 'Reliving Letter Experience Document', 'Reliving Letter', 'A', 'Document Sub Type', 'Experience Document ', NULL),
	(198, 1, '2023-04-28 15:38:55.000000', NULL, 'Approval Status', 'Approval Status', 'A', 'ParameterLookupType', 'Approval Status', NULL),
	(199, 1, '2023-04-19 13:03:46.000000', 'anonymousUser', 'Applied', 'Applied', 'A', 'Approval Status', 'Applied', NULL),
	(200, 1, '2023-04-19 13:03:46.000000', 'anonymousUser', 'Approved', 'Approved', 'A', 'Approval Status', 'Approved', NULL),
	(201, 1, '2023-04-19 13:03:46.000000', 'anonymousUser', 'Rejected', 'Rejected', 'A', 'Approval Status', 'Rejected', NULL),
	(202, 1, '2023-02-22 23:43:40.000000', 'Admin', 'Contact preference', 'Primary', 'A', 'ContactPreferenceType', 'Primary', ''),
	(203, 1, '2023-02-22 23:43:40.000000', 'Admin', 'Contact preference', 'Secondary', 'A', 'ContactPreferenceType', 'Secondary', ''),
	(204, 1, '2023-02-22 23:43:40.000000', 'Admin', 'Contact Type', 'Mobile', 'A', 'ContactType', 'Mobile', ''),
	(205, 1, '2023-02-22 23:43:40.000000', 'Admin', 'Contact Type', 'Landline', 'A', 'ContactType', 'Landline', ''),
	(206, 1, '2023-02-22 23:43:40.000000', 'Admin', 'Contact Type', 'Email', 'A', 'ContactType', 'Email', ''),
	(207, 1, '2023-05-16 14:22:16.000000', 'Admin', 'Employee Salary Component Name', 'Salary Component Name', 'A', 'ParameterLookupType', 'Salary Component Name', NULL),
	(208, 1, '2023-05-16 14:43:30.000000', 'Admin', 'Salary Component Name', 'HRA', 'A', 'Salary Component Name', 'HRA', NULL),
	(209, 1, '2023-05-16 14:46:42.000000', 'Admin', 'Salary Component Name', 'DA', 'A', 'Salary Component Name', 'DA', NULL),
	(210, 1, '2023-05-16 14:46:44.000000', 'Admin', 'Salary Component Type', 'Salary Component Type', 'A', 'ParameterLookupType', 'Salary Component Type', NULL),
	(211, 1, '2023-05-16 14:46:46.000000', 'Admin', 'Salary Component Type', 'Percentage', 'D', 'Salary Component Type', '%', NULL),
	(212, 1, '2023-05-16 14:46:46.000000', 'Admin', 'Salary Component Type', 'Amount', 'A', 'Salary Component Type', 'Amount', NULL),
	(213, 1, '2023-05-16 14:46:46.000000', 'Admin', 'Salary Component Category', 'Salary Component Category', 'A', 'ParameterLookupType', 'Salary Component Category', NULL),
	(214, 1, '2023-05-16 14:46:46.000000', 'Admin', 'Salary Component Category', 'Fixed', 'A', 'Salary Component Category', 'Fixed', NULL),
	(215, 1, '2023-05-16 14:46:46.000000', 'Admin', 'Salary Component Category', 'Variable', 'A', 'Salary Component Category', 'Variable', NULL),
	(216, 1, '2023-05-16 14:55:31.000000', 'Admin', 'Salary Component Type Flag', 'Component Type Flag', 'A', 'ParameterLookupType', 'Component Type Flag', NULL),
	(217, 1, '2023-05-16 14:55:31.000000', 'Admin', 'Salary Component Type Flag', 'Deduction', 'A', 'Component Type Flag', 'D', NULL),
	(218, 1, '2023-05-16 14:55:31.000000', 'Admin', 'Salary Component Type Flag', 'Allowance', 'A', 'Component Type Flag', 'A', NULL),
	(219, 1, '2023-05-19 09:39:09.000000', 'Admin', 'Salary Component Name', 'Basic', 'A', 'Salary Component Name', 'Basic', NULL),
	(220, 1, '2023-02-22 23:43:40.000000', 'Admin', 'Salary Basis', 'Yearly', 'A', 'Salary Basis', 'Yearly', ''),
	(221, 1, '2023-05-16 14:46:42.000000', 'Admin', 'Salary Component Name', 'Medical', 'A', 'Salary Component Name', 'Medical', NULL),
	(222, 1, '2023-05-16 14:46:42.000000', 'Admin', 'Salary Component Name', 'Conveyance', 'A', 'Salary Component Name', 'Conveyance', NULL),
	(223, 1, '2023-05-16 14:46:42.000000', 'Admin', 'Salary Component Name', 'SpecialAllowance', 'A', 'Salary Component Name', 'SpecialAllowance', NULL),
	(224, 1, '2023-05-31 10:49:47.000000', 'Admin', 'esi details', 'esi details', 'A', 'ParameterLookupType', 'esi details', NULL),
	(225, 1, '2023-05-31 10:55:01.000000', 'Admin', 'Min Gross Salary Amount', 'Min Gross Salary Amount', 'A', 'esi details', '21000', NULL),
	(226, 1, '2023-05-31 10:49:47.000000', 'Admin', 'Work Days', 'Sunday', 'A', 'Work Days', 'Sunday', NULL),
	(227, 1, '2023-05-31 10:49:47.000000', 'Admin', 'Work Days', 'Saturday', 'A', 'Work Days', 'Saturday', NULL),
	(228, 1, '2023-05-31 10:49:47.000000', 'Admin', 'Work Days', 'Friday', 'A', 'Work Days', 'Friday', NULL),
	(229, 1, '2023-05-31 10:49:47.000000', 'Admin', 'Work Days', 'Thursday', 'A', 'Work Days', 'Thursday', NULL),
	(230, 1, '2023-05-31 10:49:47.000000', 'Admin', 'Work Days', 'Wednesday', 'A', 'Work Days', 'Wednesday', NULL),
	(231, 1, '2023-05-31 10:49:47.000000', 'Admin', 'Work Days', 'Tuesday', 'A', 'Work Days', 'Tuesday', NULL),
	(232, 1, '2023-05-31 10:49:47.000000', 'Admin', 'Work Days', 'Monday', 'A', 'Work Days', 'Monday', NULL),
	(233, 1, '2023-05-31 13:48:59.000000', 'Admin', 'Work Days', 'Work Days', 'A', 'ParameterLookupType', 'Work Days', NULL),
	(234, 1, '2023-06-01 11:21:43.000000', 'Admin', 'Income Tax cess % ', 'Income Tax cess % ', 'A', 'ParameterLookupType', 'Income Tax cess % ', NULL),
	(235, 1, '2023-06-01 11:54:04.000000', 'Admin', 'cess %', 'cess', 'A', 'Income Tax cess %', '5', NULL),
	(236, 1, '2023-06-01 11:54:03.000000', 'Admin', 'Surcharge Rates on Income tax', 'Surcharge Rate', 'A', 'ParameterLookupType', 'Surcharge Rate', NULL),
	(237, 1, '2023-06-01 12:08:55.000000', 'Admin', ' Income tax >50 lac', '5000000', 'A', 'Surcharge Rate', '10', NULL),
	(238, 1, '2023-06-01 12:08:55.000000', 'Admin', ' Income tax >1 Cr', '10000000', 'A', 'Surcharge Rate', '15', NULL),
	(239, 1, '2023-05-16 14:55:31.000000', 'Admin', 'Organisational', 'Organisational', 'A', 'Master Performance Category', 'Organisational', NULL),
	(240, 1, '2023-05-16 14:55:31.000000', 'Admin', 'Technical', 'Technical', 'A', 'Master Performance Category', 'Technical', NULL),
	(241, 1, '2023-05-16 14:55:31.000000', 'Admin', 'Proffesional', 'Proffesional', 'A', 'Master Performance Type', 'Proffesional', NULL),
	(242, 1, '2023-05-16 14:55:31.000000', 'Admin', 'Personal', 'Personal', 'A', 'Master Performance Type', 'Personal', NULL),
	(243, 1, '2023-06-07 12:06:04.000000', 'Admin', 'Master Performance Category', 'Master Performance Category', 'A', 'ParameterLookupType', 'Master Performance Category', NULL),
	(244, 1, '2023-06-07 12:06:06.000000', 'Admin', 'Master Performance Type', 'Master Performance Type', 'A', 'ParameterLookupType', 'Master Performance Type', NULL),
	(245, 1, '2023-05-16 14:55:31.000000', 'Admin', 'performance Indicator Value', 'performance Indicator Value', 'A', 'ParameterLookupType', 'performance Indicator Value', NULL),
	(246, 1, '2023-05-16 14:55:31.000000', 'Admin', 'Beginner', 'Beginner', 'A', 'Performance Indicator Value', 'Beginner', NULL),
	(247, 1, '2023-05-16 14:55:31.000000', 'Admin', 'Intermediate', 'Intermediate', 'A', 'performance Indicator Value', 'Intermediate', NULL),
	(248, 1, '2023-05-16 14:55:31.000000', 'Admin', 'Advanced', 'Advanced', 'A', 'performance Indicator Value', 'Advanced', NULL),
	(249, 1, '2023-05-16 14:55:31.000000', 'Admin', 'Expert/Leader', 'Expert/Leader', 'A', 'performance Indicator Value', 'Expert/Leader', NULL),
	(250, 1, '2023-06-13 11:59:05.000000', 'Admin', 'HRD', 'HRD', 'A', 'Appraisal Evaluation Type', 'HRD', NULL),
	(251, 1, '2023-06-13 11:59:05.000000', 'Admin', 'RO', 'RO', 'A', 'Appraisal Evaluation Type', 'RO', NULL),
	(252, 1, '2023-06-13 12:01:10.000000', 'Admin', 'Appraisal Evaluation Type', 'Appraisal Evaluation Type', 'A', 'ParameterLookupType', 'Appraisal Evaluation Type', NULL),
	(265, 1, '2023-05-16 14:55:31.000000', 'Admin', 'A+', 'A+', 'A', 'Grade ', 'A+', NULL),
	(266, 1, '2023-05-16 14:55:31.000000', 'Admin', 'A', 'A', 'A', 'Grade ', 'A', NULL),
	(267, 1, '2023-05-16 14:55:31.000000', 'Admin', 'A-', 'A-', 'A', 'Grade ', 'A-', NULL),
	(268, 1, '2023-05-16 14:55:31.000000', 'Admin', 'B+', 'B+', 'A', 'Grade ', 'B+', NULL),
	(269, 1, '2023-05-16 14:55:31.000000', 'Admin', 'B', 'B', 'A', 'Grade ', 'B', NULL),
	(270, 1, '2023-05-16 14:55:31.000000', 'Admin', 'B-', 'B-', 'A', 'Grade ', 'B-', NULL),
	(271, 1, '2023-05-16 14:55:31.000000', 'Admin', 'C+', 'C+', 'A', 'Grade ', 'C+', NULL),
	(272, 1, '2023-05-16 14:55:31.000000', 'Admin', 'C', 'C', 'A', 'Grade ', 'C', NULL),
	(273, 1, '2023-05-16 14:55:31.000000', 'Admin', 'C-', 'C-', 'A', 'Grade ', 'C-', NULL),
	(274, 1, '2023-05-16 14:55:31.000000', 'Admin', 'D+', 'D+', 'A', 'Grade ', 'D+', NULL),
	(275, 1, '2023-05-16 14:55:31.000000', 'Admin', 'D', 'D', 'A', 'Grade ', 'D', NULL),
	(276, 1, '2023-05-16 14:55:31.000000', 'Admin', 'D-', 'D-', 'A', 'Grade ', 'D-', NULL),
	(277, 1, '2023-05-16 14:46:42.000000', 'Admin', 'Salary Component Name', 'CCA', 'A', 'Salary Component Name', 'CCA', NULL),
	(278, 1, '2023-05-16 14:46:42.000000', 'Admin', 'Salary Component Name', 'GHIN', 'A', 'Salary Component Name', 'GHIN', NULL),
	(279, 1, '2023-05-16 14:46:42.000000', 'Admin', 'Salary Component Name', 'GLIN', 'A', 'Salary Component Name', 'GLIN', NULL),
	(280, 1, '2023-06-23 04:10:05.714552', '538181f9-39f2-43c8-8596-b7309a7dea58', 'Approval Setting Type', 'Appraisal Approval', 'A', 'Approval Setting Type', 'Appraisal Approval', '   '),
	(281, 1, '2023-03-10 11:22:33.157000', NULL, 'Appraisal Status', 'Appraisal Status', 'A', 'ParameterLookupType', 'Appraisal Status', NULL),
	(282, 1, '2023-03-29 11:39:45.000000', 'Admin', 'Applied', 'Applied', 'A', 'Appraisal Status', 'Applied', NULL),
	(283, 1, '2023-03-29 11:39:45.000000', 'Admin', 'Cancelled', 'Cancelled', 'A', 'Appraisal Status', 'Cancelled', NULL),
	(284, 1, '2023-03-29 11:39:45.000000', 'Admin', 'Approved', 'Approved', 'A', 'Appraisal Status', 'Approved', 'Admin'),
	(285, 1, '2023-03-29 11:39:45.000000', 'Admin', 'Rejected', 'Rejected', 'A', 'Appraisal Status', 'Rejected', 'Admin');
/*!40000 ALTER TABLE `master_lookup` ENABLE KEYS */;

-- Dumping structure for table vghrms.master_performance_indicator
CREATE TABLE IF NOT EXISTS `master_performance_indicator` (
  `id` bigint(20) NOT NULL AUTO_INCREMENT,
  `company_id` bigint(20) DEFAULT NULL,
  `last_modified` datetime(6) DEFAULT NULL,
  `last_modified_by` varchar(255) DEFAULT NULL,
  `category` varchar(255) DEFAULT NULL,
  `description` varchar(255) DEFAULT NULL,
  `name` varchar(255) DEFAULT NULL,
  `status` varchar(255) DEFAULT NULL,
  `type` varchar(255) DEFAULT NULL,
  `weightage` bigint(20) DEFAULT NULL,
  PRIMARY KEY (`id`)
) ENGINE=InnoDB AUTO_INCREMENT=17 DEFAULT CHARSET=latin1;

-- Dumping data for table vghrms.master_performance_indicator: ~6 rows (approximately)
DELETE FROM `master_performance_indicator`;
/*!40000 ALTER TABLE `master_performance_indicator` DISABLE KEYS */;
INSERT INTO `master_performance_indicator` (`id`, `company_id`, `last_modified`, `last_modified_by`, `category`, `description`, `name`, `status`, `type`, `weightage`) VALUES
	(11, 1, '2023-07-13 04:33:03.540660', '538181f9-39f2-43c8-8596-b7309a7dea58', 'Technical', 'To check the team player skills', 'Team Player', 'A', 'Personal', 30),
	(12, 1, '2023-07-13 04:46:07.494667', '538181f9-39f2-43c8-8596-b7309a7dea58', 'Organisational', 'Checking attendance', 'Attendance', 'A', 'Proffesional', 30),
	(13, 1, '2023-07-13 04:47:15.578669', '538181f9-39f2-43c8-8596-b7309a7dea58', 'Technical', 'To check the knowledge', 'Computer Skill', 'A', 'Personal', 30),
	(14, 1, '2023-07-13 04:47:43.636714', '538181f9-39f2-43c8-8596-b7309a7dea58', 'Organisational', 'Fixed Deposit', 'Fixed Deposit', 'A', 'Proffesional', 30),
	(15, 1, '2023-07-13 04:48:08.613666', '538181f9-39f2-43c8-8596-b7309a7dea58', 'Organisational', 'Savings Account', 'Savings Account', 'A', 'Proffesional', 30),
	(16, 1, '2023-07-13 04:48:28.973721', '538181f9-39f2-43c8-8596-b7309a7dea58', 'Organisational', 'Insurance', 'Insurance', 'A', 'Proffesional', 30);
/*!40000 ALTER TABLE `master_performance_indicator` ENABLE KEYS */;

-- Dumping structure for table vghrms.over_time
CREATE TABLE IF NOT EXISTS `over_time` (
  `id` bigint(20) NOT NULL AUTO_INCREMENT,
  `company_id` bigint(20) DEFAULT NULL,
  `last_modified` datetime(6) DEFAULT NULL,
  `last_modified_by` varchar(255) DEFAULT NULL,
  `name` varchar(255) DEFAULT NULL,
  `rate` double DEFAULT NULL,
  `rate_type` varchar(255) DEFAULT NULL,
  `status` varchar(255) DEFAULT NULL,
  PRIMARY KEY (`id`)
) ENGINE=InnoDB DEFAULT CHARSET=latin1;

-- Dumping data for table vghrms.over_time: ~0 rows (approximately)
DELETE FROM `over_time`;
/*!40000 ALTER TABLE `over_time` DISABLE KEYS */;
/*!40000 ALTER TABLE `over_time` ENABLE KEYS */;

-- Dumping structure for table vghrms.payroll_additions
CREATE TABLE IF NOT EXISTS `payroll_additions` (
  `id` bigint(20) NOT NULL AUTO_INCREMENT,
  `company_id` bigint(20) DEFAULT NULL,
  `last_modified` datetime(6) DEFAULT NULL,
  `last_modified_by` varchar(255) DEFAULT NULL,
  `assign_type` varchar(255) DEFAULT NULL,
  `category` varchar(255) DEFAULT NULL,
  `employee_id` bigint(20) DEFAULT NULL,
  `has_unit_cal` bit(1) DEFAULT NULL,
  `name` varchar(255) DEFAULT NULL,
  `status` varchar(255) DEFAULT NULL,
  `unit_amount` double DEFAULT NULL,
  PRIMARY KEY (`id`)
) ENGINE=InnoDB DEFAULT CHARSET=latin1;

-- Dumping data for table vghrms.payroll_additions: ~0 rows (approximately)
DELETE FROM `payroll_additions`;
/*!40000 ALTER TABLE `payroll_additions` DISABLE KEYS */;
/*!40000 ALTER TABLE `payroll_additions` ENABLE KEYS */;

-- Dumping structure for table vghrms.pay_slip
CREATE TABLE IF NOT EXISTS `pay_slip` (
  `id` bigint(20) NOT NULL AUTO_INCREMENT,
  `company_id` bigint(20) DEFAULT NULL,
  `last_modified` datetime(6) DEFAULT NULL,
  `last_modified_by` varchar(255) DEFAULT NULL,
  `branch_id` bigint(20) DEFAULT NULL,
  `description` varchar(255) DEFAULT NULL,
  `employee_id` bigint(20) DEFAULT NULL,
  `month` varchar(255) DEFAULT NULL,
  `salary` double DEFAULT NULL,
  `salary_date` datetime(6) DEFAULT NULL,
  `salary_status` varchar(255) DEFAULT NULL,
  `status` varchar(255) DEFAULT NULL,
  `year` varchar(255) DEFAULT NULL,
  `total_deduction` double DEFAULT NULL,
  `total_earning` double DEFAULT NULL,
  `salary_in_words` varchar(255) DEFAULT NULL,
  `loss_of_pay` double DEFAULT NULL,
  `present_days` double DEFAULT NULL,
  `actual_grosspay` double DEFAULT NULL,
  PRIMARY KEY (`id`)
) ENGINE=InnoDB AUTO_INCREMENT=122 DEFAULT CHARSET=latin1;

-- Dumping data for table vghrms.pay_slip: ~27 rows (approximately)
DELETE FROM `pay_slip`;
/*!40000 ALTER TABLE `pay_slip` DISABLE KEYS */;
INSERT INTO `pay_slip` (`id`, `company_id`, `last_modified`, `last_modified_by`, `branch_id`, `description`, `employee_id`, `month`, `salary`, `salary_date`, `salary_status`, `status`, `year`, `total_deduction`, `total_earning`, `salary_in_words`, `loss_of_pay`, `present_days`, `actual_grosspay`) VALUES
	(95, 1, '2023-07-13 11:42:25.314916', 'c9c5de82-7567-4023-afdb-7555aa120b96', NULL, NULL, 13, 'July', 29157, '2023-07-13 10:48:48.062939', 'Generated', 'A', '2023', 31443.08, 37143, 'Twenty Nine Thousand One Hundred and Fifty Seven Rupees', 12, 19, 60600),
	(96, 1, '2023-07-13 11:47:09.188921', 'c9c5de82-7567-4023-afdb-7555aa120b96', NULL, NULL, 83, 'July', 16338, '2023-07-13 11:46:43.884915', 'Generated', 'A', '2023', 13662.4, 18388, 'Sixteen Thousand Three Hundred and Thirty Eight Rupees', 12, 19, 30000),
	(97, 1, '2023-07-13 11:51:30.543919', 'c9c5de82-7567-4023-afdb-7555aa120b96', NULL, NULL, 84, 'July', 4683, '2023-07-13 11:51:24.297923', 'Generated', 'A', '2023', 5617.28, 6314, 'Four Thousand Six Hundred and Eighty Three Rupees', 12, 19, 10300),
	(98, 1, '2023-07-14 04:48:12.418465', 'c9c5de82-7567-4023-afdb-7555aa120b96', NULL, NULL, 87, 'July', 9474, '2023-07-14 04:48:07.871511', 'Generated', 'A', '2023', 8226.2, 11419, 'Nine Thousand Four Hundred and Seventy Four Rupees', 11, 20, 17700),
	(99, 1, '2023-07-17 08:49:10.570544', 'c9c5de82-7567-4023-afdb-7555aa120b96', NULL, NULL, 89, 'July', 7157, '2023-07-14 05:53:51.651843', 'Generated', 'A', '2023', 15543.16, 8054, 'Seven Thousand One Hundred and Fifty Seven Rupees', 22, 11, 22700),
	(100, 1, '2023-07-17 08:54:51.376556', 'c9c5de82-7567-4023-afdb-7555aa120b96', NULL, NULL, 88, 'July', 11386, '2023-07-14 05:53:51.698635', 'Generated', 'A', '2023', 11214.04, 13122, 'Eleven Thousand Three Hundred and Eighty Six Rupees', 13, 18, 22600),
	(101, 1, '2023-07-14 06:30:58.912427', 'c9c5de82-7567-4023-afdb-7555aa120b96', NULL, NULL, 92, 'July', 4103, '2023-07-14 06:30:54.746437', 'Generated', 'A', '2023', 16677.48, 6033, 'Four Thousand One Hundred Three Rupees', 22, 9, 20780),
	(102, 1, '2023-07-14 06:35:35.889415', 'c9c5de82-7567-4023-afdb-7555aa120b96', NULL, NULL, 13, 'July', 27406, '2023-07-14 06:32:58.268408', 'Generated', 'A', '2023', 33193.88, 35187, 'Twenty Seven Thousand Four Hundred Six Rupees', 13, 18, 60600),
	(103, 1, '2023-07-14 11:52:35.487126', 'c9c5de82-7567-4023-afdb-7555aa120b96', NULL, NULL, 83, 'July', 15434, '2023-07-14 06:45:44.271525', 'Generated', 'A', '2023', 14565.52, 17419, 'Fifteen Thousand Four Hundred and Thirty Four Rupees', 13, 18, 30000),
	(104, 1, '2023-07-14 06:48:04.835502', 'c9c5de82-7567-4023-afdb-7555aa120b96', NULL, NULL, 91, 'July', 5091, '2023-07-14 06:46:37.092513', 'Generated', 'A', '2023', 15009.44, 6485, 'Five Thousand Ninety One Rupees', 21, 10, 20100),
	(105, 1, '2023-07-17 08:48:05.950560', 'c9c5de82-7567-4023-afdb-7555aa120b96', NULL, NULL, 86, 'July', 11425, '2023-07-17 08:48:01.262532', 'Generated', 'A', '2023', 8374.8, 13413, 'Eleven Thousand Four Hundred and Twenty Five Rupees', 10, 21, 19800),
	(106, 1, '2023-07-17 10:20:22.649559', 'c9c5de82-7567-4023-afdb-7555aa120b96', NULL, NULL, 95, 'July', 8003, '2023-07-17 10:20:18.655585', 'Generated', 'A', '2023', 17197.32, 9755, 'Eight Thousand Three Rupees', 19, 12, 25200),
	(107, 1, '2023-07-17 11:11:06.354543', 'c9c5de82-7567-4023-afdb-7555aa120b96', NULL, NULL, 93, 'July', 15855, '2023-07-17 11:11:02.857551', 'Generated', 'A', '2023', 32144.56, 20130, 'Fifteen Thousand Eight Hundred and Fifty Five Rupees', 18, 13, 48000),
	(108, 1, '2023-07-18 11:02:27.897553', 'c9c5de82-7567-4023-afdb-7555aa120b96', NULL, NULL, 95, 'July', 8737, '2023-07-18 10:55:44.962332', 'Generated', 'A', '2023', 16462.64, 10569, 'Eight Thousand Seven Hundred and Thirty Seven Rupees', 18, 13, 25200),
	(109, 1, '2023-07-18 11:46:23.566516', 'c9c5de82-7567-4023-afdb-7555aa120b96', NULL, NULL, 97, 'July', 11802, '2023-07-18 11:46:20.229438', 'Generated', 'A', '2023', 23698, 13742, 'Eleven Thousand Eight Hundred Two Rupees', 19, 12, 35500),
	(110, 1, '2023-07-19 05:10:33.461560', 'c9c5de82-7567-4023-afdb-7555aa120b96', NULL, NULL, 99, 'July', 13780, '2023-07-19 05:08:07.222846', 'Generated', 'A', '2023', 32219.52, 17806, 'Thirteen Thousand Seven Hundred Eighty Rupees', 19, 12, 46000),
	(111, 1, '2023-07-19 05:29:09.220969', 'anonymousUser', NULL, NULL, 90, 'July', 3691, '2023-07-19 05:29:09.189973', 'Generated', 'A', '2023', 6309.28, 4194, NULL, 18, 13, 10000),
	(112, 1, '2023-07-19 08:51:08.862388', 'c9c5de82-7567-4023-afdb-7555aa120b96', NULL, NULL, 105, 'July', 12273, '2023-07-19 08:51:03.045506', 'Generated', 'A', '2023', 24426.88, 14206, 'Twelve Thousand Two Hundred and Seventy Three Rupees', 19, 12, 36700),
	(113, 1, '2023-07-19 09:08:45.787090', 'c9c5de82-7567-4023-afdb-7555aa120b96', NULL, NULL, 106, 'July', 14213, '2023-07-19 09:08:45.733979', 'Generated', 'A', '2023', 31886.52, 17845, NULL, 19, 12, 46100),
	(114, 1, '2023-07-19 09:08:48.689341', 'c9c5de82-7567-4023-afdb-7555aa120b96', NULL, NULL, 106, 'July', 14213, '2023-07-19 09:08:46.927989', 'Generated', 'A', '2023', 31886.52, 17845, 'Fourteen Thousand Two Hundred Thirteen Rupees', 19, 12, 46100),
	(115, 1, '2023-07-19 09:10:30.323596', 'c9c5de82-7567-4023-afdb-7555aa120b96', NULL, NULL, 104, 'July', 0, '2023-07-19 09:10:27.103812', 'Generated', 'A', '2023', 0, 0, 'Rupees', 0, 0, 0),
	(116, 1, '2023-07-19 09:18:19.809661', 'c9c5de82-7567-4023-afdb-7555aa120b96', NULL, NULL, 107, 'July', 4041, '2023-07-19 09:18:16.571899', 'Generated', 'A', '2023', 10359.4, 5574, 'Four Thousand Forty One Rupees', 19, 12, 14400),
	(117, 1, '2023-07-20 11:43:36.475214', 'c9c5de82-7567-4023-afdb-7555aa120b96', NULL, NULL, 110, 'July', 4492, '2023-07-20 11:43:32.032480', 'Generated', 'A', '2023', 11208.4, 6077, 'Four Thousand Four Hundred and Ninety Two Rupees', 19, 12, 15700),
	(118, 1, '2023-07-24 12:07:35.039695', 'c9c5de82-7567-4023-afdb-7555aa120b96', NULL, NULL, 112, 'July', 4598, '2023-07-24 12:07:30.991781', 'Generated', 'A', '2023', 15201.52, 8303, 'Four Thousand Five Hundred and Ninety Eight Rupees', 18, 13, 19800),
	(119, 1, '2023-07-24 12:12:00.362826', 'c9c5de82-7567-4023-afdb-7555aa120b96', NULL, NULL, 108, 'July', 8433, '2023-07-24 12:11:55.172582', 'Generated', 'A', '2023', 15266.56, 9940, 'Eight Thousand Four Hundred and Thirty Three Rupees', 18, 13, 23700),
	(120, 1, '2023-07-24 12:12:25.923806', 'c9c5de82-7567-4023-afdb-7555aa120b96', NULL, NULL, 109, 'July', 5387, '2023-07-24 12:12:21.060984', 'Generated', 'A', '2023', 11062.880000000001, 6898, 'Five Thousand Three Hundred and Eighty Seven Rupees', 18, 13, 16450),
	(121, 1, '2023-07-25 08:57:23.806441', 'c9c5de82-7567-4023-afdb-7555aa120b96', NULL, NULL, 113, 'July', 6838, '2023-07-25 08:57:21.213145', 'Generated', 'A', '2023', 14161.6, 8128, 'Six Thousand Eight Hundred and Thirty Eight Rupees', 19, 12, 21000);
/*!40000 ALTER TABLE `pay_slip` ENABLE KEYS */;

-- Dumping structure for table vghrms.performance_appraisal
CREATE TABLE IF NOT EXISTS `performance_appraisal` (
  `id` bigint(20) NOT NULL AUTO_INCREMENT,
  `company_id` bigint(20) DEFAULT NULL,
  `last_modified` datetime(6) DEFAULT NULL,
  `last_modified_by` varchar(255) DEFAULT NULL,
  `employee_id` bigint(20) DEFAULT NULL,
  `status` varchar(255) DEFAULT NULL,
  `appraisal_review_id` bigint(20) DEFAULT NULL,
  `appraisal_date` datetime(6) DEFAULT NULL,
  PRIMARY KEY (`id`),
  UNIQUE KEY `UK_d0ff2x46eubbv8kl39oh1gqub` (`appraisal_review_id`),
  CONSTRAINT `FKl2t83d96loadur99g7kniixcu` FOREIGN KEY (`appraisal_review_id`) REFERENCES `appraisal_review` (`id`)
) ENGINE=InnoDB DEFAULT CHARSET=latin1;

-- Dumping data for table vghrms.performance_appraisal: ~0 rows (approximately)
DELETE FROM `performance_appraisal`;
/*!40000 ALTER TABLE `performance_appraisal` DISABLE KEYS */;
/*!40000 ALTER TABLE `performance_appraisal` ENABLE KEYS */;

-- Dumping structure for table vghrms.performance_indicator
CREATE TABLE IF NOT EXISTS `performance_indicator` (
  `id` bigint(20) NOT NULL AUTO_INCREMENT,
  `company_id` bigint(20) DEFAULT NULL,
  `last_modified` datetime(6) DEFAULT NULL,
  `last_modified_by` varchar(255) DEFAULT NULL,
  `designation_id` bigint(20) DEFAULT NULL,
  `indicator_value` varchar(255) DEFAULT NULL,
  `status` varchar(255) DEFAULT NULL,
  `master_performance_indicator_id` bigint(20) DEFAULT NULL,
  PRIMARY KEY (`id`),
  KEY `FKd0wc03u88t4ojjoht0m6nvt0p` (`master_performance_indicator_id`),
  CONSTRAINT `FKd0wc03u88t4ojjoht0m6nvt0p` FOREIGN KEY (`master_performance_indicator_id`) REFERENCES `master_performance_indicator` (`id`)
) ENGINE=InnoDB AUTO_INCREMENT=24 DEFAULT CHARSET=latin1;

-- Dumping data for table vghrms.performance_indicator: ~12 rows (approximately)
DELETE FROM `performance_indicator`;
/*!40000 ALTER TABLE `performance_indicator` DISABLE KEYS */;
INSERT INTO `performance_indicator` (`id`, `company_id`, `last_modified`, `last_modified_by`, `designation_id`, `indicator_value`, `status`, `master_performance_indicator_id`) VALUES
	(12, 1, '2023-07-13 04:50:39.716686', '538181f9-39f2-43c8-8596-b7309a7dea58', 26, 'Intermediate', 'A', 14),
	(13, 1, '2023-07-13 04:50:39.722699', '538181f9-39f2-43c8-8596-b7309a7dea58', 26, 'Beginner', 'A', 15),
	(14, 1, '2023-07-13 04:50:39.725658', '538181f9-39f2-43c8-8596-b7309a7dea58', 26, 'Beginner', 'A', 11),
	(15, 1, '2023-07-13 04:50:39.731668', '538181f9-39f2-43c8-8596-b7309a7dea58', 26, 'Beginner', 'A', 12),
	(16, 1, '2023-07-13 04:50:39.736691', '538181f9-39f2-43c8-8596-b7309a7dea58', 26, 'Intermediate', 'A', 13),
	(17, 1, '2023-07-13 04:50:39.739800', '538181f9-39f2-43c8-8596-b7309a7dea58', 26, 'Intermediate', 'A', 16),
	(18, 1, '2023-07-13 04:51:26.459699', '538181f9-39f2-43c8-8596-b7309a7dea58', 27, 'Beginner', 'A', 12),
	(19, 1, '2023-07-13 04:51:26.458694', '538181f9-39f2-43c8-8596-b7309a7dea58', 27, 'Beginner', 'A', 11),
	(20, 1, '2023-07-13 04:51:26.474669', '538181f9-39f2-43c8-8596-b7309a7dea58', 27, 'Beginner', 'A', 14),
	(21, 1, '2023-07-13 04:51:26.464725', '538181f9-39f2-43c8-8596-b7309a7dea58', 27, 'Beginner', 'A', 13),
	(22, 1, '2023-07-13 04:51:26.478663', '538181f9-39f2-43c8-8596-b7309a7dea58', 27, 'Beginner', 'A', 16),
	(23, 1, '2023-07-13 04:51:26.480679', '538181f9-39f2-43c8-8596-b7309a7dea58', 27, 'Beginner', 'A', 15);
/*!40000 ALTER TABLE `performance_indicator` ENABLE KEYS */;

-- Dumping structure for table vghrms.performance_review
CREATE TABLE IF NOT EXISTS `performance_review` (
  `id` bigint(20) NOT NULL AUTO_INCREMENT,
  `company_id` bigint(20) DEFAULT NULL,
  `last_modified` datetime(6) DEFAULT NULL,
  `last_modified_by` varchar(255) DEFAULT NULL,
  `appraisal_date` datetime(6) DEFAULT NULL,
  `appraisal_review_id` bigint(20) DEFAULT NULL,
  `appraisal_status` varchar(255) DEFAULT NULL,
  `appraiser_remark` varchar(255) DEFAULT NULL,
  `employee_remark` varchar(255) DEFAULT NULL,
  `review_date` datetime(6) DEFAULT NULL,
  `reviewer_remark` varchar(255) DEFAULT NULL,
  `scored_by_appraiser` varchar(255) DEFAULT NULL,
  `scored_by_reviewer` varchar(255) DEFAULT NULL,
  `self_scored` varchar(255) DEFAULT NULL,
  `status` varchar(255) DEFAULT NULL,
  `submission_date` datetime(6) DEFAULT NULL,
  `target` bigint(20) DEFAULT NULL,
  `target_achived` bigint(20) DEFAULT NULL,
  `performance_indicator_id` bigint(20) DEFAULT NULL,
  PRIMARY KEY (`id`),
  KEY `FK1rvg6ed2oa6fm85m3mxsa5ego` (`performance_indicator_id`),
  CONSTRAINT `FK1rvg6ed2oa6fm85m3mxsa5ego` FOREIGN KEY (`performance_indicator_id`) REFERENCES `performance_indicator` (`id`)
) ENGINE=InnoDB DEFAULT CHARSET=latin1;

-- Dumping data for table vghrms.performance_review: ~0 rows (approximately)
DELETE FROM `performance_review`;
/*!40000 ALTER TABLE `performance_review` DISABLE KEYS */;
/*!40000 ALTER TABLE `performance_review` ENABLE KEYS */;

-- Dumping structure for table vghrms.personal_details
CREATE TABLE IF NOT EXISTS `personal_details` (
  `id` bigint(20) NOT NULL AUTO_INCREMENT,
  `company_id` bigint(20) DEFAULT NULL,
  `last_modified` datetime(6) DEFAULT NULL,
  `last_modified_by` varchar(255) DEFAULT NULL,
  `blood_group` varchar(255) DEFAULT NULL,
  `date_of_birth` date DEFAULT NULL,
  `employee_id` bigint(20) DEFAULT NULL,
  `marital_status` varchar(255) DEFAULT NULL,
  `nationality` varchar(255) DEFAULT NULL,
  `religion` varchar(255) DEFAULT NULL,
  `status` varchar(255) DEFAULT NULL,
  `telephone_no` varchar(255) DEFAULT NULL,
  PRIMARY KEY (`id`)
) ENGINE=InnoDB AUTO_INCREMENT=59 DEFAULT CHARSET=latin1;

-- Dumping data for table vghrms.personal_details: ~29 rows (approximately)
DELETE FROM `personal_details`;
/*!40000 ALTER TABLE `personal_details` DISABLE KEYS */;
INSERT INTO `personal_details` (`id`, `company_id`, `last_modified`, `last_modified_by`, `blood_group`, `date_of_birth`, `employee_id`, `marital_status`, `nationality`, `religion`, `status`, `telephone_no`) VALUES
	(30, 1, '2023-07-12 12:37:59.583075', '538181f9-39f2-43c8-8596-b7309a7dea58', 'A +ve', '1992-05-04', 83, 'Single', 'Indian', 'Maratha', 'A', '9421553155'),
	(31, 1, '2023-07-12 12:40:46.571068', '538181f9-39f2-43c8-8596-b7309a7dea58', 'O -ve', '1996-07-05', 85, 'Single', 'Indian', 'Jain', 'A', '9421552122'),
	(32, 1, '2023-07-20 11:47:41.852958', 'b8f33129-b9ce-43db-b11f-1e1b5c0eda8a', 'B +ve', '1990-08-15', 87, 'Single', 'Indian', 'Hindu', 'A', '8645453292'),
	(33, 1, '2023-07-12 13:53:44.175681', '538181f9-39f2-43c8-8596-b7309a7dea58', 'B +ve', '1997-12-19', 86, 'Single', 'Indian', 'Muslim', 'A', '9325105758'),
	(34, 1, '2023-07-12 13:53:48.112718', '538181f9-39f2-43c8-8596-b7309a7dea58', 'A +ve', '2005-07-06', 88, 'Married', 'Indian', 'Hindu', 'A', '9823544544'),
	(35, 1, '2023-07-12 14:04:10.945651', '538181f9-39f2-43c8-8596-b7309a7dea58', 'AB +ve', '1994-05-05', 13, 'Married', 'Indian', 'Hindu', 'A', '9838883388'),
	(36, 1, '2023-07-12 14:07:31.425702', '538181f9-39f2-43c8-8596-b7309a7dea58', 'A -ve', '2005-07-12', 84, 'Married', 'Indian', 'Sikh', 'A', '9823544544'),
	(37, 1, '2023-07-13 04:14:03.226673', '538181f9-39f2-43c8-8596-b7309a7dea58', 'A +ve', '1996-11-02', 89, 'Married', 'Indian', 'Maratha', 'A', '9423742441'),
	(38, 1, '2023-07-13 12:23:29.177934', '538181f9-39f2-43c8-8596-b7309a7dea58', 'O +ve', '2005-07-13', 90, 'Single', 'Indian', 'Maratha', 'A', '8987898788'),
	(39, 1, '2023-07-13 17:19:14.663392', '538181f9-39f2-43c8-8596-b7309a7dea58', 'AB -ve', '1991-08-20', 91, 'Married', 'Indian', 'Hindu-Maratha', 'A', '9876786765'),
	(40, 1, '2023-07-14 10:10:55.420177', 'c9c5de82-7567-4023-afdb-7555aa120b96', 'A +ve', '1991-08-20', 93, 'Married', 'Indian', 'Maratha', 'A', '9878675654'),
	(41, 1, '2023-07-17 04:38:26.639969', '538181f9-39f2-43c8-8596-b7309a7dea58', 'A +ve', '1991-08-20', 95, 'Married', 'Indian', 'Hindu-Maratha', 'A', '9878675654'),
	(42, 1, '2023-07-18 11:04:23.227774', '538181f9-39f2-43c8-8596-b7309a7dea58', 'A +ve', '1996-08-20', 97, 'Married', 'Indian', 'Hindu -maratha', 'A', '9878675645'),
	(43, 1, '2023-07-19 11:03:44.810914', '538181f9-39f2-43c8-8596-b7309a7dea58', 'A +ve', '2005-07-11', 94, 'Married', 'Indian', 'Hindu', 'A', '9898989898'),
	(44, 1, '2023-07-18 12:18:20.273921', '538181f9-39f2-43c8-8596-b7309a7dea58', 'A +ve', '2005-07-01', 98, 'Single', 'Indian', 'Hindu', 'A', '7867564545'),
	(45, 1, '2023-07-19 04:26:53.690662', '538181f9-39f2-43c8-8596-b7309a7dea58', 'A +ve', '1995-11-29', 99, 'Married', 'Indian', 'Hindu-Maratha', 'A', '9878765445'),
	(46, 1, '2023-07-19 07:03:23.350655', '538181f9-39f2-43c8-8596-b7309a7dea58', 'B +ve', '2005-07-12', 104, 'Single', 'Indian', 'Hindu', 'A', '9898989898'),
	(47, 1, '2023-07-19 11:14:43.084040', '538181f9-39f2-43c8-8596-b7309a7dea58', 'A +ve', '1995-08-11', 108, 'Married', 'Indian', 'Hindu-maratha', 'A', '9878676534'),
	(48, 1, '2023-07-20 11:03:12.397592', '538181f9-39f2-43c8-8596-b7309a7dea58', 'O +ve', '2005-07-19', 111, 'Single', 'Indian', 'Hindu', 'A', '7865454545'),
	(49, 1, '2023-07-21 04:35:11.665145', '538181f9-39f2-43c8-8596-b7309a7dea58', 'B -ve', '2005-07-05', 112, 'Single', 'Indian', 'Hindu', 'A', '8989898989'),
	(50, 1, '2023-07-21 05:23:17.169034', '538181f9-39f2-43c8-8596-b7309a7dea58', 'A +ve', '1991-08-14', 110, 'Married', 'Indian', 'Hindu- Maratha', 'A', '9876234543'),
	(51, 1, '2023-07-21 05:26:59.586746', '538181f9-39f2-43c8-8596-b7309a7dea58', 'AB +ve', '2005-07-10', 109, 'Married', 'Indian', 'Hindu', 'A', '9876565455'),
	(52, 1, '2023-07-21 06:04:24.425174', '538181f9-39f2-43c8-8596-b7309a7dea58', 'O -ve', '1998-05-05', 107, 'Married', 'Indian', 'Hindu', 'A', '9878765644'),
	(53, 1, '2023-07-21 06:12:13.782121', '538181f9-39f2-43c8-8596-b7309a7dea58', 'A +ve', '1991-08-20', 107, 'Married', 'Indian', 'Hindu ', 'A', '9878765644'),
	(54, 1, '2023-07-21 06:15:13.859125', '538181f9-39f2-43c8-8596-b7309a7dea58', 'A +ve', '1991-08-21', 106, 'Married', 'Indian', 'Hindu-maratha', 'A', '9898989898'),
	(55, 1, '2023-07-21 06:22:19.273682', '538181f9-39f2-43c8-8596-b7309a7dea58', 'AB +ve', '1998-08-20', 105, 'Single', 'Indian', 'Hindu-mali', 'A', '9878676556'),
	(56, 1, '2023-07-21 06:43:54.556054', '538181f9-39f2-43c8-8596-b7309a7dea58', 'AB -ve', '1996-09-26', 103, 'Single', 'Indian', 'Hindu-jain', 'A', '9765456783'),
	(57, 1, '2023-07-21 07:19:40.789193', 'c9c5de82-7567-4023-afdb-7555aa120b96', 'AB +ve', '1991-06-11', 100, 'Married', 'Indian', 'Hindu-jain', 'A', '9878567445'),
	(58, 1, '2023-07-25 05:31:41.241114', '538181f9-39f2-43c8-8596-b7309a7dea58', 'A +ve', '1997-09-18', 113, 'Married', 'Indian', 'Hindu-Maratha', 'A', '9834654775');
/*!40000 ALTER TABLE `personal_details` ENABLE KEYS */;

-- Dumping structure for table vghrms.personal_id
CREATE TABLE IF NOT EXISTS `personal_id` (
  `id` bigint(20) NOT NULL AUTO_INCREMENT,
  `company_id` bigint(20) DEFAULT NULL,
  `last_modified` datetime(6) DEFAULT NULL,
  `last_modified_by` varchar(255) DEFAULT NULL,
  `doc_url` varchar(255) DEFAULT NULL,
  `employee_id` bigint(20) DEFAULT NULL,
  `exp_date` datetime(6) DEFAULT NULL,
  `issue_date` datetime(6) DEFAULT NULL,
  `issuing_authority` varchar(255) DEFAULT NULL,
  `number` varchar(255) DEFAULT NULL,
  `status` varchar(255) DEFAULT NULL,
  `type` varchar(255) DEFAULT NULL,
  PRIMARY KEY (`id`)
) ENGINE=InnoDB DEFAULT CHARSET=latin1;

-- Dumping data for table vghrms.personal_id: ~0 rows (approximately)
DELETE FROM `personal_id`;
/*!40000 ALTER TABLE `personal_id` DISABLE KEYS */;
/*!40000 ALTER TABLE `personal_id` ENABLE KEYS */;

-- Dumping structure for table vghrms.pf_details
CREATE TABLE IF NOT EXISTS `pf_details` (
  `id` bigint(20) NOT NULL AUTO_INCREMENT,
  `company_id` bigint(20) DEFAULT NULL,
  `last_modified` datetime(6) DEFAULT NULL,
  `last_modified_by` varchar(255) DEFAULT NULL,
  `additional_pf_rate` varchar(255) DEFAULT NULL,
  `employe_id` bigint(20) DEFAULT NULL,
  `is_pf_contribution` bit(1) DEFAULT NULL,
  `pf_number` varchar(255) DEFAULT NULL,
  `pf_rate` double DEFAULT NULL,
  `re_enumeration_id` bigint(20) DEFAULT NULL,
  `status` varchar(255) DEFAULT NULL,
  `total_pf_rate` double DEFAULT NULL,
  PRIMARY KEY (`id`)
) ENGINE=InnoDB AUTO_INCREMENT=58 DEFAULT CHARSET=latin1;

-- Dumping data for table vghrms.pf_details: ~27 rows (approximately)
DELETE FROM `pf_details`;
/*!40000 ALTER TABLE `pf_details` DISABLE KEYS */;
INSERT INTO `pf_details` (`id`, `company_id`, `last_modified`, `last_modified_by`, `additional_pf_rate`, `employe_id`, `is_pf_contribution`, `pf_number`, `pf_rate`, `re_enumeration_id`, `status`, `total_pf_rate`) VALUES
	(31, 1, '2023-07-12 13:55:13.967730', '538181f9-39f2-43c8-8596-b7309a7dea58', '', 85, b'1', 'MHPUN00000640000000128', 12, 34, 'A', 12),
	(32, 1, '2023-07-13 06:05:44.262762', '538181f9-39f2-43c8-8596-b7309a7dea58', '', 86, b'0', 'MHPUN00000640000000126', 12, 35, 'A', 12),
	(33, 1, '2023-07-14 06:22:19.495408', '538181f9-39f2-43c8-8596-b7309a7dea58', '0', 84, b'1', 'MHPUN00000640000000125', 12, 36, 'A', 12),
	(34, 1, '2023-07-12 14:09:10.688681', '538181f9-39f2-43c8-8596-b7309a7dea58', '', 83, b'1', 'MHPUN00000640000000134', 12, 37, 'A', 12),
	(35, 1, '2023-07-13 06:33:47.375753', '538181f9-39f2-43c8-8596-b7309a7dea58', '0', 13, b'1', 'MHPUN00000640000127', 12, 38, 'A', 12),
	(36, 1, '2023-07-12 14:11:24.897689', '538181f9-39f2-43c8-8596-b7309a7dea58', '', 88, b'1', 'MHPUN00000640000000131', 12, 39, 'A', 12),
	(37, 1, '2023-07-13 05:34:12.725577', '538181f9-39f2-43c8-8596-b7309a7dea58', '6', 89, b'1', 'MHPUN00000640000000133', 6, 40, 'A', 12),
	(38, 1, '2023-07-13 05:37:55.484603', '538181f9-39f2-43c8-8596-b7309a7dea58', '6', 87, b'1', 'MHPUN00000640000000141', 6, 41, 'A', 12),
	(39, 1, '2023-07-13 12:37:14.573975', '538181f9-39f2-43c8-8596-b7309a7dea58', '6', 90, b'1', '989898977666', 6, 42, 'A', 12),
	(40, 1, '2023-07-14 04:01:39.067562', '538181f9-39f2-43c8-8596-b7309a7dea58', '0', 91, b'1', ' MHBAN0000064', 12, 43, 'A', 12),
	(41, 1, '2023-07-14 06:13:09.084792', 'c9c5de82-7567-4023-afdb-7555aa120b96', '0', 92, b'1', '2345678987654', 12, 45, 'A', 12),
	(42, 1, '2023-07-14 10:05:40.862200', 'c9c5de82-7567-4023-afdb-7555aa120b96', '0', 93, b'1', '9878765434', 12, 46, 'A', 12),
	(43, 1, '2023-07-17 07:12:07.625445', '538181f9-39f2-43c8-8596-b7309a7dea58', '0', 95, b'1', '9876565654', 12, 47, 'A', 12),
	(44, 1, '2023-07-18 11:18:22.673680', '538181f9-39f2-43c8-8596-b7309a7dea58', '0', 97, b'1', '9876543456786', 12, 48, 'A', 12),
	(45, 1, '2023-07-19 04:18:43.888533', '538181f9-39f2-43c8-8596-b7309a7dea58', '0', 99, b'1', '9876543456789', 12, 49, 'A', 12),
	(46, 1, '2023-07-19 08:44:15.982075', '538181f9-39f2-43c8-8596-b7309a7dea58', '0', 104, b'1', '89837837737737', 12, 50, 'A', 12),
	(47, 1, '2023-07-19 08:45:29.127506', 'c9c5de82-7567-4023-afdb-7555aa120b96', '0', 105, b'1', '98765445678765', 12, 51, 'A', 12),
	(48, 1, '2023-07-19 08:57:11.477215', 'c9c5de82-7567-4023-afdb-7555aa120b96', '0', 106, b'1', '23456789987654', 12, 52, 'A', 12),
	(49, 1, '2023-07-19 09:14:24.873403', 'c9c5de82-7567-4023-afdb-7555aa120b96', '0', 107, b'1', '765434567876', 12, 53, 'A', 12),
	(50, 1, '2023-07-20 07:06:24.126435', '538181f9-39f2-43c8-8596-b7309a7dea58', '0', 109, b'1', '867775464644', 12, 54, 'A', 12),
	(51, 1, '2023-07-20 10:56:51.976606', '538181f9-39f2-43c8-8596-b7309a7dea58', '0', 110, b'1', '9876543456789', 12, 55, 'A', 12),
	(52, 1, '2023-07-20 11:41:29.768386', '538181f9-39f2-43c8-8596-b7309a7dea58', '6', 111, b'1', '767676877887678', 6, 56, 'A', 12),
	(53, 1, '2023-07-21 05:25:23.341583', '538181f9-39f2-43c8-8596-b7309a7dea58', '0', 112, b'1', '977888788789', 12, 57, 'A', 12),
	(54, 1, '2023-07-21 05:57:59.922361', '538181f9-39f2-43c8-8596-b7309a7dea58', '0', 108, b'1', '876543234567', 12, 58, 'A', 12),
	(55, 1, '2023-07-21 06:38:45.222476', '538181f9-39f2-43c8-8596-b7309a7dea58', '0', 103, b'1', '456789875456', 12, 59, 'A', 12),
	(56, 1, '2023-07-21 07:15:11.539374', 'c9c5de82-7567-4023-afdb-7555aa120b96', '0', 100, b'1', '9876545678', 12, 60, 'A', 12),
	(57, 1, '2023-07-25 04:18:04.722825', '538181f9-39f2-43c8-8596-b7309a7dea58', '0', 113, b'1', '8978675656766', 12, 61, 'A', 12);
/*!40000 ALTER TABLE `pf_details` ENABLE KEYS */;

-- Dumping structure for table vghrms.promotion
CREATE TABLE IF NOT EXISTS `promotion` (
  `id` bigint(20) NOT NULL AUTO_INCREMENT,
  `company_id` bigint(20) DEFAULT NULL,
  `last_modified` datetime(6) DEFAULT NULL,
  `last_modified_by` varchar(255) DEFAULT NULL,
  `branch_id` bigint(20) DEFAULT NULL,
  `department_id` bigint(20) DEFAULT NULL,
  `employee_id` bigint(20) DEFAULT NULL,
  `promoted_from` varchar(255) DEFAULT NULL,
  `promoted_to` varchar(255) DEFAULT NULL,
  `promotied_date` datetime(6) DEFAULT NULL,
  `promotion_for` varchar(255) DEFAULT NULL,
  `status` varchar(255) DEFAULT NULL,
  PRIMARY KEY (`id`)
) ENGINE=InnoDB AUTO_INCREMENT=31 DEFAULT CHARSET=latin1;

-- Dumping data for table vghrms.promotion: ~12 rows (approximately)
DELETE FROM `promotion`;
/*!40000 ALTER TABLE `promotion` DISABLE KEYS */;
INSERT INTO `promotion` (`id`, `company_id`, `last_modified`, `last_modified_by`, `branch_id`, `department_id`, `employee_id`, `promoted_from`, `promoted_to`, `promotied_date`, `promotion_for`, `status`) VALUES
	(19, 1, '2023-07-12 14:08:59.649656', '538181f9-39f2-43c8-8596-b7309a7dea58', 1, NULL, 88, 'Senior Clerk ', 'Cashier', '2023-07-04 00:00:00.000000', 'Mrudula Chingale', 'A'),
	(20, 1, '2023-07-18 10:38:40.878844', '538181f9-39f2-43c8-8596-b7309a7dea58', 12, NULL, 91, 'Sales Officer', 'Junior Clerk', '2023-07-14 00:00:00.000000', 'Kairav Sharma', 'A'),
	(21, 1, '2023-07-14 07:19:00.995164', '538181f9-39f2-43c8-8596-b7309a7dea58', 17, 1, 92, 'Assistant Manager', 'Cashier', '2023-07-27 00:00:00.000000', 'Naira More', 'A'),
	(22, 1, '2023-07-17 07:34:45.307205', '538181f9-39f2-43c8-8596-b7309a7dea58', 1, NULL, 95, 'Loan Officer', 'Cashier', '2023-07-20 00:00:00.000000', 'Atharv More', 'A'),
	(23, 1, '2023-07-17 07:28:55.571988', '538181f9-39f2-43c8-8596-b7309a7dea58', 1, 1, 95, 'Loan Officer', 'Finance Manager', '2023-07-18 00:00:00.000000', 'Atharv More', 'A'),
	(24, 1, '2023-07-17 11:30:51.919579', '538181f9-39f2-43c8-8596-b7309a7dea58', 1, 18, 89, 'Sales Officer', 'Assistant Manager', '2023-07-18 00:00:00.000000', 'Namrata Gunjal', 'A'),
	(25, 1, '2023-07-19 04:43:53.661981', '538181f9-39f2-43c8-8596-b7309a7dea58', 1, 22, 99, 'Finance Manager', 'Loan Officer', '2023-07-19 00:00:00.000000', 'Nihan Patil', 'A'),
	(26, 1, '2023-07-19 05:04:03.297644', 'c9c5de82-7567-4023-afdb-7555aa120b96', 1, 18, 89, 'Assistant Manager', 'Finance Manager', '2023-07-19 00:00:00.000000', 'Namrata Gunjal', 'A'),
	(27, 1, '2023-07-19 12:16:11.272820', '538181f9-39f2-43c8-8596-b7309a7dea58', 1, 22, 108, 'Finance Manager', 'Loan Officer', '2023-07-19 00:00:00.000000', 'Shivadnya Rahane', 'A'),
	(28, 1, '2023-07-19 12:19:15.981714', '538181f9-39f2-43c8-8596-b7309a7dea58', 1, 22, 105, 'Finance Manager', 'Junior Clerk', '2023-07-20 00:00:00.000000', 'Pragati Shinde', 'A'),
	(29, 1, '2023-07-20 07:26:45.569464', '538181f9-39f2-43c8-8596-b7309a7dea58', 1, 22, 108, 'Loan Officer', 'Cashier', '2023-07-20 00:00:00.000000', 'Shivadnya Rahane', 'A'),
	(30, 1, '2023-07-25 08:51:26.254592', '538181f9-39f2-43c8-8596-b7309a7dea58', 1, 1, 113, 'Loan Officer', 'Finance Manager', '2023-07-25 00:00:00.000000', 'Sonam Dhere', 'A');
/*!40000 ALTER TABLE `promotion` ENABLE KEYS */;

-- Dumping structure for table vghrms.region
CREATE TABLE IF NOT EXISTS `region` (
  `id` bigint(20) NOT NULL AUTO_INCREMENT,
  `company_id` bigint(20) DEFAULT NULL,
  `last_modified` datetime(6) DEFAULT NULL,
  `last_modified_by` varchar(255) DEFAULT NULL,
  `description` varchar(255) DEFAULT NULL,
  `region_id` bigint(20) DEFAULT NULL,
  `region_name` varchar(255) NOT NULL,
  `status` varchar(255) DEFAULT NULL,
  PRIMARY KEY (`id`)
) ENGINE=InnoDB AUTO_INCREMENT=31 DEFAULT CHARSET=latin1;

-- Dumping data for table vghrms.region: ~10 rows (approximately)
DELETE FROM `region`;
/*!40000 ALTER TABLE `region` DISABLE KEYS */;
INSERT INTO `region` (`id`, `company_id`, `last_modified`, `last_modified_by`, `description`, `region_id`, `region_name`, `status`) VALUES
	(1, 1, '2023-07-20 05:04:13.793044', '538181f9-39f2-43c8-8596-b7309a7dea58', 'Pune main Region', NULL, 'Pune', 'A'),
	(22, 1, '2023-07-12 11:33:13.409219', '538181f9-39f2-43c8-8596-b7309a7dea58', 'Solapur Region', NULL, 'Solapur', 'A'),
	(23, 1, '2023-07-13 04:55:37.653705', 'anonymousUser', 'Sangali Region', NULL, 'Sangali', 'A'),
	(24, 1, '2023-07-13 04:56:01.383692', 'anonymousUser', 'Mumbai Region', NULL, 'Mumbai', 'A'),
	(25, 1, '2023-07-13 04:56:18.490726', 'anonymousUser', 'Kolhapur Region', NULL, 'Kolhapur', 'A'),
	(26, 1, '2023-07-13 04:56:35.803674', 'anonymousUser', 'Ratnagiri Region', NULL, 'Ratnagiri', 'A'),
	(27, 1, '2023-07-13 04:56:59.827770', 'anonymousUser', 'Nashik Region', NULL, 'Nashik ', 'A'),
	(28, 1, '2023-07-21 06:01:57.473970', '538181f9-39f2-43c8-8596-b7309a7dea58', 'Savantwadi Branch', NULL, 'Sawantvadi', 'A'),
	(29, 1, '2023-07-21 06:02:30.307246', '538181f9-39f2-43c8-8596-b7309a7dea58', 'North Goa branch', NULL, 'North Goa', 'A'),
	(30, 1, '2023-07-21 06:02:52.107955', '538181f9-39f2-43c8-8596-b7309a7dea58', 'South Goa Branch', NULL, 'South Goa', 'A');
/*!40000 ALTER TABLE `region` ENABLE KEYS */;

-- Dumping structure for table vghrms.rel_techvg_role__techvg_permission
CREATE TABLE IF NOT EXISTS `rel_techvg_role__techvg_permission` (
  `techvg_role_id` bigint(20) NOT NULL,
  `techvg_permission_id` bigint(20) NOT NULL,
  PRIMARY KEY (`techvg_role_id`,`techvg_permission_id`),
  KEY `FKn4je6qt6q8q98viqjqn4ym4ev` (`techvg_permission_id`),
  CONSTRAINT `FKf0npnirpxdvu5848m0li5tta` FOREIGN KEY (`techvg_role_id`) REFERENCES `techvg_role` (`id`),
  CONSTRAINT `FKn4je6qt6q8q98viqjqn4ym4ev` FOREIGN KEY (`techvg_permission_id`) REFERENCES `techvg_permission` (`id`)
) ENGINE=InnoDB DEFAULT CHARSET=latin1;

-- Dumping data for table vghrms.rel_techvg_role__techvg_permission: ~294 rows (approximately)
DELETE FROM `rel_techvg_role__techvg_permission`;
/*!40000 ALTER TABLE `rel_techvg_role__techvg_permission` DISABLE KEYS */;
INSERT INTO `rel_techvg_role__techvg_permission` (`techvg_role_id`, `techvg_permission_id`) VALUES
	(2, 8),
	(3, 8),
	(2, 11),
	(3, 11),
	(2, 12),
	(3, 12),
	(2, 13),
	(3, 13),
	(2, 14),
	(3, 14),
	(2, 15),
	(3, 15),
	(2, 16),
	(3, 16),
	(3, 17),
	(2, 18),
	(3, 18),
	(2, 20),
	(3, 20),
	(2, 21),
	(3, 21),
	(2, 22),
	(3, 22),
	(2, 24),
	(3, 24),
	(2, 25),
	(3, 25),
	(2, 26),
	(3, 26),
	(2, 27),
	(3, 27),
	(2, 28),
	(3, 28),
	(2, 29),
	(3, 29),
	(2, 30),
	(3, 30),
	(2, 31),
	(3, 31),
	(2, 32),
	(3, 32),
	(2, 33),
	(3, 33),
	(2, 34),
	(3, 34),
	(2, 35),
	(3, 35),
	(2, 36),
	(3, 36),
	(2, 37),
	(3, 37),
	(2, 39),
	(3, 39),
	(2, 40),
	(3, 40),
	(2, 41),
	(3, 41),
	(2, 42),
	(3, 42),
	(2, 43),
	(3, 43),
	(2, 44),
	(3, 44),
	(2, 45),
	(3, 45),
	(2, 46),
	(3, 46),
	(2, 47),
	(3, 47),
	(2, 48),
	(3, 48),
	(3, 49),
	(3, 50),
	(3, 51),
	(3, 52),
	(3, 53),
	(3, 54),
	(1, 55),
	(2, 55),
	(3, 55),
	(1, 56),
	(2, 56),
	(3, 56),
	(1, 57),
	(2, 57),
	(3, 57),
	(2, 58),
	(3, 58),
	(2, 59),
	(3, 59),
	(2, 60),
	(3, 60),
	(1, 62),
	(2, 62),
	(3, 62),
	(1, 63),
	(2, 63),
	(3, 63),
	(1, 65),
	(2, 65),
	(3, 65),
	(2, 66),
	(3, 66),
	(2, 68),
	(3, 68),
	(1, 69),
	(2, 69),
	(3, 69),
	(2, 70),
	(3, 70),
	(1, 73),
	(2, 73),
	(3, 73),
	(1, 74),
	(2, 74),
	(3, 74),
	(1, 76),
	(2, 76),
	(3, 76),
	(1, 77),
	(2, 77),
	(3, 77),
	(1, 78),
	(2, 78),
	(3, 78),
	(1, 79),
	(2, 79),
	(3, 79),
	(1, 80),
	(2, 80),
	(3, 80),
	(1, 81),
	(2, 81),
	(3, 81),
	(1, 82),
	(2, 82),
	(3, 82),
	(1, 83),
	(2, 83),
	(3, 83),
	(1, 84),
	(2, 84),
	(3, 84),
	(3, 85),
	(3, 86),
	(3, 87),
	(3, 88),
	(3, 89),
	(3, 90),
	(3, 91),
	(2, 95),
	(3, 95),
	(2, 96),
	(3, 96),
	(2, 97),
	(3, 97),
	(1, 98),
	(2, 98),
	(3, 98),
	(2, 100),
	(3, 100),
	(1, 101),
	(2, 101),
	(3, 101),
	(5, 101),
	(6, 101),
	(3, 102),
	(1, 103),
	(2, 103),
	(3, 103),
	(2, 104),
	(3, 104),
	(1, 105),
	(2, 105),
	(3, 105),
	(2, 106),
	(3, 106),
	(2, 107),
	(3, 107),
	(1, 108),
	(2, 108),
	(3, 108),
	(2, 109),
	(3, 109),
	(2, 110),
	(3, 110),
	(1, 111),
	(2, 111),
	(3, 111),
	(2, 112),
	(3, 112),
	(3, 113),
	(3, 114),
	(2, 115),
	(3, 115),
	(1, 116),
	(2, 116),
	(3, 116),
	(1, 117),
	(2, 117),
	(3, 117),
	(2, 118),
	(3, 118),
	(2, 119),
	(3, 119),
	(2, 120),
	(3, 120),
	(2, 121),
	(3, 121),
	(1, 122),
	(2, 122),
	(3, 122),
	(2, 123),
	(3, 123),
	(2, 124),
	(3, 124),
	(1, 126),
	(2, 126),
	(3, 126),
	(2, 127),
	(3, 127),
	(2, 128),
	(3, 128),
	(2, 129),
	(3, 129),
	(3, 130),
	(2, 131),
	(3, 131),
	(1, 133),
	(3, 133),
	(2, 134),
	(3, 134),
	(2, 135),
	(3, 135),
	(3, 136),
	(3, 137),
	(1, 138),
	(2, 138),
	(3, 138),
	(2, 139),
	(3, 139),
	(2, 140),
	(3, 140),
	(1, 141),
	(2, 141),
	(2, 142),
	(3, 142),
	(2, 143),
	(3, 143),
	(2, 146),
	(3, 146),
	(2, 148),
	(3, 148),
	(2, 149),
	(3, 149),
	(2, 150),
	(3, 150),
	(2, 151),
	(3, 151),
	(7, 151),
	(7, 152),
	(1, 153),
	(2, 154),
	(3, 154),
	(5, 154),
	(6, 154),
	(7, 154),
	(6, 158),
	(1, 159),
	(2, 159),
	(3, 159),
	(5, 159),
	(3, 160),
	(2, 161),
	(2, 162),
	(3, 162),
	(2, 165),
	(3, 165),
	(7, 165),
	(1, 168),
	(1, 169),
	(6, 169),
	(1, 170),
	(7, 170),
	(6, 171),
	(5, 172),
	(2, 173),
	(7, 173),
	(3, 174),
	(2, 175),
	(2, 176),
	(3, 176),
	(2, 177),
	(3, 177);
/*!40000 ALTER TABLE `rel_techvg_role__techvg_permission` ENABLE KEYS */;

-- Dumping structure for table vghrms.rel_techvg_user__techvg_role
CREATE TABLE IF NOT EXISTS `rel_techvg_user__techvg_role` (
  `techvg_user_id` varchar(255) NOT NULL,
  `techvg_role_id` bigint(20) NOT NULL,
  PRIMARY KEY (`techvg_user_id`,`techvg_role_id`),
  KEY `FKepwq7hxbefis55i6imlprcq16` (`techvg_role_id`),
  CONSTRAINT `FKdujd5gty2xshg4nobiw195kpq` FOREIGN KEY (`techvg_user_id`) REFERENCES `techvg_user` (`id`),
  CONSTRAINT `FKepwq7hxbefis55i6imlprcq16` FOREIGN KEY (`techvg_role_id`) REFERENCES `techvg_role` (`id`)
) ENGINE=InnoDB DEFAULT CHARSET=latin1;

-- Dumping data for table vghrms.rel_techvg_user__techvg_role: ~18 rows (approximately)
DELETE FROM `rel_techvg_user__techvg_role`;
/*!40000 ALTER TABLE `rel_techvg_user__techvg_role` DISABLE KEYS */;
INSERT INTO `rel_techvg_user__techvg_role` (`techvg_user_id`, `techvg_role_id`) VALUES
	('0e4c3fc1-57e7-435d-891b-bc8e989c44a7', 1),
	('0e93736c-591c-4a65-b352-5fc83979bfde', 1),
	('118b393b-d112-45c5-9d70-4860114f8eea', 1),
	('212eff4c-d0e2-492f-892f-a430b856555d', 1),
	('245da5d8-1f92-4d54-b6be-e3db460ceb78', 1),
	('4f28a7d3-8b55-43a2-9992-b0948370f266', 1),
	('53f78cbc-f73a-4bee-ada7-e9e823770f2d', 1),
	('57a46b5d-f172-4fe5-b503-cf8b7a0a9faa', 1),
	('752d887d-303a-4155-9c4d-9c59c6ca3d92', 1),
	('906d3e32-9f6f-4455-8a9a-25756e9b4af3', 1),
	('99c16640-80aa-48d6-9016-efa89603fddb', 1),
	('b8f33129-b9ce-43db-b11f-1e1b5c0eda8a', 1),
	('cabefee1-45ae-41ea-8224-4e51404c1bc4', 1),
	('dd109bba-fdf3-4e7a-bf5e-fa33bca69a24', 1),
	('f0fc5d18-df4a-4550-a066-df4b01e16c31', 1),
	('c9c5de82-7567-4023-afdb-7555aa120b96', 2),
	('538181f9-39f2-43c8-8596-b7309a7dea58', 3),
	('ee4e6eb7-61af-4576-8467-fe45255aaaed', 3);
/*!40000 ALTER TABLE `rel_techvg_user__techvg_role` ENABLE KEYS */;

-- Dumping structure for table vghrms.remuneration
CREATE TABLE IF NOT EXISTS `remuneration` (
  `id` bigint(20) NOT NULL AUTO_INCREMENT,
  `company_id` bigint(20) DEFAULT NULL,
  `last_modified` datetime(6) DEFAULT NULL,
  `last_modified_by` varchar(255) DEFAULT NULL,
  `amount` double DEFAULT NULL,
  `employe_id` bigint(20) DEFAULT NULL,
  `payment_type` varchar(255) DEFAULT NULL,
  `salary_type` varchar(255) DEFAULT NULL,
  `status` varchar(255) DEFAULT NULL,
  `tax_regime` bigint(20) DEFAULT NULL,
  PRIMARY KEY (`id`),
  KEY `FKi2qinw65pmhyrsc4l2p9t7hfc` (`tax_regime`),
  CONSTRAINT `FKi2qinw65pmhyrsc4l2p9t7hfc` FOREIGN KEY (`tax_regime`) REFERENCES `tax_regime` (`id`)
) ENGINE=InnoDB AUTO_INCREMENT=62 DEFAULT CHARSET=latin1;

-- Dumping data for table vghrms.remuneration: ~28 rows (approximately)
DELETE FROM `remuneration`;
/*!40000 ALTER TABLE `remuneration` DISABLE KEYS */;
INSERT INTO `remuneration` (`id`, `company_id`, `last_modified`, `last_modified_by`, `amount`, `employe_id`, `payment_type`, `salary_type`, `status`, `tax_regime`) VALUES
	(34, 1, '2023-07-12 13:55:13.469697', '538181f9-39f2-43c8-8596-b7309a7dea58', NULL, 85, 'Bank Transfer', 'Monthly', 'A', 9),
	(35, 1, '2023-07-13 06:05:43.867562', '538181f9-39f2-43c8-8596-b7309a7dea58', NULL, 86, 'Bank Transfer', 'Monthly', 'A', 9),
	(36, 1, '2023-07-14 06:22:18.887423', '538181f9-39f2-43c8-8596-b7309a7dea58', NULL, 84, 'Bank Transfer', 'Monthly', 'A', 9),
	(37, 1, '2023-07-12 14:09:10.316661', '538181f9-39f2-43c8-8596-b7309a7dea58', NULL, 83, 'Bank Transfer', 'Monthly', 'A', 9),
	(38, 1, '2023-07-13 06:33:46.985713', '538181f9-39f2-43c8-8596-b7309a7dea58', NULL, 13, 'Bank Transfer', 'Monthly', 'A', 9),
	(39, 1, '2023-07-12 14:11:24.528705', '538181f9-39f2-43c8-8596-b7309a7dea58', NULL, 88, 'Bank Transfer', 'Monthly', 'A', 9),
	(40, 1, '2023-07-13 05:34:12.372549', '538181f9-39f2-43c8-8596-b7309a7dea58', NULL, 89, 'Bank Transfer', 'Monthly', 'A', 9),
	(41, 1, '2023-07-13 05:37:55.112575', '538181f9-39f2-43c8-8596-b7309a7dea58', NULL, 87, 'Bank Transfer', 'Monthly', 'A', 9),
	(42, 1, '2023-07-13 12:37:14.014939', '538181f9-39f2-43c8-8596-b7309a7dea58', NULL, 90, 'Bank Transfer', 'Monthly', 'A', 9),
	(43, 1, '2023-07-14 04:01:38.583239', '538181f9-39f2-43c8-8596-b7309a7dea58', NULL, 91, 'Bank Transfer', 'Monthly', 'A', 9),
	(44, 1, '2023-07-14 06:11:24.727847', '538181f9-39f2-43c8-8596-b7309a7dea58', NULL, 91, 'Bank Transfer', 'Monthly', 'A', 9),
	(45, 1, '2023-07-14 06:13:08.734805', 'c9c5de82-7567-4023-afdb-7555aa120b96', NULL, 92, 'Bank Transfer', 'Monthly', 'A', 9),
	(46, 1, '2023-07-14 10:05:40.494141', 'c9c5de82-7567-4023-afdb-7555aa120b96', NULL, 93, 'Bank Transfer', 'Monthly', 'A', 9),
	(47, 1, '2023-07-17 07:12:07.187960', '538181f9-39f2-43c8-8596-b7309a7dea58', NULL, 95, 'Bank Transfer', 'Monthly', 'A', 9),
	(48, 1, '2023-07-18 11:18:21.881160', '538181f9-39f2-43c8-8596-b7309a7dea58', NULL, 97, 'Bank Transfer', 'Monthly', 'A', 9),
	(49, 1, '2023-07-19 04:18:43.478775', '538181f9-39f2-43c8-8596-b7309a7dea58', NULL, 99, 'Bank Transfer', 'Monthly', 'A', 9),
	(50, 1, '2023-07-19 08:44:15.568355', '538181f9-39f2-43c8-8596-b7309a7dea58', NULL, 104, 'Bank Transfer', 'Monthly', 'A', 9),
	(51, 1, '2023-07-19 08:45:28.752387', 'c9c5de82-7567-4023-afdb-7555aa120b96', NULL, 105, 'Bank Transfer', 'Monthly', 'A', 9),
	(52, 1, '2023-07-19 08:57:11.085124', 'c9c5de82-7567-4023-afdb-7555aa120b96', NULL, 106, 'Bank Transfer', 'Monthly', 'A', 9),
	(53, 1, '2023-07-19 09:14:24.491963', 'c9c5de82-7567-4023-afdb-7555aa120b96', NULL, 107, 'Bank Transfer', 'Monthly', 'A', 9),
	(54, 1, '2023-07-20 07:06:23.751771', '538181f9-39f2-43c8-8596-b7309a7dea58', NULL, 109, 'Bank Transfer', 'Monthly', 'A', 9),
	(55, 1, '2023-07-20 10:56:51.575853', '538181f9-39f2-43c8-8596-b7309a7dea58', NULL, 110, 'Bank Transfer', 'Monthly', 'A', 9),
	(56, 1, '2023-07-20 11:41:29.364798', '538181f9-39f2-43c8-8596-b7309a7dea58', NULL, 111, 'Bank Transfer', 'Monthly', 'A', 8),
	(57, 1, '2023-07-21 05:25:22.960816', '538181f9-39f2-43c8-8596-b7309a7dea58', NULL, 112, 'Bank Transfer', 'Monthly', 'A', 9),
	(58, 1, '2023-07-21 05:57:59.552823', '538181f9-39f2-43c8-8596-b7309a7dea58', NULL, 108, 'Bank Transfer', 'Monthly', 'A', 9),
	(59, 1, '2023-07-21 06:38:44.843408', '538181f9-39f2-43c8-8596-b7309a7dea58', NULL, 103, 'Bank Transfer', 'Monthly', 'A', 9),
	(60, 1, '2023-07-21 07:15:11.158836', 'c9c5de82-7567-4023-afdb-7555aa120b96', NULL, 100, 'Bank Transfer', 'Monthly', 'A', 9),
	(61, 1, '2023-07-25 04:18:04.341351', '538181f9-39f2-43c8-8596-b7309a7dea58', NULL, 113, 'Bank Transfer', 'Monthly', 'A', 9);
/*!40000 ALTER TABLE `remuneration` ENABLE KEYS */;

-- Dumping structure for table vghrms.reporting
CREATE TABLE IF NOT EXISTS `reporting` (
  `id` bigint(20) NOT NULL AUTO_INCREMENT,
  `company_id` bigint(20) DEFAULT NULL,
  `last_modified` datetime(6) DEFAULT NULL,
  `last_modified_by` varchar(255) DEFAULT NULL,
  `employee_id` bigint(20) DEFAULT NULL,
  `reporting_emp_id` bigint(20) DEFAULT NULL,
  `reporting_id` bigint(20) DEFAULT NULL,
  `status` varchar(255) DEFAULT NULL,
  PRIMARY KEY (`id`)
) ENGINE=InnoDB DEFAULT CHARSET=latin1;

-- Dumping data for table vghrms.reporting: ~0 rows (approximately)
DELETE FROM `reporting`;
/*!40000 ALTER TABLE `reporting` DISABLE KEYS */;
/*!40000 ALTER TABLE `reporting` ENABLE KEYS */;

-- Dumping structure for table vghrms.resignation
CREATE TABLE IF NOT EXISTS `resignation` (
  `id` bigint(20) NOT NULL AUTO_INCREMENT,
  `company_id` bigint(20) DEFAULT NULL,
  `last_modified` datetime(6) DEFAULT NULL,
  `last_modified_by` varchar(255) DEFAULT NULL,
  `department_id` bigint(20) DEFAULT NULL,
  `emp_name` varchar(255) DEFAULT NULL,
  `employee_id` bigint(20) DEFAULT NULL,
  `last_working_day` datetime(6) DEFAULT NULL,
  `notice_period_indays` bigint(20) DEFAULT NULL,
  `reason` varchar(255) DEFAULT NULL,
  `resign_date` datetime(6) DEFAULT NULL,
  `resign_status` varchar(255) DEFAULT NULL,
  `status` varchar(255) DEFAULT NULL,
  PRIMARY KEY (`id`)
) ENGINE=InnoDB AUTO_INCREMENT=40 DEFAULT CHARSET=latin1;

-- Dumping data for table vghrms.resignation: ~11 rows (approximately)
DELETE FROM `resignation`;
/*!40000 ALTER TABLE `resignation` DISABLE KEYS */;
INSERT INTO `resignation` (`id`, `company_id`, `last_modified`, `last_modified_by`, `department_id`, `emp_name`, `employee_id`, `last_working_day`, `notice_period_indays`, `reason`, `resign_date`, `resign_status`, `status`) VALUES
	(29, 1, '2023-07-14 06:45:36.487522', '538181f9-39f2-43c8-8596-b7309a7dea58', 1, 'Ganesh Narayan', 84, '2023-08-12 00:00:00.000000', 30, 'Health issue', '2023-07-13 05:17:06.000000', 'Approved', 'A'),
	(30, 1, '2023-07-14 12:07:27.475153', '538181f9-39f2-43c8-8596-b7309a7dea58', 18, 'Rutuja Pawar', 94, '2023-07-16 00:00:00.000000', 2, 'new job', '2023-07-14 12:04:40.000000', 'Approved', 'A'),
	(31, 1, '2023-07-17 12:00:47.664541', 'c9c5de82-7567-4023-afdb-7555aa120b96', 1, 'Atharv More', 95, '2023-07-18 00:00:00.000000', 1, 'new job', '2023-07-17 00:00:00.000000', 'Rejected', 'A'),
	(32, 1, '2023-07-18 12:16:56.799010', '538181f9-39f2-43c8-8596-b7309a7dea58', 1, 'Sushma Bora', 97, '2023-07-21 00:00:00.000000', 3, 'for some reason', '2023-07-18 00:00:00.000000', 'Rejected', 'A'),
	(33, 1, '2023-07-19 09:08:08.232213', '245da5d8-1f92-4d54-b6be-e3db460ceb78', 1, 'Mrudula Chingale', 88, '2023-08-18 00:00:00.000000', 30, 'xyz', '2023-07-19 09:06:48.000000', 'Applied', 'D'),
	(34, 1, '2023-07-19 09:14:09.023183', '245da5d8-1f92-4d54-b6be-e3db460ceb78', 1, 'Mrudula Chingale', 88, '2023-08-23 00:00:00.000000', 30, 'health', '2023-07-24 09:06:48.000000', 'Applied', 'D'),
	(35, 1, '2023-07-19 10:27:18.968668', '538181f9-39f2-43c8-8596-b7309a7dea58', 1, 'Mrudula Chingale', 88, '2023-08-20 00:00:00.000000', 30, 'xyz', '2023-07-21 09:06:48.000000', 'Rejected', 'A'),
	(36, 1, '2023-07-19 09:21:15.323039', '99c16640-80aa-48d6-9016-efa89603fddb', 22, 'Rama Rahane', 104, '2023-08-15 00:00:00.000000', 20, 'for health issue', '2023-07-26 09:19:49.000000', 'Applied', 'D'),
	(37, 1, '2023-07-21 08:39:57.996973', 'anonymousUser', 1, 'Somesh Gaikwad', 13, '2023-09-25 00:00:00.000000', 60, 'for personal reason', '2023-07-27 07:00:57.000000', 'Applied', 'A'),
	(38, 1, '2023-07-24 05:22:47.674709', '538181f9-39f2-43c8-8596-b7309a7dea58', 1, 'Pratyush Khandagale', 112, '2023-07-24 00:00:00.000000', 0, 'for personal reason', '2023-07-24 00:00:00.000000', 'Approved', 'A'),
	(39, 1, '2023-07-25 11:06:09.510869', '538181f9-39f2-43c8-8596-b7309a7dea58', 1, 'Sunay Hora', 100, '2023-08-04 00:00:00.000000', 10, 'new job', '2023-07-25 10:56:56.000000', 'Approved', 'A');
/*!40000 ALTER TABLE `resignation` ENABLE KEYS */;

-- Dumping structure for table vghrms.salary
CREATE TABLE IF NOT EXISTS `salary` (
  `id` bigint(20) NOT NULL AUTO_INCREMENT,
  `company_id` bigint(20) DEFAULT NULL,
  `last_modified` datetime(6) DEFAULT NULL,
  `last_modified_by` varchar(255) DEFAULT NULL,
  `amount` double DEFAULT NULL,
  `employee_id` bigint(20) DEFAULT NULL,
  `isdeduction` bit(1) DEFAULT NULL,
  `month` varchar(255) DEFAULT NULL,
  `status` varchar(255) DEFAULT NULL,
  `type` varchar(255) DEFAULT NULL,
  `year` varchar(255) DEFAULT NULL,
  `earning_amount` double DEFAULT NULL,
  PRIMARY KEY (`id`)
) ENGINE=InnoDB AUTO_INCREMENT=1295 DEFAULT CHARSET=latin1;

-- Dumping data for table vghrms.salary: ~356 rows (approximately)
DELETE FROM `salary`;
/*!40000 ALTER TABLE `salary` DISABLE KEYS */;
INSERT INTO `salary` (`id`, `company_id`, `last_modified`, `last_modified_by`, `amount`, `employee_id`, `isdeduction`, `month`, `status`, `type`, `year`, `earning_amount`) VALUES
	(939, 1, '2023-07-13 10:48:47.745924', 'c9c5de82-7567-4023-afdb-7555aa120b96', 3000, 13, b'0', 'July', 'A', 'DA', '2023', 1839),
	(940, 1, '2023-07-13 10:48:47.774904', 'c9c5de82-7567-4023-afdb-7555aa120b96', 2000, 13, b'0', 'July', 'A', 'HRA', '2023', 1226),
	(941, 1, '2023-07-13 10:48:47.802946', 'c9c5de82-7567-4023-afdb-7555aa120b96', 1600, 13, b'0', 'July', 'A', 'Medical', '2023', 981),
	(942, 1, '2023-07-13 10:48:47.828936', 'c9c5de82-7567-4023-afdb-7555aa120b96', 4000, 13, b'0', 'July', 'A', 'Conveyance', '2023', 2452),
	(943, 1, '2023-07-13 10:48:47.849911', 'c9c5de82-7567-4023-afdb-7555aa120b96', 0, 13, b'0', 'July', 'A', 'SpecialAllowance', '2023', 0),
	(944, 1, '2023-07-13 10:48:47.872940', 'c9c5de82-7567-4023-afdb-7555aa120b96', 50000, 13, b'0', 'July', 'A', 'Basic', '2023', 30645),
	(945, 1, '2023-07-13 10:48:47.900958', 'c9c5de82-7567-4023-afdb-7555aa120b96', 0, 13, b'0', 'July', 'A', 'CCA', '2023', 0),
	(946, 1, '2023-07-13 10:48:47.927920', 'c9c5de82-7567-4023-afdb-7555aa120b96', 1000, 13, b'1', 'July', 'A', 'GHIN', '2023', NULL),
	(947, 1, '2023-07-13 10:48:47.945927', 'c9c5de82-7567-4023-afdb-7555aa120b96', 800, 13, b'1', 'July', 'A', 'GLIN', '2023', NULL),
	(948, 1, '2023-07-13 10:48:47.970942', 'c9c5de82-7567-4023-afdb-7555aa120b96', 3898.08, 13, b'1', 'July', 'A', 'PF', '2023', NULL),
	(949, 1, '2023-07-13 10:48:48.004960', 'c9c5de82-7567-4023-afdb-7555aa120b96', 23457, 13, b'1', 'July', 'A', 'Absent', '2023', NULL),
	(950, 1, '2023-07-13 10:48:48.038931', 'c9c5de82-7567-4023-afdb-7555aa120b96', 200, 13, b'1', 'July', 'A', 'ProfessionalTax', '2023', NULL),
	(951, 1, '2023-07-13 10:48:48.058919', 'c9c5de82-7567-4023-afdb-7555aa120b96', 2088, 13, b'1', 'July', 'A', 'Income Tax', '2023', NULL),
	(952, 1, '2023-07-13 11:46:43.548948', 'c9c5de82-7567-4023-afdb-7555aa120b96', 5000, 83, b'0', 'July', 'A', 'DA', '2023', 3065),
	(953, 1, '2023-07-13 11:46:43.575915', 'c9c5de82-7567-4023-afdb-7555aa120b96', 8000, 83, b'0', 'July', 'A', 'HRA', '2023', 4903),
	(954, 1, '2023-07-13 11:46:43.594928', 'c9c5de82-7567-4023-afdb-7555aa120b96', 0, 83, b'0', 'July', 'A', 'Medical', '2023', 0),
	(955, 1, '2023-07-13 11:46:43.624933', 'c9c5de82-7567-4023-afdb-7555aa120b96', 5000, 83, b'0', 'July', 'A', 'Conveyance', '2023', 3065),
	(956, 1, '2023-07-13 11:46:43.651936', 'c9c5de82-7567-4023-afdb-7555aa120b96', 0, 83, b'0', 'July', 'A', 'SpecialAllowance', '2023', 0),
	(957, 1, '2023-07-13 11:46:43.678946', 'c9c5de82-7567-4023-afdb-7555aa120b96', 12000, 83, b'0', 'July', 'A', 'Basic', '2023', 7355),
	(958, 1, '2023-07-13 11:46:43.705912', 'c9c5de82-7567-4023-afdb-7555aa120b96', 0, 83, b'0', 'July', 'A', 'CCA', '2023', 0),
	(959, 1, '2023-07-13 11:46:43.732927', 'c9c5de82-7567-4023-afdb-7555aa120b96', 200, 83, b'1', 'July', 'A', 'GHIN', '2023', NULL),
	(960, 1, '2023-07-13 11:46:43.756959', 'c9c5de82-7567-4023-afdb-7555aa120b96', 600, 83, b'1', 'July', 'A', 'GLIN', '2023', NULL),
	(961, 1, '2023-07-13 11:46:43.791941', 'c9c5de82-7567-4023-afdb-7555aa120b96', 1250.3999999999999, 83, b'1', 'July', 'A', 'PF', '2023', NULL),
	(962, 1, '2023-07-13 11:46:43.836970', 'c9c5de82-7567-4023-afdb-7555aa120b96', 11612, 83, b'1', 'July', 'A', 'Absent', '2023', NULL),
	(963, 1, '2023-07-13 11:46:43.860935', 'c9c5de82-7567-4023-afdb-7555aa120b96', 0, 83, b'1', 'July', 'A', 'ProfessionalTax', '2023', NULL),
	(964, 1, '2023-07-13 11:46:43.879928', 'c9c5de82-7567-4023-afdb-7555aa120b96', 0, 83, b'1', 'July', 'A', 'Income Tax', '2023', NULL),
	(965, 1, '2023-07-13 11:51:23.971902', 'c9c5de82-7567-4023-afdb-7555aa120b96', 700, 84, b'0', 'July', 'A', 'DA', '2023', 429),
	(966, 1, '2023-07-13 11:51:23.991898', 'c9c5de82-7567-4023-afdb-7555aa120b96', 2000, 84, b'0', 'July', 'A', 'HRA', '2023', 1226),
	(967, 1, '2023-07-13 11:51:24.009921', 'c9c5de82-7567-4023-afdb-7555aa120b96', 0, 84, b'0', 'July', 'A', 'Medical', '2023', 0),
	(968, 1, '2023-07-13 11:51:24.028908', 'c9c5de82-7567-4023-afdb-7555aa120b96', 1600, 84, b'0', 'July', 'A', 'Conveyance', '2023', 981),
	(969, 1, '2023-07-13 11:51:24.045949', 'c9c5de82-7567-4023-afdb-7555aa120b96', 0, 84, b'0', 'July', 'A', 'SpecialAllowance', '2023', 0),
	(970, 1, '2023-07-13 11:51:24.065924', 'c9c5de82-7567-4023-afdb-7555aa120b96', 5000, 84, b'0', 'July', 'A', 'Basic', '2023', 3065),
	(971, 1, '2023-07-13 11:51:24.087950', 'c9c5de82-7567-4023-afdb-7555aa120b96', 1000, 84, b'0', 'July', 'A', 'CCA', '2023', 613),
	(972, 1, '2023-07-13 11:51:24.111914', 'c9c5de82-7567-4023-afdb-7555aa120b96', 400, 84, b'1', 'July', 'A', 'GHIN', '2023', NULL),
	(973, 1, '2023-07-13 11:51:24.145986', 'c9c5de82-7567-4023-afdb-7555aa120b96', 200, 84, b'1', 'July', 'A', 'GLIN', '2023', NULL),
	(974, 1, '2023-07-13 11:51:24.187942', 'c9c5de82-7567-4023-afdb-7555aa120b96', 412, 84, b'1', 'July', 'A', 'ESIC', '2023', NULL),
	(975, 1, '2023-07-13 11:51:24.223947', 'c9c5de82-7567-4023-afdb-7555aa120b96', 419.28, 84, b'1', 'July', 'A', 'PF', '2023', NULL),
	(976, 1, '2023-07-13 11:51:24.254993', 'c9c5de82-7567-4023-afdb-7555aa120b96', 3986, 84, b'1', 'July', 'A', 'Absent', '2023', NULL),
	(977, 1, '2023-07-13 11:51:24.277914', 'c9c5de82-7567-4023-afdb-7555aa120b96', 200, 84, b'1', 'July', 'A', 'ProfessionalTax', '2023', NULL),
	(978, 1, '2023-07-13 11:51:24.293910', 'c9c5de82-7567-4023-afdb-7555aa120b96', 0, 84, b'1', 'July', 'A', 'Income Tax', '2023', NULL),
	(979, 1, '2023-07-14 04:48:07.559088', 'c9c5de82-7567-4023-afdb-7555aa120b96', 2500, 87, b'0', 'July', 'A', 'DA', '2023', 1613),
	(980, 1, '2023-07-14 04:48:07.590301', 'c9c5de82-7567-4023-afdb-7555aa120b96', 2000, 87, b'0', 'July', 'A', 'HRA', '2023', 1290),
	(981, 1, '2023-07-14 04:48:07.605913', 'c9c5de82-7567-4023-afdb-7555aa120b96', 0, 87, b'0', 'July', 'A', 'Medical', '2023', 0),
	(982, 1, '2023-07-14 04:48:07.637214', 'c9c5de82-7567-4023-afdb-7555aa120b96', 2200, 87, b'0', 'July', 'A', 'Conveyance', '2023', 1419),
	(983, 1, '2023-07-14 04:48:07.668450', 'c9c5de82-7567-4023-afdb-7555aa120b96', 0, 87, b'0', 'July', 'A', 'SpecialAllowance', '2023', 0),
	(984, 1, '2023-07-14 04:48:07.684041', 'c9c5de82-7567-4023-afdb-7555aa120b96', 11000, 87, b'0', 'July', 'A', 'Basic', '2023', 7097),
	(985, 1, '2023-07-14 04:48:07.699656', 'c9c5de82-7567-4023-afdb-7555aa120b96', 0, 87, b'0', 'July', 'A', 'CCA', '2023', 0),
	(986, 1, '2023-07-14 04:48:07.715342', 'c9c5de82-7567-4023-afdb-7555aa120b96', 500, 87, b'1', 'July', 'A', 'GHIN', '2023', NULL),
	(987, 1, '2023-07-14 04:48:07.746543', 'c9c5de82-7567-4023-afdb-7555aa120b96', 200, 87, b'1', 'July', 'A', 'GLIN', '2023', NULL),
	(988, 1, '2023-07-14 04:48:07.762181', 'c9c5de82-7567-4023-afdb-7555aa120b96', 1045.2, 87, b'1', 'July', 'A', 'PF', '2023', NULL),
	(989, 1, '2023-07-14 04:48:07.809048', 'c9c5de82-7567-4023-afdb-7555aa120b96', 6281, 87, b'1', 'July', 'A', 'Absent', '2023', NULL),
	(990, 1, '2023-07-14 04:48:07.840300', 'c9c5de82-7567-4023-afdb-7555aa120b96', 200, 87, b'1', 'July', 'A', 'ProfessionalTax', '2023', NULL),
	(991, 1, '2023-07-14 04:48:07.855903', 'c9c5de82-7567-4023-afdb-7555aa120b96', 0, 87, b'1', 'July', 'A', 'Income Tax', '2023', NULL),
	(992, 1, '2023-07-14 05:53:51.354940', 'c9c5de82-7567-4023-afdb-7555aa120b96', 2100, 89, b'0', 'July', 'A', 'DA', '2023', 745),
	(993, 1, '2023-07-14 05:53:51.386157', 'c9c5de82-7567-4023-afdb-7555aa120b96', 5000, 89, b'0', 'July', 'A', 'HRA', '2023', 1774),
	(994, 1, '2023-07-14 05:53:51.417443', 'c9c5de82-7567-4023-afdb-7555aa120b96', 0, 89, b'0', 'July', 'A', 'Medical', '2023', 0),
	(995, 1, '2023-07-14 05:53:51.417443', 'c9c5de82-7567-4023-afdb-7555aa120b96', 2000, 88, b'0', 'July', 'A', 'DA', '2023', 1161),
	(996, 1, '2023-07-14 05:53:51.433073', 'c9c5de82-7567-4023-afdb-7555aa120b96', 1600, 89, b'0', 'July', 'A', 'Conveyance', '2023', 568),
	(997, 1, '2023-07-14 05:53:51.433073', 'c9c5de82-7567-4023-afdb-7555aa120b96', 5000, 88, b'0', 'July', 'A', 'HRA', '2023', 2903),
	(998, 1, '2023-07-14 05:53:51.464294', 'c9c5de82-7567-4023-afdb-7555aa120b96', 0, 88, b'0', 'July', 'A', 'Medical', '2023', 0),
	(999, 1, '2023-07-14 05:53:51.464294', 'c9c5de82-7567-4023-afdb-7555aa120b96', 0, 89, b'0', 'July', 'A', 'SpecialAllowance', '2023', 0),
	(1000, 1, '2023-07-14 05:53:51.479905', 'c9c5de82-7567-4023-afdb-7555aa120b96', 10000, 89, b'0', 'July', 'A', 'Basic', '2023', 3548),
	(1001, 1, '2023-07-14 05:53:51.479905', 'c9c5de82-7567-4023-afdb-7555aa120b96', 1600, 88, b'0', 'July', 'A', 'Conveyance', '2023', 929),
	(1002, 1, '2023-07-14 05:53:51.495495', 'c9c5de82-7567-4023-afdb-7555aa120b96', 4000, 89, b'0', 'July', 'A', 'CCA', '2023', 1419),
	(1003, 1, '2023-07-14 05:53:51.495495', 'c9c5de82-7567-4023-afdb-7555aa120b96', 0, 88, b'0', 'July', 'A', 'SpecialAllowance', '2023', 0),
	(1004, 1, '2023-07-14 05:53:51.511091', 'c9c5de82-7567-4023-afdb-7555aa120b96', 200, 89, b'1', 'July', 'A', 'GHIN', '2023', NULL),
	(1005, 1, '2023-07-14 05:53:51.526733', 'c9c5de82-7567-4023-afdb-7555aa120b96', 10000, 88, b'0', 'July', 'A', 'Basic', '2023', 5806),
	(1006, 1, '2023-07-14 05:53:51.542391', 'c9c5de82-7567-4023-afdb-7555aa120b96', 182, 89, b'1', 'July', 'A', 'GLIN', '2023', NULL),
	(1007, 1, '2023-07-14 05:53:51.558017', 'c9c5de82-7567-4023-afdb-7555aa120b96', 4000, 88, b'0', 'July', 'A', 'CCA', '2023', 2323),
	(1008, 1, '2023-07-14 05:53:51.573747', 'c9c5de82-7567-4023-afdb-7555aa120b96', 500, 88, b'1', 'July', 'A', 'GHIN', '2023', NULL),
	(1009, 1, '2023-07-14 05:53:51.573747', 'c9c5de82-7567-4023-afdb-7555aa120b96', 515.16, 89, b'1', 'July', 'A', 'PF', '2023', NULL),
	(1010, 1, '2023-07-14 05:53:51.589263', 'c9c5de82-7567-4023-afdb-7555aa120b96', 400, 88, b'1', 'July', 'A', 'GLIN', '2023', NULL),
	(1011, 1, '2023-07-14 05:53:51.604856', 'c9c5de82-7567-4023-afdb-7555aa120b96', 14646, 89, b'1', 'July', 'A', 'Absent', '2023', NULL),
	(1012, 1, '2023-07-14 05:53:51.620517', 'c9c5de82-7567-4023-afdb-7555aa120b96', 836.04, 88, b'1', 'July', 'A', 'PF', '2023', NULL),
	(1013, 1, '2023-07-14 05:53:51.620517', 'c9c5de82-7567-4023-afdb-7555aa120b96', 0, 89, b'1', 'July', 'A', 'ProfessionalTax', '2023', NULL),
	(1014, 1, '2023-07-14 05:53:51.636118', 'c9c5de82-7567-4023-afdb-7555aa120b96', 0, 89, b'1', 'July', 'A', 'Income Tax', '2023', NULL),
	(1015, 1, '2023-07-14 05:53:51.651843', 'c9c5de82-7567-4023-afdb-7555aa120b96', 9478, 88, b'1', 'July', 'A', 'Absent', '2023', NULL),
	(1016, 1, '2023-07-14 05:53:51.683135', 'c9c5de82-7567-4023-afdb-7555aa120b96', 0, 88, b'1', 'July', 'A', 'ProfessionalTax', '2023', NULL),
	(1017, 1, '2023-07-14 05:53:51.698635', 'c9c5de82-7567-4023-afdb-7555aa120b96', 0, 88, b'1', 'July', 'A', 'Income Tax', '2023', NULL),
	(1018, 1, '2023-07-14 06:30:54.408416', 'c9c5de82-7567-4023-afdb-7555aa120b96', 2200, 92, b'0', 'July', 'A', 'DA', '2023', 639),
	(1019, 1, '2023-07-14 06:30:54.440419', 'c9c5de82-7567-4023-afdb-7555aa120b96', 1000, 92, b'0', 'July', 'A', 'HRA', '2023', 290),
	(1020, 1, '2023-07-14 06:30:54.462439', 'c9c5de82-7567-4023-afdb-7555aa120b96', 0, 92, b'0', 'July', 'A', 'Medical', '2023', 0),
	(1021, 1, '2023-07-14 06:30:54.488415', 'c9c5de82-7567-4023-afdb-7555aa120b96', 1800, 92, b'0', 'July', 'A', 'Conveyance', '2023', 523),
	(1022, 1, '2023-07-14 06:30:54.512423', 'c9c5de82-7567-4023-afdb-7555aa120b96', 0, 92, b'0', 'July', 'A', 'SpecialAllowance', '2023', 0),
	(1023, 1, '2023-07-14 06:30:54.534419', 'c9c5de82-7567-4023-afdb-7555aa120b96', 15000, 92, b'0', 'July', 'A', 'Basic', '2023', 4355),
	(1024, 1, '2023-07-14 06:30:54.562397', 'c9c5de82-7567-4023-afdb-7555aa120b96', 780, 92, b'0', 'July', 'A', 'CCA', '2023', 226),
	(1025, 1, '2023-07-14 06:30:54.589405', 'c9c5de82-7567-4023-afdb-7555aa120b96', 200, 92, b'1', 'July', 'A', 'GHIN', '2023', NULL),
	(1026, 1, '2023-07-14 06:30:54.608404', 'c9c5de82-7567-4023-afdb-7555aa120b96', 300, 92, b'1', 'July', 'A', 'GLIN', '2023', NULL),
	(1027, 1, '2023-07-14 06:30:54.635409', 'c9c5de82-7567-4023-afdb-7555aa120b96', 831.2, 92, b'1', 'July', 'A', 'ESIC', '2023', NULL),
	(1028, 1, '2023-07-14 06:30:54.669397', 'c9c5de82-7567-4023-afdb-7555aa120b96', 599.28, 92, b'1', 'July', 'A', 'PF', '2023', NULL),
	(1029, 1, '2023-07-14 06:30:54.705399', 'c9c5de82-7567-4023-afdb-7555aa120b96', 14747, 92, b'1', 'July', 'A', 'Absent', '2023', NULL),
	(1030, 1, '2023-07-14 06:30:54.726408', 'c9c5de82-7567-4023-afdb-7555aa120b96', 0, 92, b'1', 'July', 'A', 'ProfessionalTax', '2023', NULL),
	(1031, 1, '2023-07-14 06:30:54.742427', 'c9c5de82-7567-4023-afdb-7555aa120b96', 0, 92, b'1', 'July', 'A', 'Income Tax', '2023', NULL),
	(1032, 1, '2023-07-14 06:32:57.961441', 'c9c5de82-7567-4023-afdb-7555aa120b96', 3000, 13, b'0', 'July', 'A', 'DA', '2023', 1742),
	(1033, 1, '2023-07-14 06:32:57.991425', 'c9c5de82-7567-4023-afdb-7555aa120b96', 2000, 13, b'0', 'July', 'A', 'HRA', '2023', 1161),
	(1034, 1, '2023-07-14 06:32:58.012425', 'c9c5de82-7567-4023-afdb-7555aa120b96', 1600, 13, b'0', 'July', 'A', 'Medical', '2023', 929),
	(1035, 1, '2023-07-14 06:32:58.031418', 'c9c5de82-7567-4023-afdb-7555aa120b96', 4000, 13, b'0', 'July', 'A', 'Conveyance', '2023', 2323),
	(1036, 1, '2023-07-14 06:32:58.056427', 'c9c5de82-7567-4023-afdb-7555aa120b96', 0, 13, b'0', 'July', 'A', 'SpecialAllowance', '2023', 0),
	(1037, 1, '2023-07-14 06:32:58.077402', 'c9c5de82-7567-4023-afdb-7555aa120b96', 50000, 13, b'0', 'July', 'A', 'Basic', '2023', 29032),
	(1038, 1, '2023-07-14 06:32:58.099433', 'c9c5de82-7567-4023-afdb-7555aa120b96', 0, 13, b'0', 'July', 'A', 'CCA', '2023', 0),
	(1039, 1, '2023-07-14 06:32:58.125424', 'c9c5de82-7567-4023-afdb-7555aa120b96', 1000, 13, b'1', 'July', 'A', 'GHIN', '2023', NULL),
	(1040, 1, '2023-07-14 06:32:58.148408', 'c9c5de82-7567-4023-afdb-7555aa120b96', 800, 13, b'1', 'July', 'A', 'GLIN', '2023', NULL),
	(1041, 1, '2023-07-14 06:32:58.180410', 'c9c5de82-7567-4023-afdb-7555aa120b96', 3692.8799999999997, 13, b'1', 'July', 'A', 'PF', '2023', NULL),
	(1042, 1, '2023-07-14 06:32:58.224417', 'c9c5de82-7567-4023-afdb-7555aa120b96', 25413, 13, b'1', 'July', 'A', 'Absent', '2023', NULL),
	(1043, 1, '2023-07-14 06:32:58.241423', 'c9c5de82-7567-4023-afdb-7555aa120b96', 200, 13, b'1', 'July', 'A', 'ProfessionalTax', '2023', NULL),
	(1044, 1, '2023-07-14 06:32:58.264402', 'c9c5de82-7567-4023-afdb-7555aa120b96', 2088, 13, b'1', 'July', 'A', 'Income Tax', '2023', NULL),
	(1045, 1, '2023-07-14 06:45:43.934537', 'c9c5de82-7567-4023-afdb-7555aa120b96', 5000, 83, b'0', 'July', 'A', 'DA', '2023', 2903),
	(1046, 1, '2023-07-14 06:45:43.953517', 'c9c5de82-7567-4023-afdb-7555aa120b96', 8000, 83, b'0', 'July', 'A', 'HRA', '2023', 4645),
	(1047, 1, '2023-07-14 06:45:43.975508', 'c9c5de82-7567-4023-afdb-7555aa120b96', 0, 83, b'0', 'July', 'A', 'Medical', '2023', 0),
	(1048, 1, '2023-07-14 06:45:43.997541', 'c9c5de82-7567-4023-afdb-7555aa120b96', 5000, 83, b'0', 'July', 'A', 'Conveyance', '2023', 2903),
	(1049, 1, '2023-07-14 06:45:44.030536', 'c9c5de82-7567-4023-afdb-7555aa120b96', 0, 83, b'0', 'July', 'A', 'SpecialAllowance', '2023', 0),
	(1050, 1, '2023-07-14 06:45:44.052528', 'c9c5de82-7567-4023-afdb-7555aa120b96', 12000, 83, b'0', 'July', 'A', 'Basic', '2023', 6968),
	(1051, 1, '2023-07-14 06:45:44.088526', 'c9c5de82-7567-4023-afdb-7555aa120b96', 0, 83, b'0', 'July', 'A', 'CCA', '2023', 0),
	(1052, 1, '2023-07-14 06:45:44.114504', 'c9c5de82-7567-4023-afdb-7555aa120b96', 200, 83, b'1', 'July', 'A', 'GHIN', '2023', NULL),
	(1053, 1, '2023-07-14 06:45:44.138557', 'c9c5de82-7567-4023-afdb-7555aa120b96', 600, 83, b'1', 'July', 'A', 'GLIN', '2023', NULL),
	(1054, 1, '2023-07-14 06:45:44.175518', 'c9c5de82-7567-4023-afdb-7555aa120b96', 1184.52, 83, b'1', 'July', 'A', 'PF', '2023', NULL),
	(1055, 1, '2023-07-14 06:45:44.214558', 'c9c5de82-7567-4023-afdb-7555aa120b96', 12581, 83, b'1', 'July', 'A', 'Absent', '2023', NULL),
	(1056, 1, '2023-07-14 06:45:44.243525', 'c9c5de82-7567-4023-afdb-7555aa120b96', 0, 83, b'1', 'July', 'A', 'ProfessionalTax', '2023', NULL),
	(1057, 1, '2023-07-14 06:45:44.267514', 'c9c5de82-7567-4023-afdb-7555aa120b96', 0, 83, b'1', 'July', 'A', 'Income Tax', '2023', NULL),
	(1058, 1, '2023-07-14 06:46:36.753539', 'c9c5de82-7567-4023-afdb-7555aa120b96', 1000, 91, b'0', 'July', 'A', 'DA', '2023', 323),
	(1059, 1, '2023-07-14 06:46:36.775515', 'c9c5de82-7567-4023-afdb-7555aa120b96', 1500, 91, b'0', 'July', 'A', 'HRA', '2023', 484),
	(1060, 1, '2023-07-14 06:46:36.795507', 'c9c5de82-7567-4023-afdb-7555aa120b96', 0, 91, b'0', 'July', 'A', 'Medical', '2023', 0),
	(1061, 1, '2023-07-14 06:46:36.820540', 'c9c5de82-7567-4023-afdb-7555aa120b96', 600, 91, b'0', 'July', 'A', 'Conveyance', '2023', 194),
	(1062, 1, '2023-07-14 06:46:36.849499', 'c9c5de82-7567-4023-afdb-7555aa120b96', 0, 91, b'0', 'July', 'A', 'SpecialAllowance', '2023', 0),
	(1063, 1, '2023-07-14 06:46:36.874530', 'c9c5de82-7567-4023-afdb-7555aa120b96', 15000, 91, b'0', 'July', 'A', 'Basic', '2023', 4839),
	(1064, 1, '2023-07-14 06:46:36.901511', 'c9c5de82-7567-4023-afdb-7555aa120b96', 2000, 91, b'0', 'July', 'A', 'CCA', '2023', 645),
	(1065, 1, '2023-07-14 06:46:36.929523', 'c9c5de82-7567-4023-afdb-7555aa120b96', 375, 91, b'1', 'July', 'A', 'GHIN', '2023', NULL),
	(1066, 1, '2023-07-14 06:46:36.952539', 'c9c5de82-7567-4023-afdb-7555aa120b96', 200, 91, b'1', 'July', 'A', 'GLIN', '2023', NULL),
	(1067, 1, '2023-07-14 06:46:36.998500', 'c9c5de82-7567-4023-afdb-7555aa120b96', 619.4399999999999, 91, b'1', 'July', 'A', 'PF', '2023', NULL),
	(1068, 1, '2023-07-14 06:46:37.036498', 'c9c5de82-7567-4023-afdb-7555aa120b96', 13615, 91, b'1', 'July', 'A', 'Absent', '2023', NULL),
	(1069, 1, '2023-07-14 06:46:37.068499', 'c9c5de82-7567-4023-afdb-7555aa120b96', 200, 91, b'1', 'July', 'A', 'ProfessionalTax', '2023', NULL),
	(1070, 1, '2023-07-14 06:46:37.088499', 'c9c5de82-7567-4023-afdb-7555aa120b96', 0, 91, b'1', 'July', 'A', 'Income Tax', '2023', NULL),
	(1071, 1, '2023-07-17 08:48:00.884530', 'c9c5de82-7567-4023-afdb-7555aa120b96', 2000, 86, b'0', 'July', 'A', 'DA', '2023', 1355),
	(1072, 1, '2023-07-17 08:48:00.912528', 'c9c5de82-7567-4023-afdb-7555aa120b96', 4000, 86, b'0', 'July', 'A', 'HRA', '2023', 2710),
	(1073, 1, '2023-07-17 08:48:00.941520', 'c9c5de82-7567-4023-afdb-7555aa120b96', 2000, 86, b'0', 'July', 'A', 'Medical', '2023', 1355),
	(1074, 1, '2023-07-17 08:48:00.966521', 'c9c5de82-7567-4023-afdb-7555aa120b96', 1800, 86, b'0', 'July', 'A', 'Conveyance', '2023', 1219),
	(1075, 1, '2023-07-17 08:48:00.994531', 'c9c5de82-7567-4023-afdb-7555aa120b96', 5000, 86, b'0', 'July', 'A', 'SpecialAllowance', '2023', 3387),
	(1076, 1, '2023-07-17 08:48:01.020540', 'c9c5de82-7567-4023-afdb-7555aa120b96', 4000, 86, b'0', 'July', 'A', 'Basic', '2023', 2710),
	(1077, 1, '2023-07-17 08:48:01.046521', 'c9c5de82-7567-4023-afdb-7555aa120b96', 1000, 86, b'0', 'July', 'A', 'CCA', '2023', 677),
	(1078, 1, '2023-07-17 08:48:01.072542', 'c9c5de82-7567-4023-afdb-7555aa120b96', 1000, 86, b'1', 'July', 'A', 'GHIN', '2023', NULL),
	(1079, 1, '2023-07-17 08:48:01.100551', 'c9c5de82-7567-4023-afdb-7555aa120b96', 300, 86, b'1', 'July', 'A', 'GLIN', '2023', NULL),
	(1080, 1, '2023-07-17 08:48:01.155540', 'c9c5de82-7567-4023-afdb-7555aa120b96', 487.79999999999995, 86, b'1', 'July', 'A', 'PF', '2023', NULL),
	(1081, 1, '2023-07-17 08:48:01.208580', 'c9c5de82-7567-4023-afdb-7555aa120b96', 6387, 86, b'1', 'July', 'A', 'Absent', '2023', NULL),
	(1082, 1, '2023-07-17 08:48:01.232561', 'c9c5de82-7567-4023-afdb-7555aa120b96', 200, 86, b'1', 'July', 'A', 'ProfessionalTax', '2023', NULL),
	(1083, 1, '2023-07-17 08:48:01.257558', 'c9c5de82-7567-4023-afdb-7555aa120b96', 0, 86, b'1', 'July', 'A', 'Income Tax', '2023', NULL),
	(1084, 1, '2023-07-17 10:20:18.217559', 'c9c5de82-7567-4023-afdb-7555aa120b96', 500, 95, b'0', 'July', 'A', 'DA', '2023', 194),
	(1085, 1, '2023-07-17 10:20:18.262537', 'c9c5de82-7567-4023-afdb-7555aa120b96', 2000, 95, b'0', 'July', 'A', 'HRA', '2023', 774),
	(1086, 1, '2023-07-17 10:20:18.296555', 'c9c5de82-7567-4023-afdb-7555aa120b96', 0, 95, b'0', 'July', 'A', 'Medical', '2023', 0),
	(1087, 1, '2023-07-17 10:20:18.328556', 'c9c5de82-7567-4023-afdb-7555aa120b96', 2000, 95, b'0', 'July', 'A', 'Conveyance', '2023', 774),
	(1088, 1, '2023-07-17 10:20:18.358564', 'c9c5de82-7567-4023-afdb-7555aa120b96', 0, 95, b'0', 'July', 'A', 'SpecialAllowance', '2023', 0),
	(1089, 1, '2023-07-17 10:20:18.386565', 'c9c5de82-7567-4023-afdb-7555aa120b96', 20000, 95, b'0', 'July', 'A', 'Basic', '2023', 7742),
	(1090, 1, '2023-07-17 10:20:18.413564', 'c9c5de82-7567-4023-afdb-7555aa120b96', 700, 95, b'0', 'July', 'A', 'CCA', '2023', 271),
	(1091, 1, '2023-07-17 10:20:18.440527', 'c9c5de82-7567-4023-afdb-7555aa120b96', 400, 95, b'1', 'July', 'A', 'GHIN', '2023', NULL),
	(1092, 1, '2023-07-17 10:20:18.470538', 'c9c5de82-7567-4023-afdb-7555aa120b96', 200, 95, b'1', 'July', 'A', 'GLIN', '2023', NULL),
	(1093, 1, '2023-07-17 10:20:18.520557', 'c9c5de82-7567-4023-afdb-7555aa120b96', 952.3199999999999, 95, b'1', 'July', 'A', 'PF', '2023', NULL),
	(1094, 1, '2023-07-17 10:20:18.572542', 'c9c5de82-7567-4023-afdb-7555aa120b96', 15445, 95, b'1', 'July', 'A', 'Absent', '2023', NULL),
	(1095, 1, '2023-07-17 10:20:18.604540', 'c9c5de82-7567-4023-afdb-7555aa120b96', 200, 95, b'1', 'July', 'A', 'ProfessionalTax', '2023', NULL),
	(1096, 1, '2023-07-17 10:20:18.645105', 'c9c5de82-7567-4023-afdb-7555aa120b96', 0, 95, b'1', 'July', 'A', 'Income Tax', '2023', NULL),
	(1097, 1, '2023-07-17 11:11:02.415565', 'c9c5de82-7567-4023-afdb-7555aa120b96', 2000, 93, b'0', 'July', 'A', 'DA', '2023', 839),
	(1098, 1, '2023-07-17 11:11:02.443530', 'c9c5de82-7567-4023-afdb-7555aa120b96', 2000, 93, b'0', 'July', 'A', 'HRA', '2023', 839),
	(1099, 1, '2023-07-17 11:11:02.467531', 'c9c5de82-7567-4023-afdb-7555aa120b96', 0, 93, b'0', 'July', 'A', 'Medical', '2023', 0),
	(1100, 1, '2023-07-17 11:11:02.493567', 'c9c5de82-7567-4023-afdb-7555aa120b96', 2000, 93, b'0', 'July', 'A', 'Conveyance', '2023', 839),
	(1101, 1, '2023-07-17 11:11:02.522539', 'c9c5de82-7567-4023-afdb-7555aa120b96', 0, 93, b'0', 'July', 'A', 'SpecialAllowance', '2023', 0),
	(1102, 1, '2023-07-17 11:11:02.553582', 'c9c5de82-7567-4023-afdb-7555aa120b96', 40000, 93, b'0', 'July', 'A', 'Basic', '2023', 16774),
	(1103, 1, '2023-07-17 11:11:02.577546', 'c9c5de82-7567-4023-afdb-7555aa120b96', 2000, 93, b'0', 'July', 'A', 'CCA', '2023', 839),
	(1104, 1, '2023-07-17 11:11:02.597542', 'c9c5de82-7567-4023-afdb-7555aa120b96', 235, 93, b'1', 'July', 'A', 'GHIN', '2023', NULL),
	(1105, 1, '2023-07-17 11:11:02.631548', 'c9c5de82-7567-4023-afdb-7555aa120b96', 300, 93, b'1', 'July', 'A', 'GLIN', '2023', NULL),
	(1106, 1, '2023-07-17 11:11:02.678604', 'c9c5de82-7567-4023-afdb-7555aa120b96', 2113.56, 93, b'1', 'July', 'A', 'PF', '2023', NULL),
	(1107, 1, '2023-07-17 11:11:02.784527', 'c9c5de82-7567-4023-afdb-7555aa120b96', 27870, 93, b'1', 'July', 'A', 'Absent', '2023', NULL),
	(1108, 1, '2023-07-17 11:11:02.824533', 'c9c5de82-7567-4023-afdb-7555aa120b96', 200, 93, b'1', 'July', 'A', 'ProfessionalTax', '2023', NULL),
	(1109, 1, '2023-07-17 11:11:02.851546', 'c9c5de82-7567-4023-afdb-7555aa120b96', 1426, 93, b'1', 'July', 'A', 'Income Tax', '2023', NULL),
	(1110, 1, '2023-07-18 10:55:44.616763', 'c9c5de82-7567-4023-afdb-7555aa120b96', 500, 95, b'0', 'July', 'A', 'DA', '2023', 210),
	(1111, 1, '2023-07-18 10:55:44.653880', 'c9c5de82-7567-4023-afdb-7555aa120b96', 2000, 95, b'0', 'July', 'A', 'HRA', '2023', 839),
	(1112, 1, '2023-07-18 10:55:44.683945', 'c9c5de82-7567-4023-afdb-7555aa120b96', 0, 95, b'0', 'July', 'A', 'Medical', '2023', 0),
	(1113, 1, '2023-07-18 10:55:44.704925', 'c9c5de82-7567-4023-afdb-7555aa120b96', 2000, 95, b'0', 'July', 'A', 'Conveyance', '2023', 839),
	(1114, 1, '2023-07-18 10:55:44.727953', 'c9c5de82-7567-4023-afdb-7555aa120b96', 0, 95, b'0', 'July', 'A', 'SpecialAllowance', '2023', 0),
	(1115, 1, '2023-07-18 10:55:44.744928', 'c9c5de82-7567-4023-afdb-7555aa120b96', 20000, 95, b'0', 'July', 'A', 'Basic', '2023', 8387),
	(1116, 1, '2023-07-18 10:55:44.762514', 'c9c5de82-7567-4023-afdb-7555aa120b96', 700, 95, b'0', 'July', 'A', 'CCA', '2023', 294),
	(1117, 1, '2023-07-18 10:55:44.786111', 'c9c5de82-7567-4023-afdb-7555aa120b96', 400, 95, b'1', 'July', 'A', 'GHIN', '2023', NULL),
	(1118, 1, '2023-07-18 10:55:44.802105', 'c9c5de82-7567-4023-afdb-7555aa120b96', 200, 95, b'1', 'July', 'A', 'GLIN', '2023', NULL),
	(1119, 1, '2023-07-18 10:55:44.845093', 'c9c5de82-7567-4023-afdb-7555aa120b96', 1031.6399999999999, 95, b'1', 'July', 'A', 'PF', '2023', NULL),
	(1120, 1, '2023-07-18 10:55:44.910259', 'c9c5de82-7567-4023-afdb-7555aa120b96', 14631, 95, b'1', 'July', 'A', 'Absent', '2023', NULL),
	(1121, 1, '2023-07-18 10:55:44.938239', 'c9c5de82-7567-4023-afdb-7555aa120b96', 200, 95, b'1', 'July', 'A', 'ProfessionalTax', '2023', NULL),
	(1122, 1, '2023-07-18 10:55:44.956830', 'c9c5de82-7567-4023-afdb-7555aa120b96', 0, 95, b'1', 'July', 'A', 'Income Tax', '2023', NULL),
	(1123, 1, '2023-07-18 11:46:19.891996', 'c9c5de82-7567-4023-afdb-7555aa120b96', 1000, 97, b'0', 'July', 'A', 'DA', '2023', 387),
	(1124, 1, '2023-07-18 11:46:19.923051', 'c9c5de82-7567-4023-afdb-7555aa120b96', 2000, 97, b'0', 'July', 'A', 'HRA', '2023', 774),
	(1125, 1, '2023-07-18 11:46:19.953044', 'c9c5de82-7567-4023-afdb-7555aa120b96', 0, 97, b'0', 'July', 'A', 'Medical', '2023', 0),
	(1126, 1, '2023-07-18 11:46:19.988019', 'c9c5de82-7567-4023-afdb-7555aa120b96', 2000, 97, b'0', 'July', 'A', 'Conveyance', '2023', 774),
	(1127, 1, '2023-07-18 11:46:20.016158', 'c9c5de82-7567-4023-afdb-7555aa120b96', 0, 97, b'0', 'July', 'A', 'SpecialAllowance', '2023', 0),
	(1128, 1, '2023-07-18 11:46:20.045165', 'c9c5de82-7567-4023-afdb-7555aa120b96', 30000, 97, b'0', 'July', 'A', 'Basic', '2023', 11613),
	(1129, 1, '2023-07-18 11:46:20.069140', 'c9c5de82-7567-4023-afdb-7555aa120b96', 500, 97, b'0', 'July', 'A', 'CCA', '2023', 194),
	(1130, 1, '2023-07-18 11:46:20.088138', 'c9c5de82-7567-4023-afdb-7555aa120b96', 200, 97, b'1', 'July', 'A', 'GHIN', '2023', NULL),
	(1131, 1, '2023-07-18 11:46:20.106671', 'c9c5de82-7567-4023-afdb-7555aa120b96', 300, 97, b'1', 'July', 'A', 'GLIN', '2023', NULL),
	(1132, 1, '2023-07-18 11:46:20.142250', 'c9c5de82-7567-4023-afdb-7555aa120b96', 1440, 97, b'1', 'July', 'A', 'PF', '2023', NULL),
	(1133, 1, '2023-07-18 11:46:20.177222', 'c9c5de82-7567-4023-afdb-7555aa120b96', 21758, 97, b'1', 'July', 'A', 'Absent', '2023', NULL),
	(1134, 1, '2023-07-18 11:46:20.198812', 'c9c5de82-7567-4023-afdb-7555aa120b96', 0, 97, b'1', 'July', 'A', 'ProfessionalTax', '2023', NULL),
	(1135, 1, '2023-07-18 11:46:20.225469', 'c9c5de82-7567-4023-afdb-7555aa120b96', 0, 97, b'1', 'July', 'A', 'Income Tax', '2023', NULL),
	(1136, 1, '2023-07-19 05:08:06.848119', 'c9c5de82-7567-4023-afdb-7555aa120b96', 1000, 99, b'0', 'July', 'A', 'DA', '2023', 387),
	(1137, 1, '2023-07-19 05:08:06.881153', 'c9c5de82-7567-4023-afdb-7555aa120b96', 2000, 99, b'0', 'July', 'A', 'HRA', '2023', 774),
	(1138, 1, '2023-07-19 05:08:06.907791', 'c9c5de82-7567-4023-afdb-7555aa120b96', 0, 99, b'0', 'July', 'A', 'Medical', '2023', 0),
	(1139, 1, '2023-07-19 05:08:06.927353', 'c9c5de82-7567-4023-afdb-7555aa120b96', 2000, 99, b'0', 'July', 'A', 'Conveyance', '2023', 774),
	(1140, 1, '2023-07-19 05:08:06.949396', 'c9c5de82-7567-4023-afdb-7555aa120b96', 0, 99, b'0', 'July', 'A', 'SpecialAllowance', '2023', 0),
	(1141, 1, '2023-07-19 05:08:06.980380', 'c9c5de82-7567-4023-afdb-7555aa120b96', 40000, 99, b'0', 'July', 'A', 'Basic', '2023', 15484),
	(1142, 1, '2023-07-19 05:08:07.003943', 'c9c5de82-7567-4023-afdb-7555aa120b96', 1000, 99, b'0', 'July', 'A', 'CCA', '2023', 387),
	(1143, 1, '2023-07-19 05:08:07.024497', 'c9c5de82-7567-4023-afdb-7555aa120b96', 400, 99, b'1', 'July', 'A', 'GHIN', '2023', NULL),
	(1144, 1, '2023-07-19 05:08:07.046529', 'c9c5de82-7567-4023-afdb-7555aa120b96', 200, 99, b'1', 'July', 'A', 'GLIN', '2023', NULL),
	(1145, 1, '2023-07-19 05:08:07.085522', 'c9c5de82-7567-4023-afdb-7555aa120b96', 1904.52, 99, b'1', 'July', 'A', 'PF', '2023', NULL),
	(1146, 1, '2023-07-19 05:08:07.175659', 'c9c5de82-7567-4023-afdb-7555aa120b96', 28194, 99, b'1', 'July', 'A', 'Absent', '2023', NULL),
	(1147, 1, '2023-07-19 05:08:07.195210', 'c9c5de82-7567-4023-afdb-7555aa120b96', 200, 99, b'1', 'July', 'A', 'ProfessionalTax', '2023', NULL),
	(1148, 1, '2023-07-19 05:08:07.218850', 'c9c5de82-7567-4023-afdb-7555aa120b96', 1321, 99, b'1', 'July', 'A', 'Income Tax', '2023', NULL),
	(1149, 1, '2023-07-19 05:29:08.818367', 'anonymousUser', 0, 90, b'0', 'July', 'A', 'DA', '2023', 0),
	(1150, 1, '2023-07-19 05:29:08.849973', 'anonymousUser', 0, 90, b'0', 'July', 'A', 'HRA', '2023', 0),
	(1151, 1, '2023-07-19 05:29:08.873515', 'anonymousUser', 0, 90, b'0', 'July', 'A', 'Medical', '2023', 0),
	(1152, 1, '2023-07-19 05:29:08.893513', 'anonymousUser', 0, 90, b'0', 'July', 'A', 'Conveyance', '2023', 0),
	(1153, 1, '2023-07-19 05:29:08.921575', 'anonymousUser', 0, 90, b'0', 'July', 'A', 'SpecialAllowance', '2023', 0),
	(1154, 1, '2023-07-19 05:29:08.952572', 'anonymousUser', 10000, 90, b'0', 'July', 'A', 'Basic', '2023', 4194),
	(1155, 1, '2023-07-19 05:29:08.982664', 'anonymousUser', 0, 90, b'0', 'July', 'A', 'CCA', '2023', 0),
	(1156, 1, '2023-07-19 05:29:09.009677', 'anonymousUser', 0, 90, b'1', 'July', 'A', 'GHIN', '2023', NULL),
	(1157, 1, '2023-07-19 05:29:09.044227', 'anonymousUser', 0, 90, b'1', 'July', 'A', 'GLIN', '2023', NULL),
	(1158, 1, '2023-07-19 05:29:09.081820', 'anonymousUser', 503.28, 90, b'1', 'July', 'A', 'PF', '2023', NULL),
	(1159, 1, '2023-07-19 05:29:09.125808', 'anonymousUser', 5806, 90, b'1', 'July', 'A', 'Absent', '2023', NULL),
	(1160, 1, '2023-07-19 05:29:09.159965', 'anonymousUser', 0, 90, b'1', 'July', 'A', 'ProfessionalTax', '2023', NULL),
	(1161, 1, '2023-07-19 05:29:09.183968', 'anonymousUser', 0, 90, b'1', 'July', 'A', 'Income Tax', '2023', NULL),
	(1162, 1, '2023-07-19 08:51:02.624049', 'c9c5de82-7567-4023-afdb-7555aa120b96', 2000, 105, b'0', 'July', 'A', 'DA', '2023', 774),
	(1163, 1, '2023-07-19 08:51:02.658022', 'c9c5de82-7567-4023-afdb-7555aa120b96', 2000, 105, b'0', 'July', 'A', 'HRA', '2023', 774),
	(1164, 1, '2023-07-19 08:51:02.688767', 'c9c5de82-7567-4023-afdb-7555aa120b96', 0, 105, b'0', 'July', 'A', 'Medical', '2023', 0),
	(1165, 1, '2023-07-19 08:51:02.712764', 'c9c5de82-7567-4023-afdb-7555aa120b96', 1000, 105, b'0', 'July', 'A', 'Conveyance', '2023', 387),
	(1166, 1, '2023-07-19 08:51:02.743826', 'c9c5de82-7567-4023-afdb-7555aa120b96', 0, 105, b'0', 'July', 'A', 'SpecialAllowance', '2023', 0),
	(1167, 1, '2023-07-19 08:51:02.784772', 'c9c5de82-7567-4023-afdb-7555aa120b96', 31000, 105, b'0', 'July', 'A', 'Basic', '2023', 12000),
	(1168, 1, '2023-07-19 08:51:02.815761', 'c9c5de82-7567-4023-afdb-7555aa120b96', 700, 105, b'0', 'July', 'A', 'CCA', '2023', 271),
	(1169, 1, '2023-07-19 08:51:02.840354', 'c9c5de82-7567-4023-afdb-7555aa120b96', 200, 105, b'1', 'July', 'A', 'GHIN', '2023', NULL),
	(1170, 1, '2023-07-19 08:51:02.862318', 'c9c5de82-7567-4023-afdb-7555aa120b96', 200, 105, b'1', 'July', 'A', 'GLIN', '2023', NULL),
	(1171, 1, '2023-07-19 08:51:02.913377', 'c9c5de82-7567-4023-afdb-7555aa120b96', 1532.8799999999999, 105, b'1', 'July', 'A', 'PF', '2023', NULL),
	(1172, 1, '2023-07-19 08:51:02.983419', 'c9c5de82-7567-4023-afdb-7555aa120b96', 22494, 105, b'1', 'July', 'A', 'Absent', '2023', NULL),
	(1173, 1, '2023-07-19 08:51:03.008968', 'c9c5de82-7567-4023-afdb-7555aa120b96', 0, 105, b'1', 'July', 'A', 'ProfessionalTax', '2023', NULL),
	(1174, 1, '2023-07-19 08:51:03.038563', 'c9c5de82-7567-4023-afdb-7555aa120b96', 0, 105, b'1', 'July', 'A', 'Income Tax', '2023', NULL),
	(1175, 1, '2023-07-19 09:08:45.282926', 'c9c5de82-7567-4023-afdb-7555aa120b96', 2000, 106, b'0', 'July', 'A', 'DA', '2023', 774),
	(1176, 1, '2023-07-19 09:08:45.313491', 'c9c5de82-7567-4023-afdb-7555aa120b96', 1100, 106, b'0', 'July', 'A', 'HRA', '2023', 426),
	(1177, 1, '2023-07-19 09:08:45.342495', 'c9c5de82-7567-4023-afdb-7555aa120b96', 0, 106, b'0', 'July', 'A', 'Medical', '2023', 0),
	(1178, 1, '2023-07-19 09:08:45.372498', 'c9c5de82-7567-4023-afdb-7555aa120b96', 2000, 106, b'0', 'July', 'A', 'Conveyance', '2023', 774),
	(1179, 1, '2023-07-19 09:08:45.401565', 'c9c5de82-7567-4023-afdb-7555aa120b96', 0, 106, b'0', 'July', 'A', 'SpecialAllowance', '2023', 0),
	(1180, 1, '2023-07-19 09:08:45.429566', 'c9c5de82-7567-4023-afdb-7555aa120b96', 39000, 106, b'0', 'July', 'A', 'Basic', '2023', 15097),
	(1181, 1, '2023-07-19 09:08:45.456567', 'c9c5de82-7567-4023-afdb-7555aa120b96', 2000, 106, b'0', 'July', 'A', 'CCA', '2023', 774),
	(1182, 1, '2023-07-19 09:08:45.478596', 'c9c5de82-7567-4023-afdb-7555aa120b96', 200, 106, b'1', 'July', 'A', 'GHIN', '2023', NULL),
	(1183, 1, '2023-07-19 09:08:45.501644', 'c9c5de82-7567-4023-afdb-7555aa120b96', 200, 106, b'1', 'July', 'A', 'GLIN', '2023', NULL),
	(1184, 1, '2023-07-19 09:08:45.547666', 'c9c5de82-7567-4023-afdb-7555aa120b96', 1904.52, 106, b'1', 'July', 'A', 'PF', '2023', NULL),
	(1185, 1, '2023-07-19 09:08:45.654869', 'c9c5de82-7567-4023-afdb-7555aa120b96', 28255, 106, b'1', 'July', 'A', 'Absent', '2023', NULL),
	(1186, 1, '2023-07-19 09:08:45.700987', 'c9c5de82-7567-4023-afdb-7555aa120b96', 0, 106, b'1', 'July', 'A', 'ProfessionalTax', '2023', NULL),
	(1187, 1, '2023-07-19 09:08:45.727973', 'c9c5de82-7567-4023-afdb-7555aa120b96', 1327, 106, b'1', 'July', 'A', 'Income Tax', '2023', NULL),
	(1188, 1, '2023-07-19 09:08:46.553256', 'c9c5de82-7567-4023-afdb-7555aa120b96', 2000, 106, b'0', 'July', 'A', 'DA', '2023', 774),
	(1189, 1, '2023-07-19 09:08:46.582855', 'c9c5de82-7567-4023-afdb-7555aa120b96', 1100, 106, b'0', 'July', 'A', 'HRA', '2023', 426),
	(1190, 1, '2023-07-19 09:08:46.619460', 'c9c5de82-7567-4023-afdb-7555aa120b96', 0, 106, b'0', 'July', 'A', 'Medical', '2023', 0),
	(1191, 1, '2023-07-19 09:08:46.654464', 'c9c5de82-7567-4023-afdb-7555aa120b96', 2000, 106, b'0', 'July', 'A', 'Conveyance', '2023', 774),
	(1192, 1, '2023-07-19 09:08:46.693714', 'c9c5de82-7567-4023-afdb-7555aa120b96', 0, 106, b'0', 'July', 'A', 'SpecialAllowance', '2023', 0),
	(1193, 1, '2023-07-19 09:08:46.728791', 'c9c5de82-7567-4023-afdb-7555aa120b96', 39000, 106, b'0', 'July', 'A', 'Basic', '2023', 15097),
	(1194, 1, '2023-07-19 09:08:46.760719', 'c9c5de82-7567-4023-afdb-7555aa120b96', 2000, 106, b'0', 'July', 'A', 'CCA', '2023', 774),
	(1195, 1, '2023-07-19 09:08:46.788814', 'c9c5de82-7567-4023-afdb-7555aa120b96', 200, 106, b'1', 'July', 'A', 'GHIN', '2023', NULL),
	(1196, 1, '2023-07-19 09:08:46.815865', 'c9c5de82-7567-4023-afdb-7555aa120b96', 200, 106, b'1', 'July', 'A', 'GLIN', '2023', NULL),
	(1197, 1, '2023-07-19 09:08:46.845879', 'c9c5de82-7567-4023-afdb-7555aa120b96', 1904.52, 106, b'1', 'July', 'A', 'PF', '2023', NULL),
	(1198, 1, '2023-07-19 09:08:46.875889', 'c9c5de82-7567-4023-afdb-7555aa120b96', 28255, 106, b'1', 'July', 'A', 'Absent', '2023', NULL),
	(1199, 1, '2023-07-19 09:08:46.901967', 'c9c5de82-7567-4023-afdb-7555aa120b96', 0, 106, b'1', 'July', 'A', 'ProfessionalTax', '2023', NULL),
	(1200, 1, '2023-07-19 09:08:46.923985', 'c9c5de82-7567-4023-afdb-7555aa120b96', 1327, 106, b'1', 'July', 'A', 'Income Tax', '2023', NULL),
	(1201, 1, '2023-07-19 09:10:26.750341', 'c9c5de82-7567-4023-afdb-7555aa120b96', 0, 104, b'0', 'July', 'A', 'DA', '2023', 0),
	(1202, 1, '2023-07-19 09:10:26.795315', 'c9c5de82-7567-4023-afdb-7555aa120b96', 0, 104, b'0', 'July', 'A', 'HRA', '2023', 0),
	(1203, 1, '2023-07-19 09:10:26.822941', 'c9c5de82-7567-4023-afdb-7555aa120b96', 0, 104, b'0', 'July', 'A', 'Medical', '2023', 0),
	(1204, 1, '2023-07-19 09:10:26.846532', 'c9c5de82-7567-4023-afdb-7555aa120b96', 0, 104, b'0', 'July', 'A', 'Conveyance', '2023', 0),
	(1205, 1, '2023-07-19 09:10:26.868500', 'c9c5de82-7567-4023-afdb-7555aa120b96', 0, 104, b'0', 'July', 'A', 'SpecialAllowance', '2023', 0),
	(1206, 1, '2023-07-19 09:10:26.892521', 'c9c5de82-7567-4023-afdb-7555aa120b96', 0, 104, b'0', 'July', 'A', 'Basic', '2023', 0),
	(1207, 1, '2023-07-19 09:10:26.926075', 'c9c5de82-7567-4023-afdb-7555aa120b96', 0, 104, b'0', 'July', 'A', 'CCA', '2023', 0),
	(1208, 1, '2023-07-19 09:10:26.956650', 'c9c5de82-7567-4023-afdb-7555aa120b96', 0, 104, b'1', 'July', 'A', 'GHIN', '2023', NULL),
	(1209, 1, '2023-07-19 09:10:26.986691', 'c9c5de82-7567-4023-afdb-7555aa120b96', 0, 104, b'1', 'July', 'A', 'GLIN', '2023', NULL),
	(1210, 1, '2023-07-19 09:10:27.020758', 'c9c5de82-7567-4023-afdb-7555aa120b96', 0, 104, b'1', 'July', 'A', 'PF', '2023', NULL),
	(1211, 1, '2023-07-19 09:10:27.048802', 'c9c5de82-7567-4023-afdb-7555aa120b96', 0, 104, b'1', 'July', 'A', 'ESIC', '2023', NULL),
	(1212, 1, '2023-07-19 09:10:27.071835', 'c9c5de82-7567-4023-afdb-7555aa120b96', 0, 104, b'1', 'July', 'A', 'Absent', '2023', NULL),
	(1213, 1, '2023-07-19 09:10:27.098804', 'c9c5de82-7567-4023-afdb-7555aa120b96', 0, 104, b'1', 'July', 'A', 'Income Tax', '2023', NULL),
	(1214, 1, '2023-07-19 09:18:16.170283', 'c9c5de82-7567-4023-afdb-7555aa120b96', 2000, 107, b'0', 'July', 'A', 'DA', '2023', 774),
	(1215, 1, '2023-07-19 09:18:16.201508', 'c9c5de82-7567-4023-afdb-7555aa120b96', 1000, 107, b'0', 'July', 'A', 'HRA', '2023', 387),
	(1216, 1, '2023-07-19 09:18:16.240510', 'c9c5de82-7567-4023-afdb-7555aa120b96', 0, 107, b'0', 'July', 'A', 'Medical', '2023', 0),
	(1217, 1, '2023-07-19 09:18:16.264504', 'c9c5de82-7567-4023-afdb-7555aa120b96', 1000, 107, b'0', 'July', 'A', 'Conveyance', '2023', 387),
	(1218, 1, '2023-07-19 09:18:16.294630', 'c9c5de82-7567-4023-afdb-7555aa120b96', 0, 107, b'0', 'July', 'A', 'SpecialAllowance', '2023', 0),
	(1219, 1, '2023-07-19 09:18:16.315625', 'c9c5de82-7567-4023-afdb-7555aa120b96', 10000, 107, b'0', 'July', 'A', 'Basic', '2023', 3871),
	(1220, 1, '2023-07-19 09:18:16.343624', 'c9c5de82-7567-4023-afdb-7555aa120b96', 400, 107, b'0', 'July', 'A', 'CCA', '2023', 155),
	(1221, 1, '2023-07-19 09:18:16.365641', 'c9c5de82-7567-4023-afdb-7555aa120b96', 200, 107, b'1', 'July', 'A', 'GHIN', '2023', NULL),
	(1222, 1, '2023-07-19 09:18:16.391201', 'c9c5de82-7567-4023-afdb-7555aa120b96', 200, 107, b'1', 'July', 'A', 'GLIN', '2023', NULL),
	(1223, 1, '2023-07-19 09:18:16.438762', 'c9c5de82-7567-4023-afdb-7555aa120b96', 576, 107, b'1', 'July', 'A', 'ESIC', '2023', NULL),
	(1224, 1, '2023-07-19 09:18:16.481795', 'c9c5de82-7567-4023-afdb-7555aa120b96', 557.4, 107, b'1', 'July', 'A', 'PF', '2023', NULL),
	(1225, 1, '2023-07-19 09:18:16.514843', 'c9c5de82-7567-4023-afdb-7555aa120b96', 8826, 107, b'1', 'July', 'A', 'Absent', '2023', NULL),
	(1226, 1, '2023-07-19 09:18:16.540848', 'c9c5de82-7567-4023-afdb-7555aa120b96', 0, 107, b'1', 'July', 'A', 'ProfessionalTax', '2023', NULL),
	(1227, 1, '2023-07-19 09:18:16.559936', 'c9c5de82-7567-4023-afdb-7555aa120b96', 0, 107, b'1', 'July', 'A', 'Income Tax', '2023', NULL),
	(1228, 1, '2023-07-20 11:43:31.550700', 'c9c5de82-7567-4023-afdb-7555aa120b96', 2000, 110, b'0', 'July', 'A', 'DA', '2023', 774),
	(1229, 1, '2023-07-20 11:43:31.578701', 'c9c5de82-7567-4023-afdb-7555aa120b96', 2000, 110, b'0', 'July', 'A', 'HRA', '2023', 774),
	(1230, 1, '2023-07-20 11:43:31.596689', 'c9c5de82-7567-4023-afdb-7555aa120b96', 0, 110, b'0', 'July', 'A', 'Medical', '2023', 0),
	(1231, 1, '2023-07-20 11:43:31.614690', 'c9c5de82-7567-4023-afdb-7555aa120b96', 1000, 110, b'0', 'July', 'A', 'Conveyance', '2023', 387),
	(1232, 1, '2023-07-20 11:43:31.636810', 'c9c5de82-7567-4023-afdb-7555aa120b96', 0, 110, b'0', 'July', 'A', 'SpecialAllowance', '2023', 0),
	(1233, 1, '2023-07-20 11:43:31.659891', 'c9c5de82-7567-4023-afdb-7555aa120b96', 10000, 110, b'0', 'July', 'A', 'Basic', '2023', 3871),
	(1234, 1, '2023-07-20 11:43:31.686895', 'c9c5de82-7567-4023-afdb-7555aa120b96', 700, 110, b'0', 'July', 'A', 'CCA', '2023', 271),
	(1235, 1, '2023-07-20 11:43:31.721521', 'c9c5de82-7567-4023-afdb-7555aa120b96', 200, 110, b'1', 'July', 'A', 'GHIN', '2023', NULL),
	(1236, 1, '2023-07-20 11:43:31.756119', 'c9c5de82-7567-4023-afdb-7555aa120b96', 200, 110, b'1', 'July', 'A', 'GLIN', '2023', NULL),
	(1237, 1, '2023-07-20 11:43:31.823703', 'c9c5de82-7567-4023-afdb-7555aa120b96', 628, 110, b'1', 'July', 'A', 'ESIC', '2023', NULL),
	(1238, 1, '2023-07-20 11:43:31.869270', 'c9c5de82-7567-4023-afdb-7555aa120b96', 557.4, 110, b'1', 'July', 'A', 'PF', '2023', NULL),
	(1239, 1, '2023-07-20 11:43:31.982422', 'c9c5de82-7567-4023-afdb-7555aa120b96', 9623, 110, b'1', 'July', 'A', 'Absent', '2023', NULL),
	(1240, 1, '2023-07-20 11:43:32.008458', 'c9c5de82-7567-4023-afdb-7555aa120b96', 0, 110, b'1', 'July', 'A', 'ProfessionalTax', '2023', NULL),
	(1241, 1, '2023-07-20 11:43:32.027470', 'c9c5de82-7567-4023-afdb-7555aa120b96', 0, 110, b'1', 'July', 'A', 'Income Tax', '2023', NULL),
	(1242, 1, '2023-07-24 12:07:30.631189', 'c9c5de82-7567-4023-afdb-7555aa120b96', 5000, 112, b'0', 'July', 'A', 'DA', '2023', 2097),
	(1243, 1, '2023-07-24 12:07:30.663293', 'c9c5de82-7567-4023-afdb-7555aa120b96', 3000, 112, b'0', 'July', 'A', 'HRA', '2023', 1258),
	(1244, 1, '2023-07-24 12:07:30.689258', 'c9c5de82-7567-4023-afdb-7555aa120b96', 800, 112, b'0', 'July', 'A', 'Medical', '2023', 335),
	(1245, 1, '2023-07-24 12:07:30.714277', 'c9c5de82-7567-4023-afdb-7555aa120b96', 0, 112, b'0', 'July', 'A', 'Conveyance', '2023', 0),
	(1246, 1, '2023-07-24 12:07:30.738316', 'c9c5de82-7567-4023-afdb-7555aa120b96', 0, 112, b'0', 'July', 'A', 'SpecialAllowance', '2023', 0),
	(1247, 1, '2023-07-24 12:07:30.761495', 'c9c5de82-7567-4023-afdb-7555aa120b96', 9000, 112, b'0', 'July', 'A', 'Basic', '2023', 3774),
	(1248, 1, '2023-07-24 12:07:30.784499', 'c9c5de82-7567-4023-afdb-7555aa120b96', 2000, 112, b'0', 'July', 'A', 'CCA', '2023', 839),
	(1249, 1, '2023-07-24 12:07:30.808492', 'c9c5de82-7567-4023-afdb-7555aa120b96', 800, 112, b'1', 'July', 'A', 'GHIN', '2023', NULL),
	(1250, 1, '2023-07-24 12:07:30.839571', 'c9c5de82-7567-4023-afdb-7555aa120b96', 2000, 112, b'1', 'July', 'A', 'GLIN', '2023', NULL),
	(1251, 1, '2023-07-24 12:07:30.887637', 'c9c5de82-7567-4023-afdb-7555aa120b96', 704.52, 112, b'1', 'July', 'A', 'PF', '2023', NULL),
	(1252, 1, '2023-07-24 12:07:30.922655', 'c9c5de82-7567-4023-afdb-7555aa120b96', 11497, 112, b'1', 'July', 'A', 'Absent', '2023', NULL),
	(1253, 1, '2023-07-24 12:07:30.951705', 'c9c5de82-7567-4023-afdb-7555aa120b96', 200, 112, b'1', 'July', 'A', 'ProfessionalTax', '2023', NULL),
	(1254, 1, '2023-07-24 12:07:30.985789', 'c9c5de82-7567-4023-afdb-7555aa120b96', 0, 112, b'1', 'July', 'A', 'Income Tax', '2023', NULL),
	(1255, 1, '2023-07-24 12:11:54.822165', 'c9c5de82-7567-4023-afdb-7555aa120b96', 10000, 108, b'0', 'July', 'A', 'DA', '2023', 4194),
	(1256, 1, '2023-07-24 12:11:54.846175', 'c9c5de82-7567-4023-afdb-7555aa120b96', 2000, 108, b'0', 'July', 'A', 'HRA', '2023', 839),
	(1257, 1, '2023-07-24 12:11:54.866151', 'c9c5de82-7567-4023-afdb-7555aa120b96', 0, 108, b'0', 'July', 'A', 'Medical', '2023', 0),
	(1258, 1, '2023-07-24 12:11:54.892324', 'c9c5de82-7567-4023-afdb-7555aa120b96', 1000, 108, b'0', 'July', 'A', 'Conveyance', '2023', 419),
	(1259, 1, '2023-07-24 12:11:54.920310', 'c9c5de82-7567-4023-afdb-7555aa120b96', 0, 108, b'0', 'July', 'A', 'SpecialAllowance', '2023', 0),
	(1260, 1, '2023-07-24 12:11:54.943336', 'c9c5de82-7567-4023-afdb-7555aa120b96', 10000, 108, b'0', 'July', 'A', 'Basic', '2023', 4194),
	(1261, 1, '2023-07-24 12:11:54.969320', 'c9c5de82-7567-4023-afdb-7555aa120b96', 700, 108, b'0', 'July', 'A', 'CCA', '2023', 294),
	(1262, 1, '2023-07-24 12:11:54.997463', 'c9c5de82-7567-4023-afdb-7555aa120b96', 300, 108, b'1', 'July', 'A', 'GHIN', '2023', NULL),
	(1263, 1, '2023-07-24 12:11:55.029449', 'c9c5de82-7567-4023-afdb-7555aa120b96', 200, 108, b'1', 'July', 'A', 'GLIN', '2023', NULL),
	(1264, 1, '2023-07-24 12:11:55.064466', 'c9c5de82-7567-4023-afdb-7555aa120b96', 1006.56, 108, b'1', 'July', 'A', 'PF', '2023', NULL),
	(1265, 1, '2023-07-24 12:11:55.099550', 'c9c5de82-7567-4023-afdb-7555aa120b96', 13760, 108, b'1', 'July', 'A', 'Absent', '2023', NULL),
	(1266, 1, '2023-07-24 12:11:55.137540', 'c9c5de82-7567-4023-afdb-7555aa120b96', 0, 108, b'1', 'July', 'A', 'ProfessionalTax', '2023', NULL),
	(1267, 1, '2023-07-24 12:11:55.168567', 'c9c5de82-7567-4023-afdb-7555aa120b96', 0, 108, b'1', 'July', 'A', 'Income Tax', '2023', NULL),
	(1268, 1, '2023-07-24 12:12:20.730774', 'c9c5de82-7567-4023-afdb-7555aa120b96', 4000, 109, b'0', 'July', 'A', 'DA', '2023', 1677),
	(1269, 1, '2023-07-24 12:12:20.759409', 'c9c5de82-7567-4023-afdb-7555aa120b96', 4000, 109, b'0', 'July', 'A', 'HRA', '2023', 1677),
	(1270, 1, '2023-07-24 12:12:20.786376', 'c9c5de82-7567-4023-afdb-7555aa120b96', 0, 109, b'0', 'July', 'A', 'Medical', '2023', 0),
	(1271, 1, '2023-07-24 12:12:20.809385', 'c9c5de82-7567-4023-afdb-7555aa120b96', 1800, 109, b'0', 'July', 'A', 'Conveyance', '2023', 755),
	(1272, 1, '2023-07-24 12:12:20.829002', 'c9c5de82-7567-4023-afdb-7555aa120b96', 0, 109, b'0', 'July', 'A', 'SpecialAllowance', '2023', 0),
	(1273, 1, '2023-07-24 12:12:20.846587', 'c9c5de82-7567-4023-afdb-7555aa120b96', 5000, 109, b'0', 'July', 'A', 'Basic', '2023', 2097),
	(1274, 1, '2023-07-24 12:12:20.865532', 'c9c5de82-7567-4023-afdb-7555aa120b96', 1650, 109, b'0', 'July', 'A', 'CCA', '2023', 692),
	(1275, 1, '2023-07-24 12:12:20.886550', 'c9c5de82-7567-4023-afdb-7555aa120b96', 200, 109, b'1', 'July', 'A', 'GHIN', '2023', NULL),
	(1276, 1, '2023-07-24 12:12:20.907539', 'c9c5de82-7567-4023-afdb-7555aa120b96', 200, 109, b'1', 'July', 'A', 'GLIN', '2023', NULL),
	(1277, 1, '2023-07-24 12:12:20.941803', 'c9c5de82-7567-4023-afdb-7555aa120b96', 658, 109, b'1', 'July', 'A', 'ESIC', '2023', NULL),
	(1278, 1, '2023-07-24 12:12:20.973792', 'c9c5de82-7567-4023-afdb-7555aa120b96', 452.88, 109, b'1', 'July', 'A', 'PF', '2023', NULL),
	(1279, 1, '2023-07-24 12:12:21.008796', 'c9c5de82-7567-4023-afdb-7555aa120b96', 9552, 109, b'1', 'July', 'A', 'Absent', '2023', NULL),
	(1280, 1, '2023-07-24 12:12:21.033873', 'c9c5de82-7567-4023-afdb-7555aa120b96', 0, 109, b'1', 'July', 'A', 'ProfessionalTax', '2023', NULL),
	(1281, 1, '2023-07-24 12:12:21.056961', 'c9c5de82-7567-4023-afdb-7555aa120b96', 0, 109, b'1', 'July', 'A', 'Income Tax', '2023', NULL),
	(1282, 1, '2023-07-25 08:57:20.892599', 'c9c5de82-7567-4023-afdb-7555aa120b96', 2000, 113, b'0', 'July', 'A', 'DA', '2023', 774),
	(1283, 1, '2023-07-25 08:57:20.919641', 'c9c5de82-7567-4023-afdb-7555aa120b96', 2000, 113, b'0', 'July', 'A', 'HRA', '2023', 774),
	(1284, 1, '2023-07-25 08:57:20.942637', 'c9c5de82-7567-4023-afdb-7555aa120b96', 0, 113, b'0', 'July', 'A', 'Medical', '2023', 0),
	(1285, 1, '2023-07-25 08:57:20.962640', 'c9c5de82-7567-4023-afdb-7555aa120b96', 2000, 113, b'0', 'July', 'A', 'Conveyance', '2023', 774),
	(1286, 1, '2023-07-25 08:57:20.981646', 'c9c5de82-7567-4023-afdb-7555aa120b96', 0, 113, b'0', 'July', 'A', 'SpecialAllowance', '2023', 0),
	(1287, 1, '2023-07-25 08:57:21.004703', 'c9c5de82-7567-4023-afdb-7555aa120b96', 15000, 113, b'0', 'July', 'A', 'Basic', '2023', 5806),
	(1288, 1, '2023-07-25 08:57:21.031789', 'c9c5de82-7567-4023-afdb-7555aa120b96', 0, 113, b'0', 'July', 'A', 'CCA', '2023', 0),
	(1289, 1, '2023-07-25 08:57:21.052804', 'c9c5de82-7567-4023-afdb-7555aa120b96', 300, 113, b'1', 'July', 'A', 'GHIN', '2023', NULL),
	(1290, 1, '2023-07-25 08:57:21.079786', 'c9c5de82-7567-4023-afdb-7555aa120b96', 200, 113, b'1', 'July', 'A', 'GLIN', '2023', NULL),
	(1291, 1, '2023-07-25 08:57:21.116957', 'c9c5de82-7567-4023-afdb-7555aa120b96', 789.6, 113, b'1', 'July', 'A', 'PF', '2023', NULL),
	(1292, 1, '2023-07-25 08:57:21.154967', 'c9c5de82-7567-4023-afdb-7555aa120b96', 12872, 113, b'1', 'July', 'A', 'Absent', '2023', NULL),
	(1293, 1, '2023-07-25 08:57:21.182997', 'c9c5de82-7567-4023-afdb-7555aa120b96', 0, 113, b'1', 'July', 'A', 'ProfessionalTax', '2023', NULL),
	(1294, 1, '2023-07-25 08:57:21.209117', 'c9c5de82-7567-4023-afdb-7555aa120b96', 0, 113, b'1', 'July', 'A', 'Income Tax', '2023', NULL);
/*!40000 ALTER TABLE `salary` ENABLE KEYS */;

-- Dumping structure for table vghrms.salary_settings
CREATE TABLE IF NOT EXISTS `salary_settings` (
  `id` bigint(20) NOT NULL AUTO_INCREMENT,
  `company_id` bigint(20) DEFAULT NULL,
  `last_modified` datetime(6) DEFAULT NULL,
  `last_modified_by` varchar(255) DEFAULT NULL,
  `company_share` double DEFAULT NULL,
  `da` double DEFAULT NULL,
  `employee_share` double DEFAULT NULL,
  `hra` double DEFAULT NULL,
  `status` varchar(255) DEFAULT NULL,
  PRIMARY KEY (`id`)
) ENGINE=InnoDB DEFAULT CHARSET=latin1;

-- Dumping data for table vghrms.salary_settings: ~0 rows (approximately)
DELETE FROM `salary_settings`;
/*!40000 ALTER TABLE `salary_settings` DISABLE KEYS */;
/*!40000 ALTER TABLE `salary_settings` ENABLE KEYS */;

-- Dumping structure for table vghrms.state
CREATE TABLE IF NOT EXISTS `state` (
  `id` bigint(20) NOT NULL AUTO_INCREMENT,
  `last_modified` datetime(6) DEFAULT NULL,
  `last_modified_by` varchar(255) DEFAULT NULL,
  `lgd_code` bigint(20) DEFAULT NULL,
  `state_name` varchar(255) NOT NULL,
  `status` varchar(255) DEFAULT NULL,
  PRIMARY KEY (`id`)
) ENGINE=InnoDB AUTO_INCREMENT=2 DEFAULT CHARSET=latin1;

-- Dumping data for table vghrms.state: ~0 rows (approximately)
DELETE FROM `state`;
/*!40000 ALTER TABLE `state` DISABLE KEYS */;
INSERT INTO `state` (`id`, `last_modified`, `last_modified_by`, `lgd_code`, `state_name`, `status`) VALUES
	(1, '2023-02-09 01:33:23.000000', 'Admin', 86960, 'Maharashtra', 'A');
/*!40000 ALTER TABLE `state` ENABLE KEYS */;

-- Dumping structure for table vghrms.tax_exemp_section
CREATE TABLE IF NOT EXISTS `tax_exemp_section` (
  `id` bigint(20) NOT NULL AUTO_INCREMENT,
  `company_id` bigint(20) DEFAULT NULL,
  `last_modified` datetime(6) DEFAULT NULL,
  `last_modified_by` varchar(255) DEFAULT NULL,
  `maxlimit` double DEFAULT NULL,
  `status` varchar(255) DEFAULT NULL,
  `tax_exemp_section` varchar(255) DEFAULT NULL,
  `tax_exemp_section_id` bigint(20) DEFAULT NULL,
  PRIMARY KEY (`id`)
) ENGINE=InnoDB AUTO_INCREMENT=22 DEFAULT CHARSET=latin1;

-- Dumping data for table vghrms.tax_exemp_section: ~11 rows (approximately)
DELETE FROM `tax_exemp_section`;
/*!40000 ALTER TABLE `tax_exemp_section` DISABLE KEYS */;
INSERT INTO `tax_exemp_section` (`id`, `company_id`, `last_modified`, `last_modified_by`, `maxlimit`, `status`, `tax_exemp_section`, `tax_exemp_section_id`) VALUES
	(10, 1, '2023-07-12 11:45:38.204220', '538181f9-39f2-43c8-8596-b7309a7dea58', 150000, 'A', '80C', NULL),
	(11, 1, '2023-07-12 11:46:04.699269', '538181f9-39f2-43c8-8596-b7309a7dea58', 150000, 'A', '80CCC', NULL),
	(12, 1, '2023-07-12 11:46:22.501270', '538181f9-39f2-43c8-8596-b7309a7dea58', 150000, 'A', '80CCD', NULL),
	(13, 1, '2023-07-12 11:46:37.938241', '538181f9-39f2-43c8-8596-b7309a7dea58', NULL, 'A', 'Life Insurance Premium', 10),
	(14, 1, '2023-07-12 11:49:47.383257', '538181f9-39f2-43c8-8596-b7309a7dea58', NULL, 'A', 'Provident Fund', 10),
	(15, 1, '2023-07-12 11:50:08.543219', '538181f9-39f2-43c8-8596-b7309a7dea58', NULL, 'A', 'Subscription to certain equity shares', 10),
	(16, 1, '2023-07-12 11:50:25.554265', '538181f9-39f2-43c8-8596-b7309a7dea58', NULL, 'A', 'Tuition Fees', 10),
	(17, 1, '2023-07-12 11:50:46.309259', '538181f9-39f2-43c8-8596-b7309a7dea58', NULL, 'A', 'National Savings Certificate', 10),
	(18, 1, '2023-07-12 11:52:08.091280', '538181f9-39f2-43c8-8596-b7309a7dea58', NULL, 'A', 'Housing Loan Principal', 10),
	(19, 1, '2023-07-12 11:56:00.773266', '538181f9-39f2-43c8-8596-b7309a7dea58', NULL, 'A', 'Annuity plan of LIC or other insurer towards Pension Scheme', 11),
	(20, 1, '2023-07-13 04:54:42.923698', '538181f9-39f2-43c8-8596-b7309a7dea58', NULL, 'A', 'Pension Scheme of Central Government', 12),
	(21, 1, '2023-07-24 06:45:34.821842', '538181f9-39f2-43c8-8596-b7309a7dea58', 98000, 'A', '80B', NULL);
/*!40000 ALTER TABLE `tax_exemp_section` ENABLE KEYS */;

-- Dumping structure for table vghrms.tax_regime
CREATE TABLE IF NOT EXISTS `tax_regime` (
  `id` bigint(20) NOT NULL AUTO_INCREMENT,
  `company_id` bigint(20) DEFAULT NULL,
  `last_modified` datetime(6) DEFAULT NULL,
  `last_modified_by` varchar(255) DEFAULT NULL,
  `status` varchar(255) DEFAULT NULL,
  `tax_regime_name` varchar(255) DEFAULT NULL,
  PRIMARY KEY (`id`)
) ENGINE=InnoDB AUTO_INCREMENT=10 DEFAULT CHARSET=latin1;

-- Dumping data for table vghrms.tax_regime: ~2 rows (approximately)
DELETE FROM `tax_regime`;
/*!40000 ALTER TABLE `tax_regime` DISABLE KEYS */;
INSERT INTO `tax_regime` (`id`, `company_id`, `last_modified`, `last_modified_by`, `status`, `tax_regime_name`) VALUES
	(8, 1, '2023-07-20 05:07:11.919397', '538181f9-39f2-43c8-8596-b7309a7dea58', 'A', 'Old Tax Regime'),
	(9, 1, '2023-07-14 12:20:49.741136', '538181f9-39f2-43c8-8596-b7309a7dea58', 'A', 'New Tax Regime');
/*!40000 ALTER TABLE `tax_regime` ENABLE KEYS */;

-- Dumping structure for table vghrms.tax_slab
CREATE TABLE IF NOT EXISTS `tax_slab` (
  `id` bigint(20) NOT NULL AUTO_INCREMENT,
  `company_id` bigint(20) DEFAULT NULL,
  `last_modified` datetime(6) DEFAULT NULL,
  `last_modified_by` varchar(255) DEFAULT NULL,
  `amt_from` double DEFAULT NULL,
  `amt_to` double DEFAULT NULL,
  `slab` varchar(255) DEFAULT NULL,
  `status` varchar(255) DEFAULT NULL,
  `tax_percentage` double DEFAULT NULL,
  `tax_regime_id` bigint(20) DEFAULT NULL,
  `tax_slab_id` bigint(20) DEFAULT NULL,
  PRIMARY KEY (`id`)
) ENGINE=InnoDB AUTO_INCREMENT=19 DEFAULT CHARSET=latin1;

-- Dumping data for table vghrms.tax_slab: ~12 rows (approximately)
DELETE FROM `tax_slab`;
/*!40000 ALTER TABLE `tax_slab` DISABLE KEYS */;
INSERT INTO `tax_slab` (`id`, `company_id`, `last_modified`, `last_modified_by`, `amt_from`, `amt_to`, `slab`, `status`, `tax_percentage`, `tax_regime_id`, `tax_slab_id`) VALUES
	(7, 1, '2023-07-12 11:34:13.855270', '538181f9-39f2-43c8-8596-b7309a7dea58', 0, 250000, 'Slab 1', 'A', 0, 8, NULL),
	(8, 1, '2023-07-21 05:54:50.411944', '538181f9-39f2-43c8-8596-b7309a7dea58', 250001, 500000, 'Slab 2', 'A', 5, 8, NULL),
	(9, 1, '2023-07-21 05:55:06.880581', '538181f9-39f2-43c8-8596-b7309a7dea58', 500001, 1000000, 'Slab 3', 'A', 20, 8, NULL),
	(10, 1, '2023-07-21 05:55:15.251626', '538181f9-39f2-43c8-8596-b7309a7dea58', 1000001, 2000000, 'Slab 4', 'A', 30, 8, NULL),
	(11, 1, '2023-07-12 11:39:20.445247', '538181f9-39f2-43c8-8596-b7309a7dea58', 0, 250000, 'Slab Name1', 'A', 0, 9, NULL),
	(12, 1, '2023-07-21 05:55:32.960950', '538181f9-39f2-43c8-8596-b7309a7dea58', 250001, 500000, 'Slab Name2', 'A', 5, 9, NULL),
	(13, 1, '2023-07-21 05:55:41.543609', '538181f9-39f2-43c8-8596-b7309a7dea58', 500001, 750000, 'Slab Name3', 'A', 10, 9, NULL),
	(14, 1, '2023-07-21 05:55:55.186884', '538181f9-39f2-43c8-8596-b7309a7dea58', 750001, 1000000, 'Slab Name4', 'A', 15, 9, NULL),
	(15, 1, '2023-07-21 05:56:03.729202', '538181f9-39f2-43c8-8596-b7309a7dea58', 1000001, 1250000, 'Slab Name5', 'A', 20, 9, NULL),
	(16, 1, '2023-07-21 05:56:14.791488', '538181f9-39f2-43c8-8596-b7309a7dea58', 1250001, 1500000, 'Slab Name6', 'A', 25, 9, NULL),
	(17, 1, '2023-07-21 05:56:24.473565', '538181f9-39f2-43c8-8596-b7309a7dea58', 1500001, 2000000, 'Slab Name7', 'A', 30, 9, NULL),
	(18, 1, '2023-07-21 05:56:32.947467', '538181f9-39f2-43c8-8596-b7309a7dea58', 2000001, 5000000, 'Slab Name 8', 'A', 30, 9, NULL);
/*!40000 ALTER TABLE `tax_slab` ENABLE KEYS */;

-- Dumping structure for table vghrms.tds
CREATE TABLE IF NOT EXISTS `tds` (
  `id` bigint(20) NOT NULL AUTO_INCREMENT,
  `company_id` bigint(20) DEFAULT NULL,
  `last_modified` datetime(6) DEFAULT NULL,
  `last_modified_by` varchar(255) DEFAULT NULL,
  `percentage` double DEFAULT NULL,
  `salary_from` datetime(6) DEFAULT NULL,
  `salary_setting_id` bigint(20) DEFAULT NULL,
  `salary_to` datetime(6) DEFAULT NULL,
  `status` varchar(255) DEFAULT NULL,
  PRIMARY KEY (`id`)
) ENGINE=InnoDB DEFAULT CHARSET=latin1;

-- Dumping data for table vghrms.tds: ~0 rows (approximately)
DELETE FROM `tds`;
/*!40000 ALTER TABLE `tds` DISABLE KEYS */;
/*!40000 ALTER TABLE `tds` ENABLE KEYS */;

-- Dumping structure for table vghrms.techvg_permission
CREATE TABLE IF NOT EXISTS `techvg_permission` (
  `id` bigint(20) NOT NULL AUTO_INCREMENT,
  `company_id` bigint(20) DEFAULT NULL,
  `last_modified` datetime(6) DEFAULT NULL,
  `last_modified_by` varchar(255) DEFAULT NULL,
  `description` varchar(255) DEFAULT NULL,
  `permission_name` varchar(255) NOT NULL,
  `status` varchar(255) DEFAULT NULL,
  PRIMARY KEY (`id`),
  UNIQUE KEY `UK_6de0binij3o4h63lw1a0n96i5` (`permission_name`)
) ENGINE=InnoDB AUTO_INCREMENT=178 DEFAULT CHARSET=latin1;

-- Dumping data for table vghrms.techvg_permission: ~145 rows (approximately)
DELETE FROM `techvg_permission`;
/*!40000 ALTER TABLE `techvg_permission` DISABLE KEYS */;
INSERT INTO `techvg_permission` (`id`, `company_id`, `last_modified`, `last_modified_by`, `description`, `permission_name`, `status`) VALUES
	(8, 1, '2023-05-18 14:09:18.000000', 'admin', NULL, 'TAXREGIME_ADD', 'A'),
	(11, 1, '2023-05-18 14:10:41.000000', 'admin', NULL, 'TAXREGIME_EDIT', 'A'),
	(12, 1, '2023-05-18 14:10:41.000000', 'admin', NULL, 'TAXREGIME_STATUS', 'A'),
	(13, 1, '2023-05-18 14:10:41.000000', 'admin', NULL, 'TAXSLAB_ADD', 'A'),
	(14, 1, '2023-05-18 14:10:41.000000', 'admin', NULL, 'TAXSLAB_EDIT', 'A'),
	(15, 1, '2023-05-18 14:10:41.000000', 'admin', NULL, 'TAXSLAB_STATUS', 'A'),
	(16, 1, '2023-05-18 14:10:41.000000', 'admin', NULL, 'EMP_EXEMPTION_ADD', 'A'),
	(17, 1, '2023-05-18 14:10:41.000000', 'admin', NULL, 'EMP_EXEMPTION_STATUS', 'A'),
	(18, 1, '2023-05-18 14:10:41.000000', 'admin', NULL, 'EMP_EXEMPTION_EDIT', 'A'),
	(20, 1, '2023-05-18 14:10:41.000000', 'admin', NULL, 'TAXSECTION_ADD', 'A'),
	(21, 1, '2023-05-18 14:10:41.000000', 'admin', NULL, 'TAXSECTION_EDIT', 'A'),
	(22, 1, '2023-05-18 14:10:41.000000', 'admin', NULL, 'TAXSECTION_STATUS', 'A'),
	(24, 1, '2023-05-18 14:10:41.000000', 'admin', NULL, 'HOLIDAY_ADD', 'A'),
	(25, 1, '2023-05-18 14:10:41.000000', 'admin', NULL, 'HOLIDAY_EDIT', 'A'),
	(26, 1, '2023-05-18 14:10:41.000000', 'admin', NULL, 'HOLIDAY_STATUS', 'A'),
	(27, 1, '2023-05-18 14:10:41.000000', 'admin', NULL, 'DEPARTMENT_ADD', 'A'),
	(28, 1, '2023-05-18 14:10:41.000000', 'admin', NULL, 'DEPARTMENT_EDIT', 'A'),
	(29, 1, '2023-05-18 14:10:41.000000', 'admin', NULL, 'DEPARTMENT_STATUS', 'A'),
	(30, 1, '2023-05-18 14:10:41.000000', 'admin', NULL, 'DESIGNATION_ADD', 'A'),
	(31, 1, '2023-05-18 14:10:41.000000', 'admin', NULL, 'DESIGNATION_EDIT', 'A'),
	(32, 1, '2023-05-18 14:10:41.000000', 'admin', NULL, 'DESIGNATION_STATUS', 'A'),
	(33, 1, '2023-05-18 14:10:41.000000', 'admin', NULL, 'TRAINER_ADD', 'A'),
	(34, 1, '2023-05-18 14:10:41.000000', 'admin', NULL, 'TRAINER_EDIT', 'A'),
	(35, 1, '2023-05-18 14:10:41.000000', 'admin', NULL, 'TRAINER_STATUS', 'A'),
	(36, 1, '2023-05-18 14:10:41.000000', 'admin', NULL, 'ASSET_ADD', 'A'),
	(37, 1, '2023-05-18 14:10:41.000000', 'admin', NULL, 'ASSET_EDIT', 'A'),
	(39, 1, '2023-05-18 14:10:41.000000', 'admin', NULL, 'ASSET_STATUS', 'A'),
	(40, 1, '2023-05-18 14:10:41.000000', 'admin', NULL, 'PROMOTION_ADD', 'A'),
	(41, 1, '2023-05-18 14:10:41.000000', 'admin', NULL, 'PROMOTION_EDIT', 'A'),
	(42, 1, '2023-05-18 14:10:41.000000', 'admin', NULL, 'TERMINATION_ADD', 'A'),
	(43, 1, '2023-05-18 14:10:41.000000', 'admin', NULL, 'TERMINATION_EDIT', 'A'),
	(44, 1, '2023-05-18 14:10:41.000000', 'admin', NULL, 'TERMINATION_STATUS', 'A'),
	(45, 1, '2023-05-18 14:10:41.000000', 'admin', NULL, 'TRAININGLIST_ADD', 'A'),
	(46, 1, '2023-05-18 14:10:41.000000', 'admin', NULL, 'TRAININGLIST_EDIT', 'A'),
	(47, 1, '2023-05-18 14:10:41.000000', 'admin', NULL, 'TRAININGLIST_STATUS', 'A'),
	(48, 1, '2023-05-18 14:10:41.000000', 'admin', NULL, 'TRAININGTYPE_ADD', 'A'),
	(49, 1, '2023-05-18 14:10:41.000000', 'admin', NULL, 'PAYROLLADD_ADD', 'A'),
	(50, 1, '2023-05-18 14:10:41.000000', 'admin', NULL, 'PAYROLLADD_EDIT', 'A'),
	(51, 1, '2023-05-18 14:10:41.000000', 'admin', NULL, 'PAYROLLOVER_ADD', 'A'),
	(52, 1, '2023-05-18 14:45:33.000000', 'admin', NULL, 'PAYROLLOVER_EDIT', 'A'),
	(53, 1, '2023-05-18 14:46:16.000000', 'admin', NULL, 'PAYROLLDEDUCT_ADD', 'A'),
	(54, 1, '2023-05-18 14:47:02.000000', 'admin', NULL, 'PAYROLLDEDUCT_EDIT', 'A'),
	(55, 1, '2023-05-18 14:47:33.000000', 'admin', NULL, 'RESIGNATION_ADD', 'A'),
	(56, 1, '2023-05-18 14:48:15.000000', 'admin', NULL, 'RESIGNATION_EDIT', 'A'),
	(57, 1, '2023-05-18 14:48:53.000000', 'admin', NULL, 'RESIGNATION_STATUS', 'A'),
	(58, 1, '2023-05-18 14:49:35.000000', 'admin', NULL, 'RESIGNATIONADMIN_ADD', 'A'),
	(59, 1, '2023-05-18 14:50:49.000000', 'admin', NULL, 'RESIGNATIONADMIN_EDIT', 'A'),
	(60, 1, '2023-05-18 14:50:49.000000', 'admin', NULL, 'RESIGNATIONADMIN_STATUS', 'A'),
	(62, 1, '2023-05-18 14:50:49.000000', 'admin', NULL, 'LEAVEEMP_ADD', 'A'),
	(63, 1, '2023-05-18 14:50:49.000000', 'admin', NULL, 'LEAVEEMP_EDIT', 'A'),
	(65, 1, '2023-05-18 14:50:49.000000', 'admin', NULL, 'LEAVEADMIN_ADD', 'A'),
	(66, 1, '2023-05-18 14:50:49.000000', 'admin', NULL, 'COSPOLICY_ADD', 'A'),
	(68, 1, '2023-05-18 14:50:49.000000', 'admin', NULL, 'EMP_ADD', 'A'),
	(69, 1, '2023-05-18 14:50:49.000000', 'admin', NULL, 'EMPPROFILE_VIEW', 'A'),
	(70, 1, '2023-05-18 14:50:49.000000', 'admin', NULL, 'EMP_EDIT', 'A'),
	(73, 1, '2023-05-18 14:50:49.000000', 'admin', NULL, 'EMPPROFILE_EDIT', 'A'),
	(74, 1, '2023-05-18 14:50:49.000000', 'admin', NULL, 'EMPPERSONALINFO_EDIT', 'A'),
	(76, 1, '2023-05-18 14:50:49.000000', 'admin', NULL, 'EMPCONTACT_EDIT', 'A'),
	(77, 1, '2023-05-18 14:50:49.000000', 'admin', NULL, 'EMPCONTACT_ADD', 'A'),
	(78, 1, '2023-05-18 14:50:49.000000', 'admin', NULL, 'EMPBANK_EDIT', 'A'),
	(79, 1, '2023-05-18 14:50:49.000000', 'admin', NULL, 'EMPBANK_ADD', 'A'),
	(80, 1, '2023-05-18 14:50:49.000000', 'admin', NULL, 'EMPFAMILY_EDIT', 'A'),
	(81, 1, '2023-05-18 14:50:49.000000', 'admin', NULL, 'EMPFAMILY_ADD', 'A'),
	(82, 1, '2023-05-18 14:50:49.000000', 'admin', NULL, 'EMPEDU_EDIT', 'A'),
	(83, 1, '2023-05-18 14:50:49.000000', 'admin', NULL, 'EMPEDU_ADD', 'A'),
	(84, 1, '2023-05-18 14:50:49.000000', 'admin', NULL, 'EMPEXP_EDIT', 'A'),
	(85, 1, '2023-05-18 14:50:49.000000', 'admin', NULL, 'COMPANY_EDIT', 'A'),
	(86, 1, '2023-05-18 14:50:49.000000', 'admin', NULL, 'REGION_ADD', 'A'),
	(87, 1, '2023-05-18 14:50:49.000000', 'admin', NULL, 'REGION_EDIT', 'A'),
	(88, 1, '2023-05-18 14:50:49.000000', 'admin', NULL, 'BRANCH_ADD', 'A'),
	(89, 1, '2023-05-18 14:50:49.000000', 'admin', NULL, 'BRANCH_EDIT', 'A'),
	(90, 1, '2023-05-18 14:50:49.000000', 'admin', NULL, 'BRANCH_DELETE', 'A'),
	(91, 1, '2023-05-18 14:50:49.000000', 'admin', NULL, 'BRANCH_STATUS', 'A'),
	(95, 1, '2023-05-18 14:50:49.000000', 'admin', NULL, 'LEAVETYPE_STATUS', 'A'),
	(96, 1, '2023-05-18 14:50:49.000000', 'admin', NULL, 'LEAVETYPE_ADD', 'A'),
	(97, 1, '2023-05-18 14:50:49.000000', 'admin', NULL, 'LEAVETYPE_EDIT', 'A'),
	(98, 1, '2023-05-18 14:50:49.000000', 'admin', NULL, 'LEAVEEMP_STATUS', 'A'),
	(100, 1, '2023-05-18 14:50:49.000000', 'admin', NULL, 'ADMIN_DASHBOARD_VIEW', 'A'),
	(101, 1, '2023-05-18 14:50:49.000000', 'admin', NULL, 'EMP_DASH_VIEW', 'A'),
	(102, 1, '2023-05-18 14:50:49.000000', 'admin', NULL, 'EMP_MENU_VIEW', 'A'),
	(103, 1, '2023-05-18 14:50:49.000000', 'admin', NULL, 'ALL_EMP_VIEW', 'A'),
	(104, 1, '2023-05-18 14:50:49.000000', 'admin', NULL, 'ADMIN_LEAVE_VIEW', 'A'),
	(105, 1, '2023-05-18 14:50:49.000000', 'admin', NULL, 'EMP_LEAVE_VIEW', 'A'),
	(106, 1, '2023-05-18 14:50:49.000000', 'admin', NULL, 'LEAVE_SETTINGS_VIEW', 'A'),
	(107, 1, '2023-05-18 14:50:49.000000', 'admin', NULL, 'LEAVE_SETTINGS_HR_VIEW', 'A'),
	(108, 1, '2023-06-26 12:54:52.831695', '8b8f79fd-271a-47b2-a15c-4dceac00d9fc', NULL, 'ATTENDANCE_EMP', 'A'),
	(109, 1, '2023-05-18 14:50:49.000000', 'admin', NULL, 'DEPART_VIEW', 'A'),
	(110, 1, '2023-05-18 14:50:49.000000', 'admin', NULL, 'DESIGNATION_VIEW', 'A'),
	(111, 1, '2023-05-18 14:50:49.000000', 'admin', NULL, 'RESIG_EMP_VIEW', 'A'),
	(112, 1, '2023-05-18 14:50:49.000000', 'admin', NULL, 'RESIG_ADMIN_VIEW', 'A'),
	(113, 1, '2023-05-18 14:50:49.000000', 'admin', NULL, 'TIMESHEET_VIEW', 'A'),
	(114, 1, '2023-05-18 14:50:49.000000', 'admin', NULL, 'OVERTIME_MENU_VIEW', 'A'),
	(115, 1, '2023-05-18 14:50:49.000000', 'admin', NULL, 'USER_VIEW', 'A'),
	(116, 1, '2023-05-18 14:50:49.000000', 'admin', NULL, 'TRAINING_VIEW', 'A'),
	(117, 1, '2023-05-18 14:50:49.000000', 'admin', NULL, 'TRAINING_LIST_VIEW', 'A'),
	(118, 1, '2023-05-18 14:50:49.000000', 'admin', NULL, 'TRAINERS_MENU_VIEW', 'A'),
	(119, 1, '2023-05-18 14:50:49.000000', 'admin', NULL, 'TRAINING_TYPE_VIEW', 'A'),
	(120, 1, '2023-05-18 14:50:49.000000', 'admin', NULL, 'PROMOTION_VIEW', 'A'),
	(121, 1, '2023-05-18 14:50:49.000000', 'admin', NULL, 'TERMI_VIEW', 'A'),
	(122, 1, '2023-05-18 14:50:49.000000', 'admin', NULL, 'ASSETS_VIEW', 'A'),
	(123, 1, '2023-05-18 14:50:49.000000', 'admin', NULL, 'SETTING_VIEW', 'A'),
	(124, 1, '2023-05-18 14:50:49.000000', 'admin', NULL, 'PAYROLL_VIEW', 'A'),
	(126, 1, '2023-05-18 14:50:49.000000', 'admin', NULL, 'PAYSLIP_VIEW', 'A'),
	(127, 1, '2023-05-18 14:50:49.000000', 'admin', NULL, 'PAYROLL_ITEMS_VIEW', 'A'),
	(128, 1, '2023-05-18 14:50:49.000000', 'admin', NULL, 'EMP_SALARY_COMP_ADD', 'A'),
	(129, 1, '2023-05-18 14:50:49.000000', 'admin', NULL, 'EMP_SALARY_COMP_EDIT', 'A'),
	(130, 1, '2023-05-18 14:50:49.000000', 'admin', NULL, 'EMP_SALARY_COMP_VIEW', 'A'),
	(131, 1, '2023-05-18 14:50:49.000000', 'admin', NULL, 'ATTENDANCE_ADMIN_VIEW', 'A'),
	(133, 1, '2023-05-18 14:50:49.000000', 'admin', NULL, 'EMPEXP_ADD', 'A'),
	(134, 1, '2023-05-18 14:50:49.000000', 'admin', NULL, 'WORKINGDAYS_ADD', 'A'),
	(135, 1, '2023-05-18 14:50:49.000000', 'admin', NULL, 'WORKINGDAYS_EDIT', 'A'),
	(136, 1, '2023-05-18 14:50:49.000000', 'admin', NULL, 'USER_ADD', 'A'),
	(137, 1, '2023-05-18 14:50:49.000000', 'admin', NULL, 'USER_EDIT', 'A'),
	(138, 1, '2023-05-18 14:50:49.000000', 'admin', NULL, 'DOCUMENT_ADD', 'A'),
	(139, 1, '2023-05-18 14:50:49.000000', 'admin', NULL, 'WORKINGHOURS_ADD', 'A'),
	(140, 1, '2023-05-18 14:50:49.000000', 'admin', NULL, 'WORKINGHOURS_EDIT', 'A'),
	(141, 1, '2023-05-18 14:50:49.000000', 'admin', NULL, 'WORKINGHOURS_STATUS', 'A'),
	(142, 1, '2023-06-07 12:07:57.000000', 'admin', NULL, 'ADD_MASTER_PERF_INDIC', 'A'),
	(143, 1, '2023-06-07 12:07:57.000000', 'admin', NULL, 'EDIT_MASTER_PERF_INDIC', 'A'),
	(144, 1, '2023-06-09 09:47:05.628203', '538181f9-39f2-43c8-8596-b7309a7dea58', NULL, 'ADD_ROLE_AND_PERMISSION', 'A'),
	(145, 1, '2023-06-27 05:55:55.133826', '8b8f79fd-271a-47b2-a15c-4dceac00d9fc', NULL, 'TRAININGTYPE_VIEW', 'A'),
	(146, 1, '2023-06-12 08:46:40.781379', 'admin', NULL, 'TRAININGTYPE_STATUS', 'A'),
	(148, 1, '2023-06-12 08:46:40.781379', 'admin', NULL, 'TRAININGTYPE_EDIT', 'A'),
	(149, 1, '2023-06-12 08:46:40.781379', 'admin', NULL, 'INDICATOR_ADD', 'A'),
	(150, 1, '2023-06-12 08:46:40.781379', 'admin', NULL, 'INDICATOR_EDIT', 'A'),
	(151, 1, '2023-06-12 08:46:40.781379', 'admin', NULL, 'INDICATOR_STATUS', 'A'),
	(152, 1, '2023-06-23 05:17:44.163026', '538181f9-39f2-43c8-8596-b7309a7dea58', NULL, 'INDICATOR_VIEW', 'A'),
	(153, 1, '2023-06-23 05:44:06.704394', '538181f9-39f2-43c8-8596-b7309a7dea58', NULL, 'PERSONAL_EXCELLENCE_SELF_EDIT', 'A'),
	(154, 1, '2023-06-23 05:44:16.623645', '538181f9-39f2-43c8-8596-b7309a7dea58', NULL, 'PERSONAL_EXCELLENCE_SELF_VIEW', 'A'),
	(158, 1, '2023-06-23 07:41:02.460019', '538181f9-39f2-43c8-8596-b7309a7dea58', NULL, 'PERSONAL_EXCELLENCE_RO_EDIT', 'A'),
	(159, 1, '2023-06-23 08:23:19.237638', '538181f9-39f2-43c8-8596-b7309a7dea58', NULL, 'PERSONAL_EXCELLENCE_RO_VIEW', 'A'),
	(160, 1, '2023-06-23 10:00:52.434854', '538181f9-39f2-43c8-8596-b7309a7dea58', NULL, 'ADMIN_VIEW', 'A'),
	(161, 1, '2023-06-26 07:24:49.037674', '538181f9-39f2-43c8-8596-b7309a7dea58', NULL, 'EMPLOYEE_SALARY', 'A'),
	(162, 1, '2023-06-26 08:42:20.260655', '97c1a32e-38b8-41fc-b3bb-dd144422bacd', NULL, 'EMPLOYEE_PERFORMANCE_REVIEW', 'A'),
	(165, 1, '2023-06-26 12:48:43.306267', '538181f9-39f2-43c8-8596-b7309a7dea58', NULL, 'EMPLOYEE_MENU_ONLY', 'A'),
	(167, 1, '2023-06-27 11:35:08.625805', 'anonymousUser', NULL, 'SELF_VIEW', 'A'),
	(168, 1, '2023-06-27 11:37:12.131743', '8b8f79fd-271a-47b2-a15c-4dceac00d9fc', NULL, 'RO_VIEW', 'A'),
	(169, 1, '2023-06-27 11:37:29.581115', '8b8f79fd-271a-47b2-a15c-4dceac00d9fc', NULL, 'HOD_VIEW', 'A'),
	(170, 1, '2023-06-28 06:37:30.717016', '538181f9-39f2-43c8-8596-b7309a7dea58', NULL, 'SELF_EDIT', 'A'),
	(171, 1, '2023-06-28 06:40:33.256097', '538181f9-39f2-43c8-8596-b7309a7dea58', NULL, 'RO_EDIT', 'A'),
	(172, 1, '2023-06-28 08:43:05.317789', '538181f9-39f2-43c8-8596-b7309a7dea58', NULL, 'HOD_EDIT', 'A'),
	(173, 1, '2023-06-28 11:49:23.406281', '538181f9-39f2-43c8-8596-b7309a7dea58', NULL, 'HRD_VIEW', 'A'),
	(174, 1, '2023-06-30 11:59:02.637517', '538181f9-39f2-43c8-8596-b7309a7dea58', NULL, 'ADMIN_INDICATOR_VIEW', 'A'),
	(175, 1, '2023-07-13 16:59:32.868431', '538181f9-39f2-43c8-8596-b7309a7dea58', NULL, 'APPRAISAL_LIST_VIEW', 'A'),
	(176, 1, '2023-07-17 11:30:46.537567', '538181f9-39f2-43c8-8596-b7309a7dea58', NULL, 'SEARCH_FILTER_PERMISSION', 'A'),
	(177, 1, '2023-07-17 13:01:44.766559', 'c9c5de82-7567-4023-afdb-7555aa120b96', NULL, 'BANK_STATUTORY', 'A');
/*!40000 ALTER TABLE `techvg_permission` ENABLE KEYS */;

-- Dumping structure for table vghrms.techvg_role
CREATE TABLE IF NOT EXISTS `techvg_role` (
  `id` bigint(20) NOT NULL AUTO_INCREMENT,
  `company_id` bigint(20) DEFAULT NULL,
  `last_modified` datetime(6) DEFAULT NULL,
  `last_modified_by` varchar(255) DEFAULT NULL,
  `description` varchar(255) DEFAULT NULL,
  `name` varchar(50) NOT NULL,
  `status` varchar(255) DEFAULT NULL,
  PRIMARY KEY (`id`)
) ENGINE=InnoDB AUTO_INCREMENT=9 DEFAULT CHARSET=latin1;

-- Dumping data for table vghrms.techvg_role: ~8 rows (approximately)
DELETE FROM `techvg_role`;
/*!40000 ALTER TABLE `techvg_role` DISABLE KEYS */;
INSERT INTO `techvg_role` (`id`, `company_id`, `last_modified`, `last_modified_by`, `description`, `name`, `status`) VALUES
	(1, 1, '2023-07-10 10:30:30.193086', '8b8f79fd-271a-47b2-a15c-4dceac00d9fc', NULL, 'ROLE_EMPLOYEE', 'A'),
	(2, 1, '2023-07-17 13:02:38.623545', 'c9c5de82-7567-4023-afdb-7555aa120b96', NULL, 'ROLE_HR', 'A'),
	(3, 1, '2023-07-17 13:02:01.358545', 'c9c5de82-7567-4023-afdb-7555aa120b96', NULL, 'ROLE_ADMIN', 'A'),
	(4, 1, '2023-06-22 07:05:15.814438', '538181f9-39f2-43c8-8596-b7309a7dea58', NULL, '444444', 'D'),
	(5, 1, '2023-06-28 11:24:22.006578', '538181f9-39f2-43c8-8596-b7309a7dea58', NULL, 'ROLE_HOD', 'A'),
	(6, 1, '2023-06-28 11:23:26.824237', '538181f9-39f2-43c8-8596-b7309a7dea58', NULL, 'ROLE_RO', 'A'),
	(7, 1, '2023-06-26 12:50:27.640646', '538181f9-39f2-43c8-8596-b7309a7dea58', NULL, 'ROLE_MANAGER', 'A'),
	(8, 1, '2023-06-29 06:50:03.287265', '538181f9-39f2-43c8-8596-b7309a7dea58', NULL, 'ROLE_MANAGER', 'D');
/*!40000 ALTER TABLE `techvg_role` ENABLE KEYS */;

-- Dumping structure for table vghrms.techvg_user
CREATE TABLE IF NOT EXISTS `techvg_user` (
  `id` varchar(255) NOT NULL,
  `created_by` varchar(50) NOT NULL,
  `created_date` datetime(6) DEFAULT NULL,
  `last_modified_by` varchar(50) DEFAULT NULL,
  `last_modified_date` datetime(6) DEFAULT NULL,
  `activated` bit(1) NOT NULL,
  `company_id` bigint(20) DEFAULT NULL,
  `email` varchar(254) DEFAULT NULL,
  `employee_id` bigint(20) DEFAULT NULL,
  `first_name` varchar(50) DEFAULT NULL,
  `image_url` varchar(256) DEFAULT NULL,
  `lang_key` varchar(10) DEFAULT NULL,
  `last_name` varchar(50) DEFAULT NULL,
  `login` varchar(50) NOT NULL,
  PRIMARY KEY (`id`),
  UNIQUE KEY `UK_sebka3sxv134nxg27og39fq3` (`login`),
  UNIQUE KEY `UK_s5odfainqmvx58iqqmmdfmo1p` (`email`)
) ENGINE=InnoDB DEFAULT CHARSET=latin1;

-- Dumping data for table vghrms.techvg_user: ~18 rows (approximately)
DELETE FROM `techvg_user`;
/*!40000 ALTER TABLE `techvg_user` DISABLE KEYS */;
INSERT INTO `techvg_user` (`id`, `created_by`, `created_date`, `last_modified_by`, `last_modified_date`, `activated`, `company_id`, `email`, `employee_id`, `first_name`, `image_url`, `lang_key`, `last_name`, `login`) VALUES
	('0e4c3fc1-57e7-435d-891b-bc8e989c44a7', 'someshj@techvishwaguru.com', '2023-07-17 07:21:41.838957', 'someshj@techvishwaguru.com', '2023-07-17 07:21:41.838957', b'1', 1, 'athrav@lokmanya.com', 95, 'Atharv', NULL, NULL, 'More', 'athrav@lokmanya.com'),
	('0e93736c-591c-4a65-b352-5fc83979bfde', 'someshj@techvishwaguru.com', '2023-07-12 14:10:47.280670', 'someshj@techvishwaguru.com', '2023-07-12 14:10:47.280670', b'1', 1, 'swapnil@lokmanya.com', 86, 'Swapnil', NULL, NULL, 'Suryavanshi', 'swapnil@lokmanya.com'),
	('118b393b-d112-45c5-9d70-4860114f8eea', 'someshj@techvishwaguru.com', '2023-07-12 14:10:24.704679', 'someshj@techvishwaguru.com', '2023-07-12 14:10:24.704679', b'1', 1, 'ganesh@lokmanya.com', 84, 'Ganesh', NULL, NULL, 'Narayan', 'ganesh@lokmanya.com'),
	('212eff4c-d0e2-492f-892f-a430b856555d', 'someshj@techvishwaguru.com', '2023-07-25 06:39:19.535442', 'someshj@techvishwaguru.com', '2023-07-25 06:39:19.535442', b'1', 1, 'sonam@lokmanya.com', 113, 'Sonam', NULL, NULL, 'Dhere', 'sonam@lokmanya.com'),
	('245da5d8-1f92-4d54-b6be-e3db460ceb78', 'someshj@techvishwaguru.com', '2023-07-12 14:08:54.210668', 'someshj@techvishwaguru.com', '2023-07-12 14:08:54.210668', b'1', 1, 'mrudula@lokmanya.com', 88, 'Mrudula', NULL, NULL, 'Chingale', 'mrudula@lokmanya.com'),
	('4f28a7d3-8b55-43a2-9992-b0948370f266', 'someshj@techvishwaguru.com', '2023-07-13 17:25:57.696894', 'someshj@techvishwaguru.com', '2023-07-13 17:25:57.696894', b'1', 1, 'kairav@lokmanaya.com', 80, 'Kairav', NULL, NULL, 'Thube', 'kairav@lokmanaya.com'),
	('538181f9-39f2-43c8-8596-b7309a7dea58', 'hr@gmail.com', '2023-05-16 11:48:41.615550', 'hr@gmail.com', '2023-05-16 11:48:41.626070', b'1', 1, 'someshj@techvishwaguru.com', 13, 'Somesh', NULL, NULL, 'Gaikwad', 'someshj@techvishwaguru.com'),
	('53f78cbc-f73a-4bee-ada7-e9e823770f2d', 'someshj@techvishwaguru.com', '2023-07-12 14:09:33.263696', 'someshj@techvishwaguru.com', '2023-07-12 14:09:33.263696', b'1', 1, 'akash@lokmanya.com', 85, 'Akash', NULL, NULL, 'Karavle', 'akash@lokmanya.com'),
	('57a46b5d-f172-4fe5-b503-cf8b7a0a9faa', 'someshj@techvishwaguru.com', '2023-07-14 12:03:27.146173', 'someshj@techvishwaguru.com', '2023-07-14 12:03:27.146173', b'1', 1, 'rutuja@lokmanya.com', 94, 'Rutuja', NULL, NULL, 'Pawar', 'rutuja@lokmanya.com'),
	('752d887d-303a-4155-9c4d-9c59c6ca3d92', 'someshj@techvishwaguru.com', '2023-07-14 06:59:29.612543', 'someshj@techvishwaguru.com', '2023-07-14 06:59:29.612543', b'1', 1, 'naira@lokmanya.com', 92, 'Naira', NULL, NULL, 'More', 'naira@lokmanya.com'),
	('906d3e32-9f6f-4455-8a9a-25756e9b4af3', 'someshj@techvishwaguru.com', '2023-07-20 12:06:47.752979', 'someshj@techvishwaguru.com', '2023-07-20 12:06:47.752979', b'1', 1, 'pratyush@lokmanya.com', 112, 'Pratyush', NULL, NULL, 'Khandagale', 'pratyush@lokmanya.com'),
	('99c16640-80aa-48d6-9016-efa89603fddb', 'someshj@techvishwaguru.com', '2023-07-19 09:18:38.560197', 'someshj@techvishwaguru.com', '2023-07-19 09:18:38.560197', b'1', 1, 'rama@lokmanya.com', 104, 'Rama', NULL, NULL, 'Rahane', 'rama@lokmanya.com'),
	('b8f33129-b9ce-43db-b11f-1e1b5c0eda8a', 'someshj@techvishwaguru.com', '2023-07-12 14:09:13.826675', 'someshj@techvishwaguru.com', '2023-07-12 14:09:13.826675', b'1', 1, 'rahul@lokmanya.com', 87, 'Rahul', NULL, NULL, 'Patil', 'rahul@lokmanya.com'),
	('c9c5de82-7567-4023-afdb-7555aa120b96', 'someshj@techvishwaguru.com', '2023-07-12 14:11:10.720665', 'someshj@techvishwaguru.com', '2023-07-12 14:11:10.720665', b'1', 1, 'sunman@lokmanya.com', 83, 'Suman', NULL, NULL, 'Patil', 'sunman@lokmanya.com'),
	('cabefee1-45ae-41ea-8224-4e51404c1bc4', 'someshj@techvishwaguru.com', '2023-07-20 07:15:21.340505', 'someshj@techvishwaguru.com', '2023-07-20 07:15:21.340505', b'1', 1, 'kartik@lokmanya.com', 93, 'Kartik', NULL, NULL, 'Pawer', 'kartik@lokmanya.com'),
	('dd109bba-fdf3-4e7a-bf5e-fa33bca69a24', 'someshj@techvishwaguru.com', '2023-07-19 04:49:43.549876', 'someshj@techvishwaguru.com', '2023-07-19 04:49:43.549876', b'1', 1, 'nihan@lokmanya.com', 99, 'Nihan', NULL, NULL, 'Patil', 'nihan@lokmanya.com'),
	('ee4e6eb7-61af-4576-8467-fe45255aaaed', 'anonymousUser', '2023-07-19 05:44:15.379412', 'anonymousUser', '2023-07-19 05:44:15.379412', b'1', 2, 'rakshas@techvishwaguru.com', 103, 'Raksha', NULL, NULL, 'Singh', 'rakshas@techvishwaguru.com'),
	('f0fc5d18-df4a-4550-a066-df4b01e16c31', 'someshj@techvishwaguru.com', '2023-07-19 04:51:12.072067', 'someshj@techvishwaguru.com', '2023-07-19 04:51:12.072067', b'1', 1, 'sunay@lokmanya.com', 100, 'Sunay', NULL, NULL, 'Hora', 'sunay@lokmanya.com');
/*!40000 ALTER TABLE `techvg_user` ENABLE KEYS */;

-- Dumping structure for table vghrms.termination
CREATE TABLE IF NOT EXISTS `termination` (
  `id` bigint(20) NOT NULL AUTO_INCREMENT,
  `company_id` bigint(20) DEFAULT NULL,
  `last_modified` datetime(6) DEFAULT NULL,
  `last_modified_by` varchar(255) DEFAULT NULL,
  `department_id` bigint(20) DEFAULT NULL,
  `emp_name` varchar(255) DEFAULT NULL,
  `employee_id` bigint(20) DEFAULT NULL,
  `notice_date` datetime(6) DEFAULT NULL,
  `reason` varchar(255) DEFAULT NULL,
  `status` varchar(255) DEFAULT NULL,
  `termination_date` datetime(6) DEFAULT NULL,
  `termination_type` varchar(255) DEFAULT NULL,
  PRIMARY KEY (`id`)
) ENGINE=InnoDB AUTO_INCREMENT=18 DEFAULT CHARSET=latin1;

-- Dumping data for table vghrms.termination: ~7 rows (approximately)
DELETE FROM `termination`;
/*!40000 ALTER TABLE `termination` DISABLE KEYS */;
INSERT INTO `termination` (`id`, `company_id`, `last_modified`, `last_modified_by`, `department_id`, `emp_name`, `employee_id`, `notice_date`, `reason`, `status`, `termination_date`, `termination_type`) VALUES
	(11, 1, '2023-07-12 14:11:02.704699', '538181f9-39f2-43c8-8596-b7309a7dea58', 19, 'Rahul Patil', 87, '2023-07-12 13:48:18.000000', 'Irregularity', 'A', '2023-08-30 18:30:00.000000', 'Irregularity'),
	(12, 1, '2023-07-13 11:23:45.961934', '538181f9-39f2-43c8-8596-b7309a7dea58', 1, 'Ganesh Narayan', 84, '2023-07-13 11:17:35.000000', 'Misconduct', 'A', '2023-07-31 11:17:35.000000', 'Misconduct'),
	(13, 1, '2023-07-14 04:56:26.583378', '538181f9-39f2-43c8-8596-b7309a7dea58', 1, 'Kairav Sharma', 91, '2023-07-14 04:47:51.000000', 'misconduct', 'A', '2023-07-31 04:47:51.000000', 'Misconduct'),
	(14, 1, '2023-07-14 10:01:07.884170', 'c9c5de82-7567-4023-afdb-7555aa120b96', 1, 'Naira More', 92, '2023-07-14 09:49:40.000000', 'misconduct', 'A', '2023-07-15 09:49:40.000000', 'Misconduct'),
	(15, 1, '2023-07-18 12:51:57.304716', '538181f9-39f2-43c8-8596-b7309a7dea58', 22, 'Kavita Rane', 98, '2023-07-31 10:50:42.000000', 'for personal reason', 'A', '2023-07-31 18:30:00.000000', 'Misconduct'),
	(16, 1, '2023-07-19 04:19:32.960006', 'anonymousUser', 22, 'Kavita Rane', 98, '2023-07-27 04:16:49.000000', 'iregularity', 'D', '2023-07-31 04:16:49.000000', 'Misconduct'),
	(17, 1, '2023-07-25 08:50:48.875120', '538181f9-39f2-43c8-8596-b7309a7dea58', 1, 'Sushma Bhosale', 110, '2023-07-25 03:46:25.000000', 'irregularity', 'A', '2023-07-31 03:46:25.000000', 'Irregularity');
/*!40000 ALTER TABLE `termination` ENABLE KEYS */;

-- Dumping structure for table vghrms.time_sheet
CREATE TABLE IF NOT EXISTS `time_sheet` (
  `id` bigint(20) NOT NULL AUTO_INCREMENT,
  `company_id` bigint(20) DEFAULT NULL,
  `last_modified` datetime(6) DEFAULT NULL,
  `last_modified_by` varchar(255) DEFAULT NULL,
  `date` datetime(6) DEFAULT NULL,
  `has_checked_in` bit(1) DEFAULT NULL,
  `status` varchar(255) DEFAULT NULL,
  `time` varchar(255) DEFAULT NULL,
  `attendance_id` bigint(20) DEFAULT NULL,
  PRIMARY KEY (`id`),
  KEY `FKgehqbsoecy3jjs0rfg8pffl97` (`attendance_id`),
  CONSTRAINT `FKgehqbsoecy3jjs0rfg8pffl97` FOREIGN KEY (`attendance_id`) REFERENCES `attendance` (`id`)
) ENGINE=InnoDB AUTO_INCREMENT=1192 DEFAULT CHARSET=latin1;

-- Dumping data for table vghrms.time_sheet: ~617 rows (approximately)
DELETE FROM `time_sheet`;
/*!40000 ALTER TABLE `time_sheet` DISABLE KEYS */;
INSERT INTO `time_sheet` (`id`, `company_id`, `last_modified`, `last_modified_by`, `date`, `has_checked_in`, `status`, `time`, `attendance_id`) VALUES
	(573, 1, '2023-07-13 04:10:46.535691', '538181f9-39f2-43c8-8596-b7309a7dea58', '2023-07-13 09:40:46.000000', b'1', 'D', '09:40:46', 210),
	(575, 1, '2023-07-13 04:48:09.839671', 'b8f33129-b9ce-43db-b11f-1e1b5c0eda8a', '2023-07-13 10:18:09.000000', b'1', 'A', '10:18:09', 212),
	(576, 1, '2023-07-13 04:50:02.628689', '53f78cbc-f73a-4bee-ada7-e9e823770f2d', '2023-07-13 10:20:02.000000', b'1', 'A', '10:20:02', 213),
	(577, 1, '2023-07-13 04:51:52.238690', '245da5d8-1f92-4d54-b6be-e3db460ceb78', '2023-07-13 10:21:52.000000', b'1', 'A', '10:21:52', 214),
	(578, 1, '2023-07-13 04:56:44.817665', '118b393b-d112-45c5-9d70-4860114f8eea', '2023-07-13 10:26:44.000000', b'1', 'A', '10:26:44', 215),
	(579, 1, '2023-07-13 04:59:20.474675', '0e93736c-591c-4a65-b352-5fc83979bfde', '2023-07-13 10:29:20.000000', b'1', 'A', '10:29:20', 216),
	(580, 1, '2023-07-13 06:04:29.092037', '97c1a32e-38b8-41fc-b3bb-dd144422bacd', '2023-06-01 09:00:43.000000', b'1', 'A', '09:00:00', 238),
	(581, 1, '2023-07-13 06:04:29.092037', '97c1a32e-38b8-41fc-b3bb-dd144422bacd', '2023-06-01 17:00:43.000000', b'0', 'A', '17:00:00', 238),
	(582, 1, '2023-07-13 06:04:29.092037', '97c1a32e-38b8-41fc-b3bb-dd144422bacd', '2023-06-02 09:00:43.000000', b'1', 'A', '09:00:00', 239),
	(583, 1, '2023-07-13 06:04:29.092037', '97c1a32e-38b8-41fc-b3bb-dd144422bacd', '2023-06-02 17:00:43.000000', b'0', 'A', '17:00:00', 239),
	(584, 1, '2023-07-13 06:04:29.092037', '97c1a32e-38b8-41fc-b3bb-dd144422bacd', '2023-06-03 09:00:43.000000', b'1', 'D', '09:00:00', 240),
	(585, 1, '2023-07-13 06:04:29.092037', '97c1a32e-38b8-41fc-b3bb-dd144422bacd', '2023-06-03 17:00:43.000000', b'0', 'D', '17:00:00', 240),
	(586, 1, '2023-07-13 06:04:29.092037', '97c1a32e-38b8-41fc-b3bb-dd144422bacd', '2023-06-05 09:00:43.000000', b'1', 'A', '09:00:00', 241),
	(587, 1, '2023-07-13 06:04:29.092037', '97c1a32e-38b8-41fc-b3bb-dd144422bacd', '2023-06-05 17:00:43.000000', b'0', 'A', '17:00:00', 241),
	(588, 1, '2023-07-13 06:04:29.092037', '97c1a32e-38b8-41fc-b3bb-dd144422bacd', '2023-06-06 09:00:43.000000', b'1', 'A', '09:00:00', 242),
	(589, 1, '2023-07-13 06:04:29.092037', '97c1a32e-38b8-41fc-b3bb-dd144422bacd', '2023-06-06 17:00:43.000000', b'0', 'A', '17:00:00', 242),
	(590, 1, '2023-07-13 06:04:29.092037', '97c1a32e-38b8-41fc-b3bb-dd144422bacd', '2023-06-07 09:00:43.000000', b'1', 'A', '09:00:00', 243),
	(591, 1, '2023-07-13 06:04:29.092037', '97c1a32e-38b8-41fc-b3bb-dd144422bacd', '2023-06-07 17:00:43.000000', b'0', 'A', '17:00:00', 243),
	(592, 1, '2023-07-13 06:04:29.092037', '97c1a32e-38b8-41fc-b3bb-dd144422bacd', '2023-06-08 09:00:43.000000', b'1', 'A', '09:00:00', 244),
	(593, 1, '2023-07-13 06:04:29.092037', '97c1a32e-38b8-41fc-b3bb-dd144422bacd', '2023-06-08 17:00:43.000000', b'0', 'A', '17:00:00', 244),
	(594, 1, '2023-07-13 06:04:29.092037', '97c1a32e-38b8-41fc-b3bb-dd144422bacd', '2023-06-09 09:00:43.000000', b'1', 'A', '09:00:00', 245),
	(595, 1, '2023-07-13 06:04:29.092037', '97c1a32e-38b8-41fc-b3bb-dd144422bacd', '2023-06-09 17:00:43.000000', b'0', 'A', '17:00:00', 245),
	(596, 1, '2023-07-13 06:04:29.092037', '97c1a32e-38b8-41fc-b3bb-dd144422bacd', '2023-06-12 09:00:43.000000', b'1', 'A', '09:00:00', 246),
	(597, 1, '2023-07-13 06:04:29.092037', '97c1a32e-38b8-41fc-b3bb-dd144422bacd', '2023-06-12 17:00:43.000000', b'0', 'A', '17:00:00', 246),
	(598, 1, '2023-07-13 06:04:29.092037', '97c1a32e-38b8-41fc-b3bb-dd144422bacd', '2023-06-13 09:00:43.000000', b'1', 'A', '09:00:00', 247),
	(599, 1, '2023-07-13 06:04:29.092037', '97c1a32e-38b8-41fc-b3bb-dd144422bacd', '2023-06-13 17:00:43.000000', b'0', 'A', '17:00:00', 247),
	(600, 1, '2023-07-13 06:04:29.092037', '97c1a32e-38b8-41fc-b3bb-dd144422bacd', '2023-06-14 09:00:43.000000', b'1', 'A', '09:00:00', 248),
	(601, 1, '2023-07-13 06:04:29.092037', '97c1a32e-38b8-41fc-b3bb-dd144422bacd', '2023-06-14 17:00:43.000000', b'0', 'A', '17:00:00', 248),
	(602, 1, '2023-07-13 06:04:29.092037', '97c1a32e-38b8-41fc-b3bb-dd144422bacd', '2023-06-15 09:00:43.000000', b'1', 'A', '09:00:00', 249),
	(603, 1, '2023-07-13 06:04:29.092037', '97c1a32e-38b8-41fc-b3bb-dd144422bacd', '2023-06-15 17:00:43.000000', b'0', 'A', '17:00:00', 249),
	(604, 1, '2023-07-13 06:04:29.092037', '97c1a32e-38b8-41fc-b3bb-dd144422bacd', '2023-06-16 09:00:43.000000', b'1', 'A', '09:00:00', 250),
	(605, 1, '2023-07-13 06:04:29.092037', '97c1a32e-38b8-41fc-b3bb-dd144422bacd', '2023-06-16 17:00:43.000000', b'0', 'A', '17:00:00', 250),
	(606, 1, '2023-07-13 06:04:29.092037', '97c1a32e-38b8-41fc-b3bb-dd144422bacd', '2023-06-17 09:00:43.000000', b'1', 'D', '09:00:00', 251),
	(607, 1, '2023-07-13 06:04:29.092037', '97c1a32e-38b8-41fc-b3bb-dd144422bacd', '2023-06-17 17:00:43.000000', b'0', 'D', '17:00:00', 251),
	(608, 1, '2023-07-13 06:04:29.092037', '97c1a32e-38b8-41fc-b3bb-dd144422bacd', '2023-06-19 09:00:43.000000', b'1', 'A', '09:00:00', 252),
	(609, 1, '2023-07-13 06:04:29.092037', '97c1a32e-38b8-41fc-b3bb-dd144422bacd', '2023-06-19 17:00:43.000000', b'0', 'A', '17:00:00', 252),
	(610, 1, '2023-07-13 06:04:29.092037', '97c1a32e-38b8-41fc-b3bb-dd144422bacd', '2023-06-20 09:00:43.000000', b'1', 'A', '09:00:00', 253),
	(611, 1, '2023-07-13 06:04:29.092037', '97c1a32e-38b8-41fc-b3bb-dd144422bacd', '2023-06-20 17:00:43.000000', b'0', 'A', '17:00:00', 253),
	(612, 1, '2023-07-13 06:04:29.092037', '97c1a32e-38b8-41fc-b3bb-dd144422bacd', '2023-06-21 09:00:43.000000', b'1', 'A', '09:00:00', 254),
	(613, 1, '2023-07-13 06:04:29.092037', '97c1a32e-38b8-41fc-b3bb-dd144422bacd', '2023-06-21 17:00:43.000000', b'0', 'A', '17:00:00', 254),
	(614, 1, '2023-07-13 06:04:29.092037', '97c1a32e-38b8-41fc-b3bb-dd144422bacd', '2023-06-22 09:00:43.000000', b'1', 'A', '09:00:00', 255),
	(615, 1, '2023-07-13 06:04:29.092037', '97c1a32e-38b8-41fc-b3bb-dd144422bacd', '2023-06-22 17:00:43.000000', b'0', 'A', '17:00:00', 255),
	(616, 1, '2023-07-13 06:04:29.092037', '97c1a32e-38b8-41fc-b3bb-dd144422bacd', '2023-06-23 09:00:43.000000', b'1', 'A', '09:00:00', 256),
	(617, 1, '2023-07-13 06:04:29.092037', '97c1a32e-38b8-41fc-b3bb-dd144422bacd', '2023-06-23 17:00:43.000000', b'0', 'A', '17:00:00', 256),
	(618, 1, '2023-07-13 06:04:29.092037', '97c1a32e-38b8-41fc-b3bb-dd144422bacd', '2023-06-26 09:00:43.000000', b'1', 'A', '09:00:00', 257),
	(619, 1, '2023-07-13 06:04:29.092037', '97c1a32e-38b8-41fc-b3bb-dd144422bacd', '2023-06-26 17:00:43.000000', b'0', 'A', '17:00:00', 257),
	(620, 1, '2023-07-13 06:04:29.092037', '97c1a32e-38b8-41fc-b3bb-dd144422bacd', '2023-06-27 09:00:43.000000', b'1', 'A', '09:00:00', 258),
	(621, 1, '2023-07-13 06:04:29.092037', '97c1a32e-38b8-41fc-b3bb-dd144422bacd', '2023-06-27 17:00:43.000000', b'0', 'A', '17:00:00', 258),
	(622, 1, '2023-07-13 06:04:29.092037', '97c1a32e-38b8-41fc-b3bb-dd144422bacd', '2023-06-28 09:00:43.000000', b'1', 'A', '09:00:00', 259),
	(623, 1, '2023-07-13 06:04:29.092037', '97c1a32e-38b8-41fc-b3bb-dd144422bacd', '2023-06-28 17:00:43.000000', b'0', 'A', '17:00:00', 259),
	(624, 1, '2023-07-13 06:04:29.092037', '97c1a32e-38b8-41fc-b3bb-dd144422bacd', '2023-06-29 09:00:43.000000', b'1', 'A', '09:00:00', 260),
	(625, 1, '2023-07-13 06:04:29.092037', '97c1a32e-38b8-41fc-b3bb-dd144422bacd', '2023-06-29 17:00:43.000000', b'0', 'A', '17:00:00', 260),
	(626, 1, '2023-07-13 06:04:29.092037', '97c1a32e-38b8-41fc-b3bb-dd144422bacd', '2023-06-30 09:00:43.000000', b'1', 'A', '09:00:00', 261),
	(627, 1, '2023-07-13 06:04:29.092037', '97c1a32e-38b8-41fc-b3bb-dd144422bacd', '2023-06-30 17:00:43.000000', b'0', 'A', '17:00:00', 261),
	(628, 1, '2023-07-13 06:04:29.092037', '97c1a32e-38b8-41fc-b3bb-dd144422bacd', '2023-06-01 09:00:43.000000', b'1', 'A', '09:00:00', 262),
	(629, 1, '2023-07-13 06:04:29.092037', '97c1a32e-38b8-41fc-b3bb-dd144422bacd', '2023-06-01 17:00:43.000000', b'0', 'A', '17:00:00', 262),
	(630, 1, '2023-07-13 06:04:29.092037', '97c1a32e-38b8-41fc-b3bb-dd144422bacd', '2023-06-02 09:00:43.000000', b'1', 'A', '09:00:00', 263),
	(631, 1, '2023-07-13 06:04:29.092037', '97c1a32e-38b8-41fc-b3bb-dd144422bacd', '2023-06-02 17:00:43.000000', b'0', 'A', '17:00:00', 263),
	(632, 1, '2023-07-13 06:04:29.092037', '97c1a32e-38b8-41fc-b3bb-dd144422bacd', '2023-06-03 09:00:43.000000', b'1', 'D', '09:00:00', 264),
	(633, 1, '2023-07-13 06:04:29.092037', '97c1a32e-38b8-41fc-b3bb-dd144422bacd', '2023-06-03 17:00:43.000000', b'0', 'D', '17:00:00', 264),
	(634, 1, '2023-07-13 06:04:29.092037', '97c1a32e-38b8-41fc-b3bb-dd144422bacd', '2023-06-05 09:00:43.000000', b'1', 'A', '09:00:00', 265),
	(635, 1, '2023-07-13 06:04:29.092037', '97c1a32e-38b8-41fc-b3bb-dd144422bacd', '2023-06-05 17:00:43.000000', b'0', 'A', '17:00:00', 265),
	(636, 1, '2023-07-13 06:04:29.092037', '97c1a32e-38b8-41fc-b3bb-dd144422bacd', '2023-06-06 09:00:43.000000', b'1', 'A', '09:00:00', 266),
	(637, 1, '2023-07-13 06:04:29.092037', '97c1a32e-38b8-41fc-b3bb-dd144422bacd', '2023-06-06 17:00:43.000000', b'0', 'A', '17:00:00', 266),
	(638, 1, '2023-07-13 06:04:29.092037', '97c1a32e-38b8-41fc-b3bb-dd144422bacd', '2023-06-07 09:00:43.000000', b'1', 'A', '09:00:00', 267),
	(639, 1, '2023-07-13 06:04:29.092037', '97c1a32e-38b8-41fc-b3bb-dd144422bacd', '2023-06-07 17:00:43.000000', b'0', 'A', '17:00:00', 267),
	(640, 1, '2023-07-13 06:04:29.092037', '97c1a32e-38b8-41fc-b3bb-dd144422bacd', '2023-06-08 09:00:43.000000', b'1', 'A', '09:00:00', 268),
	(641, 1, '2023-07-13 06:04:29.092037', '97c1a32e-38b8-41fc-b3bb-dd144422bacd', '2023-06-08 17:00:43.000000', b'0', 'A', '17:00:00', 268),
	(642, 1, '2023-07-13 06:04:29.092037', '97c1a32e-38b8-41fc-b3bb-dd144422bacd', '2023-06-09 09:00:43.000000', b'1', 'A', '09:00:00', 269),
	(643, 1, '2023-07-13 06:04:29.092037', '97c1a32e-38b8-41fc-b3bb-dd144422bacd', '2023-06-09 17:00:43.000000', b'0', 'A', '17:00:00', 269),
	(644, 1, '2023-07-13 06:04:29.092037', '97c1a32e-38b8-41fc-b3bb-dd144422bacd', '2023-06-12 09:00:43.000000', b'1', 'A', '09:00:00', 270),
	(645, 1, '2023-07-13 06:04:29.092037', '97c1a32e-38b8-41fc-b3bb-dd144422bacd', '2023-06-12 17:00:43.000000', b'0', 'A', '17:00:00', 270),
	(646, 1, '2023-07-13 06:04:29.092037', '97c1a32e-38b8-41fc-b3bb-dd144422bacd', '2023-06-13 09:00:43.000000', b'1', 'A', '09:00:00', 271),
	(647, 1, '2023-07-13 06:04:29.092037', '97c1a32e-38b8-41fc-b3bb-dd144422bacd', '2023-06-13 17:00:43.000000', b'0', 'A', '17:00:00', 271),
	(648, 1, '2023-07-13 06:04:29.092037', '97c1a32e-38b8-41fc-b3bb-dd144422bacd', '2023-06-14 09:00:43.000000', b'1', 'A', '09:00:00', 272),
	(649, 1, '2023-07-13 06:04:29.092037', '97c1a32e-38b8-41fc-b3bb-dd144422bacd', '2023-06-14 17:00:43.000000', b'0', 'A', '17:00:00', 272),
	(650, 1, '2023-07-13 06:04:29.092037', '97c1a32e-38b8-41fc-b3bb-dd144422bacd', '2023-06-15 09:00:43.000000', b'1', 'A', '09:00:00', 273),
	(651, 1, '2023-07-13 06:04:29.092037', '97c1a32e-38b8-41fc-b3bb-dd144422bacd', '2023-06-15 17:00:43.000000', b'0', 'A', '17:00:00', 273),
	(652, 1, '2023-07-13 06:04:29.092037', '97c1a32e-38b8-41fc-b3bb-dd144422bacd', '2023-06-16 09:00:43.000000', b'1', 'A', '09:00:00', 274),
	(653, 1, '2023-07-13 06:04:29.092037', '97c1a32e-38b8-41fc-b3bb-dd144422bacd', '2023-06-16 17:00:43.000000', b'0', 'A', '17:00:00', 274),
	(654, 1, '2023-07-13 06:04:29.092037', '97c1a32e-38b8-41fc-b3bb-dd144422bacd', '2023-06-17 09:00:43.000000', b'1', 'D', '09:00:00', 275),
	(655, 1, '2023-07-13 06:04:29.092037', '97c1a32e-38b8-41fc-b3bb-dd144422bacd', '2023-06-17 17:00:43.000000', b'0', 'D', '17:00:00', 275),
	(656, 1, '2023-07-13 06:04:29.092037', '97c1a32e-38b8-41fc-b3bb-dd144422bacd', '2023-06-19 09:00:43.000000', b'1', 'A', '09:00:00', 276),
	(657, 1, '2023-07-13 06:04:29.092037', '97c1a32e-38b8-41fc-b3bb-dd144422bacd', '2023-06-19 17:00:43.000000', b'0', 'A', '17:00:00', 276),
	(658, 1, '2023-07-13 06:04:29.092037', '97c1a32e-38b8-41fc-b3bb-dd144422bacd', '2023-06-20 09:00:43.000000', b'1', 'A', '09:00:00', 277),
	(659, 1, '2023-07-13 06:04:29.092037', '97c1a32e-38b8-41fc-b3bb-dd144422bacd', '2023-06-20 17:00:43.000000', b'0', 'A', '17:00:00', 277),
	(660, 1, '2023-07-13 06:04:29.092037', '97c1a32e-38b8-41fc-b3bb-dd144422bacd', '2023-06-21 09:00:43.000000', b'1', 'A', '09:00:00', 278),
	(661, 1, '2023-07-13 06:04:29.092037', '97c1a32e-38b8-41fc-b3bb-dd144422bacd', '2023-06-21 17:00:43.000000', b'0', 'A', '17:00:00', 278),
	(662, 1, '2023-07-13 06:04:29.092037', '97c1a32e-38b8-41fc-b3bb-dd144422bacd', '2023-06-22 09:00:43.000000', b'1', 'A', '09:00:00', 279),
	(663, 1, '2023-07-13 06:04:29.092037', '97c1a32e-38b8-41fc-b3bb-dd144422bacd', '2023-06-22 17:00:43.000000', b'0', 'A', '17:00:00', 279),
	(664, 1, '2023-07-13 06:04:29.092037', '97c1a32e-38b8-41fc-b3bb-dd144422bacd', '2023-06-23 09:00:43.000000', b'1', 'A', '09:00:00', 280),
	(665, 1, '2023-07-13 06:04:29.092037', '97c1a32e-38b8-41fc-b3bb-dd144422bacd', '2023-06-23 17:00:43.000000', b'0', 'A', '17:00:00', 280),
	(666, 1, '2023-07-13 06:04:29.092037', '97c1a32e-38b8-41fc-b3bb-dd144422bacd', '2023-06-26 09:00:43.000000', b'1', 'A', '09:00:00', 281),
	(667, 1, '2023-07-13 06:04:29.092037', '97c1a32e-38b8-41fc-b3bb-dd144422bacd', '2023-06-26 17:00:43.000000', b'0', 'A', '17:00:00', 281),
	(668, 1, '2023-07-13 06:04:29.092037', '97c1a32e-38b8-41fc-b3bb-dd144422bacd', '2023-06-27 09:00:43.000000', b'1', 'A', '09:00:00', 282),
	(669, 1, '2023-07-13 06:04:29.092037', '97c1a32e-38b8-41fc-b3bb-dd144422bacd', '2023-06-27 17:00:43.000000', b'0', 'A', '17:00:00', 282),
	(670, 1, '2023-07-13 06:04:29.092037', '97c1a32e-38b8-41fc-b3bb-dd144422bacd', '2023-06-28 09:00:43.000000', b'1', 'A', '09:00:00', 283),
	(671, 1, '2023-07-13 06:04:29.092037', '97c1a32e-38b8-41fc-b3bb-dd144422bacd', '2023-06-28 17:00:43.000000', b'0', 'A', '17:00:00', 283),
	(672, 1, '2023-07-13 06:04:29.092037', '97c1a32e-38b8-41fc-b3bb-dd144422bacd', '2023-06-29 09:00:43.000000', b'1', 'A', '09:00:00', 284),
	(673, 1, '2023-07-13 06:04:29.092037', '97c1a32e-38b8-41fc-b3bb-dd144422bacd', '2023-06-29 17:00:43.000000', b'0', 'A', '17:00:00', 284),
	(674, 1, '2023-07-13 06:04:29.092037', '97c1a32e-38b8-41fc-b3bb-dd144422bacd', '2023-06-30 09:00:43.000000', b'1', 'A', '09:00:00', 285),
	(675, 1, '2023-07-13 06:04:29.092037', '97c1a32e-38b8-41fc-b3bb-dd144422bacd', '2023-06-30 17:00:43.000000', b'0', 'A', '17:00:00', 285),
	(676, 1, '2023-07-13 06:04:29.092037', '97c1a32e-38b8-41fc-b3bb-dd144422bacd', '2023-07-01 09:00:43.000000', b'1', 'D', '09:00:00', 286),
	(677, 1, '2023-07-13 06:04:29.092037', '97c1a32e-38b8-41fc-b3bb-dd144422bacd', '2023-07-01 17:00:43.000000', b'0', 'D', '17:00:00', 286),
	(678, 1, '2023-07-13 06:04:29.092037', '97c1a32e-38b8-41fc-b3bb-dd144422bacd', '2023-07-03 09:00:43.000000', b'1', 'A', '09:00:00', 287),
	(679, 1, '2023-07-13 06:04:29.092037', '97c1a32e-38b8-41fc-b3bb-dd144422bacd', '2023-07-03 17:00:43.000000', b'0', 'A', '17:00:00', 287),
	(680, 1, '2023-07-13 06:04:29.092037', '97c1a32e-38b8-41fc-b3bb-dd144422bacd', '2023-07-04 09:00:43.000000', b'1', 'A', '09:00:00', 288),
	(681, 1, '2023-07-13 06:04:29.092037', '97c1a32e-38b8-41fc-b3bb-dd144422bacd', '2023-07-04 17:00:43.000000', b'0', 'A', '17:00:00', 288),
	(682, 1, '2023-07-13 06:04:29.092037', '97c1a32e-38b8-41fc-b3bb-dd144422bacd', '2023-07-07 09:00:43.000000', b'1', 'A', '09:00:00', 289),
	(683, 1, '2023-07-13 06:04:29.092037', '97c1a32e-38b8-41fc-b3bb-dd144422bacd', '2023-07-07 17:00:43.000000', b'0', 'A', '17:00:00', 289),
	(684, 1, '2023-07-13 06:04:29.092037', '97c1a32e-38b8-41fc-b3bb-dd144422bacd', '2023-07-10 09:00:43.000000', b'1', 'A', '09:00:00', 290),
	(685, 1, '2023-07-13 06:04:29.092037', '97c1a32e-38b8-41fc-b3bb-dd144422bacd', '2023-07-10 17:00:43.000000', b'0', 'A', '17:00:00', 290),
	(686, 1, '2023-07-13 06:04:29.092037', '97c1a32e-38b8-41fc-b3bb-dd144422bacd', '2023-07-11 09:00:43.000000', b'1', 'A', '09:00:00', 291),
	(687, 1, '2023-07-13 06:04:29.092037', '97c1a32e-38b8-41fc-b3bb-dd144422bacd', '2023-07-11 17:00:43.000000', b'0', 'A', '17:00:00', 291),
	(688, 1, '2023-07-13 06:04:29.092037', '97c1a32e-38b8-41fc-b3bb-dd144422bacd', '2023-07-12 09:00:43.000000', b'1', 'A', '09:00:00', 292),
	(689, 1, '2023-07-13 06:04:29.092037', '97c1a32e-38b8-41fc-b3bb-dd144422bacd', '2023-07-12 17:00:43.000000', b'0', 'A', '17:00:00', 292),
	(690, 1, '2023-07-13 06:04:29.092037', '97c1a32e-38b8-41fc-b3bb-dd144422bacd', '2023-07-01 09:00:43.000000', b'1', 'D', '09:00:00', 294),
	(691, 1, '2023-07-13 06:04:29.092037', '97c1a32e-38b8-41fc-b3bb-dd144422bacd', '2023-07-01 17:00:43.000000', b'0', 'D', '17:00:00', 294),
	(692, 1, '2023-07-13 06:04:29.092037', '97c1a32e-38b8-41fc-b3bb-dd144422bacd', '2023-07-03 09:00:43.000000', b'1', 'A', '09:00:00', 295),
	(693, 1, '2023-07-13 06:04:29.092037', '97c1a32e-38b8-41fc-b3bb-dd144422bacd', '2023-07-03 17:00:43.000000', b'0', 'A', '17:00:00', 295),
	(694, 1, '2023-07-13 06:04:29.092037', '97c1a32e-38b8-41fc-b3bb-dd144422bacd', '2023-07-04 09:00:43.000000', b'1', 'A', '09:00:00', 296),
	(695, 1, '2023-07-13 06:04:29.092037', '97c1a32e-38b8-41fc-b3bb-dd144422bacd', '2023-07-04 17:00:43.000000', b'0', 'A', '17:00:00', 296),
	(696, 1, '2023-07-13 06:04:29.092037', '97c1a32e-38b8-41fc-b3bb-dd144422bacd', '2023-07-05 09:00:43.000000', b'1', 'A', '09:00:00', 297),
	(697, 1, '2023-07-13 06:04:29.092037', '97c1a32e-38b8-41fc-b3bb-dd144422bacd', '2023-07-05 17:00:43.000000', b'0', 'A', '17:00:00', 297),
	(698, 1, '2023-07-13 06:04:29.092037', '97c1a32e-38b8-41fc-b3bb-dd144422bacd', '2023-07-06 09:00:43.000000', b'1', 'A', '09:00:00', 298),
	(699, 1, '2023-07-13 06:04:29.092037', '97c1a32e-38b8-41fc-b3bb-dd144422bacd', '2023-07-06 17:00:43.000000', b'0', 'A', '17:00:00', 298),
	(700, 1, '2023-07-13 06:04:29.092037', '97c1a32e-38b8-41fc-b3bb-dd144422bacd', '2023-07-07 09:00:43.000000', b'1', 'A', '09:00:00', 299),
	(701, 1, '2023-07-13 06:04:29.092037', '97c1a32e-38b8-41fc-b3bb-dd144422bacd', '2023-07-07 17:00:43.000000', b'0', 'A', '17:00:00', 299),
	(702, 1, '2023-07-13 06:04:29.092037', '97c1a32e-38b8-41fc-b3bb-dd144422bacd', '2023-07-10 09:00:43.000000', b'1', 'A', '09:00:00', 300),
	(703, 1, '2023-07-13 06:04:29.092037', '97c1a32e-38b8-41fc-b3bb-dd144422bacd', '2023-07-10 17:00:43.000000', b'0', 'A', '17:00:00', 300),
	(704, 1, '2023-07-13 06:04:29.092037', '97c1a32e-38b8-41fc-b3bb-dd144422bacd', '2023-07-11 09:00:43.000000', b'1', 'A', '09:00:00', 301),
	(705, 1, '2023-07-13 06:04:29.092037', '97c1a32e-38b8-41fc-b3bb-dd144422bacd', '2023-07-11 17:00:43.000000', b'0', 'A', '17:00:00', 301),
	(706, 1, '2023-07-13 06:04:29.092037', '97c1a32e-38b8-41fc-b3bb-dd144422bacd', '2023-07-12 09:00:43.000000', b'1', 'A', '09:00:00', 302),
	(707, 1, '2023-07-13 06:04:29.092037', '97c1a32e-38b8-41fc-b3bb-dd144422bacd', '2023-07-12 17:00:43.000000', b'0', 'A', '17:00:00', 302),
	(708, 1, '2023-07-13 06:04:29.092037', '97c1a32e-38b8-41fc-b3bb-dd144422bacd', '2023-07-01 09:00:43.000000', b'1', 'A', '09:00:00', 304),
	(709, 1, '2023-07-13 06:04:29.092037', '97c1a32e-38b8-41fc-b3bb-dd144422bacd', '2023-07-01 17:00:43.000000', b'0', 'A', '17:00:00', 304),
	(710, 1, '2023-07-13 06:04:29.092037', '97c1a32e-38b8-41fc-b3bb-dd144422bacd', '2023-07-03 09:00:43.000000', b'1', 'A', '09:00:00', 305),
	(711, 1, '2023-07-13 06:04:29.092037', '97c1a32e-38b8-41fc-b3bb-dd144422bacd', '2023-07-03 17:00:43.000000', b'0', 'A', '17:00:00', 305),
	(712, 1, '2023-07-13 06:04:29.092037', '97c1a32e-38b8-41fc-b3bb-dd144422bacd', '2023-07-04 09:00:43.000000', b'1', 'A', '09:00:00', 306),
	(713, 1, '2023-07-13 06:04:29.092037', '97c1a32e-38b8-41fc-b3bb-dd144422bacd', '2023-07-04 17:00:43.000000', b'0', 'A', '17:00:00', 306),
	(714, 1, '2023-07-13 06:04:29.092037', '97c1a32e-38b8-41fc-b3bb-dd144422bacd', '2023-07-05 09:00:43.000000', b'1', 'A', '09:00:00', 307),
	(715, 1, '2023-07-13 06:04:29.092037', '97c1a32e-38b8-41fc-b3bb-dd144422bacd', '2023-07-05 17:00:43.000000', b'0', 'A', '17:00:00', 307),
	(716, 1, '2023-07-13 06:04:29.092037', '97c1a32e-38b8-41fc-b3bb-dd144422bacd', '2023-07-06 09:00:43.000000', b'1', 'A', '09:00:00', 308),
	(717, 1, '2023-07-13 06:04:29.092037', '97c1a32e-38b8-41fc-b3bb-dd144422bacd', '2023-07-06 17:00:43.000000', b'0', 'A', '17:00:00', 308),
	(718, 1, '2023-07-13 06:04:29.092037', '97c1a32e-38b8-41fc-b3bb-dd144422bacd', '2023-07-07 09:00:43.000000', b'1', 'A', '09:00:00', 309),
	(719, 1, '2023-07-13 06:04:29.092037', '97c1a32e-38b8-41fc-b3bb-dd144422bacd', '2023-07-07 17:00:43.000000', b'0', 'A', '17:00:00', 309),
	(720, 1, '2023-07-13 06:04:29.092037', '97c1a32e-38b8-41fc-b3bb-dd144422bacd', '2023-07-10 09:00:43.000000', b'1', 'A', '09:00:00', 310),
	(721, 1, '2023-07-13 06:04:29.092037', '97c1a32e-38b8-41fc-b3bb-dd144422bacd', '2023-07-10 17:00:43.000000', b'0', 'A', '17:00:00', 310),
	(722, 1, '2023-07-13 06:04:29.092037', '97c1a32e-38b8-41fc-b3bb-dd144422bacd', '2023-07-11 09:00:43.000000', b'1', 'A', '09:00:00', 311),
	(723, 1, '2023-07-13 06:04:29.092037', '97c1a32e-38b8-41fc-b3bb-dd144422bacd', '2023-07-11 17:00:43.000000', b'0', 'A', '17:00:00', 311),
	(724, 1, '2023-07-13 06:04:29.092037', '97c1a32e-38b8-41fc-b3bb-dd144422bacd', '2023-07-12 09:00:43.000000', b'1', 'A', '09:00:00', 312),
	(725, 1, '2023-07-13 06:04:29.092037', '97c1a32e-38b8-41fc-b3bb-dd144422bacd', '2023-07-12 17:00:43.000000', b'0', 'A', '17:00:00', 312),
	(726, 1, '2023-07-13 06:04:29.092037', '97c1a32e-38b8-41fc-b3bb-dd144422bacd', '2023-07-01 09:00:43.000000', b'1', 'D', '09:00:00', 314),
	(727, 1, '2023-07-13 06:04:29.092037', '97c1a32e-38b8-41fc-b3bb-dd144422bacd', '2023-07-01 17:00:43.000000', b'0', 'D', '17:00:00', 314),
	(728, 1, '2023-07-13 06:04:29.092037', '97c1a32e-38b8-41fc-b3bb-dd144422bacd', '2023-07-03 09:00:43.000000', b'1', 'A', '09:00:00', 315),
	(729, 1, '2023-07-13 06:04:29.092037', '97c1a32e-38b8-41fc-b3bb-dd144422bacd', '2023-07-03 17:00:43.000000', b'0', 'A', '17:00:00', 315),
	(730, 1, '2023-07-13 06:04:29.092037', '97c1a32e-38b8-41fc-b3bb-dd144422bacd', '2023-07-04 09:00:43.000000', b'1', 'A', '09:00:00', 316),
	(731, 1, '2023-07-13 06:04:29.092037', '97c1a32e-38b8-41fc-b3bb-dd144422bacd', '2023-07-04 17:00:43.000000', b'0', 'A', '17:00:00', 316),
	(732, 1, '2023-07-13 06:04:29.092037', '97c1a32e-38b8-41fc-b3bb-dd144422bacd', '2023-07-05 09:00:43.000000', b'1', 'A', '09:00:00', 317),
	(733, 1, '2023-07-13 06:04:29.092037', '97c1a32e-38b8-41fc-b3bb-dd144422bacd', '2023-07-05 17:00:43.000000', b'0', 'A', '17:00:00', 317),
	(734, 1, '2023-07-13 06:04:29.092037', '97c1a32e-38b8-41fc-b3bb-dd144422bacd', '2023-07-06 09:00:43.000000', b'1', 'A', '09:00:00', 318),
	(735, 1, '2023-07-13 06:04:29.092037', '97c1a32e-38b8-41fc-b3bb-dd144422bacd', '2023-07-06 17:00:43.000000', b'0', 'A', '17:00:00', 318),
	(736, 1, '2023-07-13 06:04:29.092037', '97c1a32e-38b8-41fc-b3bb-dd144422bacd', '2023-07-07 09:00:43.000000', b'1', 'A', '09:00:00', 319),
	(737, 1, '2023-07-13 06:04:29.092037', '97c1a32e-38b8-41fc-b3bb-dd144422bacd', '2023-07-07 17:00:43.000000', b'0', 'A', '17:00:00', 319),
	(738, 1, '2023-07-13 06:04:29.092037', '97c1a32e-38b8-41fc-b3bb-dd144422bacd', '2023-07-10 09:00:43.000000', b'1', 'A', '09:00:00', 320),
	(739, 1, '2023-07-13 06:04:29.092037', '97c1a32e-38b8-41fc-b3bb-dd144422bacd', '2023-07-10 17:00:43.000000', b'0', 'A', '17:00:00', 320),
	(740, 1, '2023-07-13 06:04:29.092037', '97c1a32e-38b8-41fc-b3bb-dd144422bacd', '2023-07-11 09:00:43.000000', b'1', 'A', '09:00:00', 321),
	(741, 1, '2023-07-13 06:04:29.092037', '97c1a32e-38b8-41fc-b3bb-dd144422bacd', '2023-07-11 17:00:43.000000', b'0', 'A', '17:00:00', 321),
	(742, 1, '2023-07-13 06:04:29.092037', '97c1a32e-38b8-41fc-b3bb-dd144422bacd', '2023-07-12 09:00:43.000000', b'1', 'A', '09:00:00', 322),
	(743, 1, '2023-07-13 06:04:29.092037', '97c1a32e-38b8-41fc-b3bb-dd144422bacd', '2023-07-12 17:00:43.000000', b'0', 'A', '17:00:00', 322),
	(744, 1, '2023-07-13 06:04:29.092037', '97c1a32e-38b8-41fc-b3bb-dd144422bacd', '2023-07-01 09:00:43.000000', b'1', 'D', '09:00:00', 324),
	(745, 1, '2023-07-13 06:04:29.092037', '97c1a32e-38b8-41fc-b3bb-dd144422bacd', '2023-07-01 17:00:43.000000', b'0', 'D', '17:00:00', 324),
	(746, 1, '2023-07-13 06:04:29.092037', '97c1a32e-38b8-41fc-b3bb-dd144422bacd', '2023-07-03 09:00:43.000000', b'1', 'A', '09:00:00', 325),
	(747, 1, '2023-07-13 06:04:29.092037', '97c1a32e-38b8-41fc-b3bb-dd144422bacd', '2023-07-03 17:00:43.000000', b'0', 'A', '17:00:00', 325),
	(748, 1, '2023-07-13 06:04:29.092037', '97c1a32e-38b8-41fc-b3bb-dd144422bacd', '2023-07-04 09:00:43.000000', b'1', 'A', '09:00:00', 326),
	(749, 1, '2023-07-13 06:04:29.092037', '97c1a32e-38b8-41fc-b3bb-dd144422bacd', '2023-07-04 17:00:43.000000', b'0', 'A', '17:00:00', 326),
	(750, 1, '2023-07-13 06:04:29.092037', '97c1a32e-38b8-41fc-b3bb-dd144422bacd', '2023-07-05 09:00:43.000000', b'1', 'A', '09:00:00', 327),
	(751, 1, '2023-07-13 06:04:29.092037', '97c1a32e-38b8-41fc-b3bb-dd144422bacd', '2023-07-05 17:00:43.000000', b'0', 'A', '17:00:00', 327),
	(752, 1, '2023-07-13 06:04:29.092037', '97c1a32e-38b8-41fc-b3bb-dd144422bacd', '2023-07-06 09:00:43.000000', b'1', 'A', '09:00:00', 328),
	(753, 1, '2023-07-13 06:04:29.092037', '97c1a32e-38b8-41fc-b3bb-dd144422bacd', '2023-07-06 17:00:43.000000', b'0', 'A', '17:00:00', 328),
	(754, 1, '2023-07-13 06:04:29.092037', '97c1a32e-38b8-41fc-b3bb-dd144422bacd', '2023-07-07 09:00:43.000000', b'1', 'A', '09:00:00', 329),
	(755, 1, '2023-07-13 06:04:29.092037', '97c1a32e-38b8-41fc-b3bb-dd144422bacd', '2023-07-07 17:00:43.000000', b'0', 'A', '17:00:00', 329),
	(756, 1, '2023-07-13 06:04:29.092037', '97c1a32e-38b8-41fc-b3bb-dd144422bacd', '2023-07-10 09:00:43.000000', b'1', 'A', '09:00:00', 330),
	(757, 1, '2023-07-13 06:04:29.092037', '97c1a32e-38b8-41fc-b3bb-dd144422bacd', '2023-07-10 17:00:43.000000', b'0', 'A', '17:00:00', 330),
	(758, 1, '2023-07-13 06:04:29.092037', '97c1a32e-38b8-41fc-b3bb-dd144422bacd', '2023-07-11 09:00:43.000000', b'1', 'A', '09:00:00', 331),
	(759, 1, '2023-07-13 06:04:29.092037', '97c1a32e-38b8-41fc-b3bb-dd144422bacd', '2023-07-11 17:00:43.000000', b'0', 'A', '17:00:00', 331),
	(760, 1, '2023-07-13 06:04:29.092037', '97c1a32e-38b8-41fc-b3bb-dd144422bacd', '2023-07-12 09:00:43.000000', b'1', 'A', '09:00:00', 332),
	(761, 1, '2023-07-13 06:04:29.092037', '97c1a32e-38b8-41fc-b3bb-dd144422bacd', '2023-07-12 17:00:43.000000', b'0', 'A', '17:00:00', 332),
	(762, 1, '2023-07-13 06:04:29.092037', '97c1a32e-38b8-41fc-b3bb-dd144422bacd', '2023-07-03 09:00:43.000000', b'1', 'A', '09:00:00', 333),
	(763, 1, '2023-07-13 06:04:29.092037', '97c1a32e-38b8-41fc-b3bb-dd144422bacd', '2023-07-03 17:00:43.000000', b'0', 'A', '17:00:00', 333),
	(764, 1, '2023-07-13 06:04:29.092037', '97c1a32e-38b8-41fc-b3bb-dd144422bacd', '2023-07-04 09:00:43.000000', b'1', 'A', '09:00:00', 334),
	(765, 1, '2023-07-13 06:04:29.092037', '97c1a32e-38b8-41fc-b3bb-dd144422bacd', '2023-07-04 17:00:43.000000', b'0', 'A', '17:00:00', 334),
	(766, 1, '2023-07-13 06:04:29.092037', '97c1a32e-38b8-41fc-b3bb-dd144422bacd', '2023-07-05 09:00:43.000000', b'1', 'A', '09:00:00', 335),
	(767, 1, '2023-07-13 06:04:29.092037', '97c1a32e-38b8-41fc-b3bb-dd144422bacd', '2023-07-05 17:00:43.000000', b'0', 'A', '17:00:00', 335),
	(768, 1, '2023-07-13 06:04:29.092037', '97c1a32e-38b8-41fc-b3bb-dd144422bacd', '2023-07-06 09:00:43.000000', b'1', 'A', '09:00:00', 336),
	(769, 1, '2023-07-13 06:04:29.092037', '97c1a32e-38b8-41fc-b3bb-dd144422bacd', '2023-07-06 17:00:43.000000', b'0', 'A', '17:00:00', 336),
	(770, 1, '2023-07-13 06:04:29.092037', '97c1a32e-38b8-41fc-b3bb-dd144422bacd', '2023-07-07 09:00:43.000000', b'1', 'A', '09:00:00', 337),
	(771, 1, '2023-07-13 06:04:29.092037', '97c1a32e-38b8-41fc-b3bb-dd144422bacd', '2023-07-07 17:00:43.000000', b'0', 'A', '17:00:00', 337),
	(772, 1, '2023-07-13 06:04:29.092037', '97c1a32e-38b8-41fc-b3bb-dd144422bacd', '2023-07-10 09:00:43.000000', b'1', 'A', '09:00:00', 338),
	(773, 1, '2023-07-13 06:04:29.092037', '97c1a32e-38b8-41fc-b3bb-dd144422bacd', '2023-07-10 17:00:43.000000', b'0', 'A', '17:00:00', 338),
	(774, 1, '2023-07-13 06:04:29.092037', '97c1a32e-38b8-41fc-b3bb-dd144422bacd', '2023-07-11 09:00:43.000000', b'1', 'A', '09:00:00', 339),
	(775, 1, '2023-07-13 06:04:29.092037', '97c1a32e-38b8-41fc-b3bb-dd144422bacd', '2023-07-11 17:00:43.000000', b'0', 'A', '17:00:00', 339),
	(776, 1, '2023-07-13 06:04:29.092037', '97c1a32e-38b8-41fc-b3bb-dd144422bacd', '2023-07-12 09:00:43.000000', b'1', 'A', '09:00:00', 340),
	(777, 1, '2023-07-13 06:04:29.092037', '97c1a32e-38b8-41fc-b3bb-dd144422bacd', '2023-07-12 17:00:43.000000', b'0', 'A', '17:00:00', 340),
	(778, 1, '2023-07-13 06:04:29.092037', '97c1a32e-38b8-41fc-b3bb-dd144422bacd', '2023-07-03 09:00:43.000000', b'1', 'A', '09:00:00', 342),
	(779, 1, '2023-07-13 06:04:29.092037', '97c1a32e-38b8-41fc-b3bb-dd144422bacd', '2023-07-03 17:00:43.000000', b'0', 'A', '17:00:00', 342),
	(780, 1, '2023-07-13 06:04:29.092037', '97c1a32e-38b8-41fc-b3bb-dd144422bacd', '2023-07-04 09:00:43.000000', b'1', 'A', '09:00:00', 343),
	(781, 1, '2023-07-13 06:04:29.092037', '97c1a32e-38b8-41fc-b3bb-dd144422bacd', '2023-07-04 17:00:43.000000', b'0', 'A', '17:00:00', 343),
	(782, 1, '2023-07-13 06:04:29.092037', '97c1a32e-38b8-41fc-b3bb-dd144422bacd', '2023-07-05 09:00:43.000000', b'1', 'A', '09:00:00', 344),
	(783, 1, '2023-07-13 06:04:29.092037', '97c1a32e-38b8-41fc-b3bb-dd144422bacd', '2023-07-05 17:00:43.000000', b'0', 'A', '17:00:00', 344),
	(784, 1, '2023-07-13 06:04:29.092037', '97c1a32e-38b8-41fc-b3bb-dd144422bacd', '2023-07-06 09:00:43.000000', b'1', 'A', '09:00:00', 345),
	(785, 1, '2023-07-13 06:04:29.092037', '97c1a32e-38b8-41fc-b3bb-dd144422bacd', '2023-07-06 17:00:43.000000', b'0', 'A', '17:00:00', 345),
	(786, 1, '2023-07-13 06:04:29.092037', '97c1a32e-38b8-41fc-b3bb-dd144422bacd', '2023-07-07 09:00:43.000000', b'1', 'A', '09:00:00', 346),
	(787, 1, '2023-07-13 06:04:29.092037', '97c1a32e-38b8-41fc-b3bb-dd144422bacd', '2023-07-07 17:00:43.000000', b'0', 'A', '17:00:00', 346),
	(788, 1, '2023-07-13 06:04:29.092037', '97c1a32e-38b8-41fc-b3bb-dd144422bacd', '2023-07-10 09:00:43.000000', b'1', 'A', '09:00:00', 347),
	(789, 1, '2023-07-13 06:04:29.092037', '97c1a32e-38b8-41fc-b3bb-dd144422bacd', '2023-07-10 17:00:43.000000', b'0', 'A', '17:00:00', 347),
	(790, 1, '2023-07-13 06:04:29.092037', '97c1a32e-38b8-41fc-b3bb-dd144422bacd', '2023-07-11 09:00:43.000000', b'1', 'A', '09:00:00', 348),
	(791, 1, '2023-07-13 06:04:29.092037', '97c1a32e-38b8-41fc-b3bb-dd144422bacd', '2023-07-11 17:00:43.000000', b'0', 'A', '17:00:00', 348),
	(792, 1, '2023-07-13 06:04:29.092037', '97c1a32e-38b8-41fc-b3bb-dd144422bacd', '2023-07-12 09:00:43.000000', b'1', 'A', '09:00:00', 349),
	(793, 1, '2023-07-13 06:04:29.092037', '97c1a32e-38b8-41fc-b3bb-dd144422bacd', '2023-07-12 17:00:43.000000', b'0', 'A', '17:00:00', 349),
	(794, 1, '2023-07-13 11:28:10.023951', 'b8f33129-b9ce-43db-b11f-1e1b5c0eda8a', '2023-07-13 16:58:09.000000', b'0', 'A', '16:58:09', 212),
	(795, 1, '2023-07-13 11:28:18.200993', 'b8f33129-b9ce-43db-b11f-1e1b5c0eda8a', '2023-07-13 16:58:18.000000', b'1', 'A', '16:58:18', 212),
	(796, 1, '2023-07-13 12:16:00.552918', '245da5d8-1f92-4d54-b6be-e3db460ceb78', '2023-07-13 17:46:00.000000', b'0', 'A', '17:46:00', 214),
	(797, 1, '2023-07-13 12:16:02.084949', '245da5d8-1f92-4d54-b6be-e3db460ceb78', '2023-07-13 17:46:02.000000', b'1', 'A', '17:46:02', 214),
	(798, 1, '2023-07-13 12:16:05.731896', '245da5d8-1f92-4d54-b6be-e3db460ceb78', '2023-07-13 17:46:05.000000', b'0', 'A', '17:46:05', 214),
	(799, 1, '2023-07-13 12:16:07.885986', '245da5d8-1f92-4d54-b6be-e3db460ceb78', '2023-07-13 17:46:07.000000', b'1', 'A', '17:46:07', 214),
	(800, 1, '2023-07-13 17:24:25.103107', '538181f9-39f2-43c8-8596-b7309a7dea58', '2023-07-13 22:54:25.000000', b'1', 'A', '22:54:25', 351),
	(801, 1, '2023-07-13 17:24:30.228111', '538181f9-39f2-43c8-8596-b7309a7dea58', '2023-07-13 22:54:30.000000', b'0', 'A', '22:54:30', 351),
	(802, 1, '2023-07-14 04:03:25.123177', 'anonymousUser', '2023-07-14 09:33:25.000000', b'1', 'A', '09:33:25', 352),
	(803, 1, '2023-07-14 04:40:44.720496', '538181f9-39f2-43c8-8596-b7309a7dea58', '2023-07-13 23:59:59.000000', b'0', 'A', '23:59:59', 341),
	(804, 1, '2023-07-14 04:40:44.783057', '538181f9-39f2-43c8-8596-b7309a7dea58', '2023-07-14 10:10:44.000000', b'1', 'A', '10:10:44', 353),
	(805, 1, '2023-07-14 04:44:39.057832', 'c9c5de82-7567-4023-afdb-7555aa120b96', '2023-07-13 23:59:59.000000', b'0', 'A', '23:59:59', 350),
	(806, 1, '2023-07-14 04:44:39.151571', 'c9c5de82-7567-4023-afdb-7555aa120b96', '2023-07-14 10:14:39.000000', b'1', 'A', '10:14:39', 354),
	(807, 1, '2023-07-14 04:48:35.758635', '538181f9-39f2-43c8-8596-b7309a7dea58', '2023-07-14 10:18:35.000000', b'1', 'A', '10:18:35', 355),
	(808, 1, '2023-07-14 04:48:47.430447', '538181f9-39f2-43c8-8596-b7309a7dea58', '2023-07-14 10:18:47.000000', b'1', 'A', '10:18:47', 356),
	(809, 1, '2023-07-14 04:49:03.180458', '538181f9-39f2-43c8-8596-b7309a7dea58', '2023-07-13 23:59:59.000000', b'0', 'A', '23:59:59', 214),
	(810, 1, '2023-07-14 04:49:03.305478', '538181f9-39f2-43c8-8596-b7309a7dea58', '2023-07-14 10:19:03.000000', b'1', 'A', '10:19:03', 357),
	(811, 1, '2023-07-14 04:49:10.914878', '538181f9-39f2-43c8-8596-b7309a7dea58', '2023-07-13 23:59:59.000000', b'0', 'A', '23:59:59', 212),
	(812, 1, '2023-07-14 04:49:10.977372', '538181f9-39f2-43c8-8596-b7309a7dea58', '2023-07-14 10:19:10.000000', b'1', 'A', '10:19:10', 358),
	(813, 1, '2023-07-14 04:49:18.933667', '538181f9-39f2-43c8-8596-b7309a7dea58', '2023-07-13 23:59:59.000000', b'0', 'A', '23:59:59', 216),
	(814, 1, '2023-07-14 04:49:19.027363', '538181f9-39f2-43c8-8596-b7309a7dea58', '2023-07-14 10:19:18.000000', b'1', 'A', '10:19:18', 359),
	(815, 1, '2023-07-14 04:49:26.042956', '538181f9-39f2-43c8-8596-b7309a7dea58', '2023-07-13 23:59:59.000000', b'0', 'A', '23:59:59', 213),
	(816, 1, '2023-07-14 04:49:26.121131', '538181f9-39f2-43c8-8596-b7309a7dea58', '2023-07-14 10:19:26.000000', b'1', 'A', '10:19:26', 360),
	(817, 1, '2023-07-14 04:49:33.011743', '538181f9-39f2-43c8-8596-b7309a7dea58', '2023-07-13 23:59:59.000000', b'0', 'A', '23:59:59', 215),
	(818, 1, '2023-07-14 04:49:33.074223', '538181f9-39f2-43c8-8596-b7309a7dea58', '2023-07-14 10:19:33.000000', b'1', 'A', '10:19:33', 361),
	(819, 1, '2023-07-14 04:49:56.700207', 'b8f33129-b9ce-43db-b11f-1e1b5c0eda8a', '2023-07-14 10:19:56.000000', b'0', 'A', '10:19:56', 358),
	(820, 1, '2023-07-14 04:54:02.349922', '538181f9-39f2-43c8-8596-b7309a7dea58', '2023-07-14 10:24:02.000000', b'0', 'A', '10:24:02', 353),
	(821, 1, '2023-07-14 04:54:06.521564', '538181f9-39f2-43c8-8596-b7309a7dea58', '2023-07-14 10:24:06.000000', b'1', 'A', '10:24:06', 353),
	(822, 1, '2023-07-14 05:12:56.684632', 'b8f33129-b9ce-43db-b11f-1e1b5c0eda8a', '2023-07-14 10:42:56.000000', b'1', 'A', '10:42:56', 358),
	(823, 1, '2023-07-14 05:31:37.269571', 'b8f33129-b9ce-43db-b11f-1e1b5c0eda8a', '2023-07-14 11:01:37.000000', b'0', 'A', '11:01:37', 358),
	(824, 1, '2023-07-14 05:42:49.163876', '538181f9-39f2-43c8-8596-b7309a7dea58', '2023-07-14 11:12:49.000000', b'0', 'A', '11:12:49', 353),
	(825, 1, '2023-07-14 05:45:32.277657', 'c9c5de82-7567-4023-afdb-7555aa120b96', '2023-07-14 11:15:32.000000', b'1', 'A', '11:15:32', 362),
	(826, 1, '2023-07-14 05:46:32.808947', '538181f9-39f2-43c8-8596-b7309a7dea58', '2023-07-14 11:16:32.000000', b'1', 'A', '11:16:32', 353),
	(827, 1, '2023-07-14 06:02:25.831802', '538181f9-39f2-43c8-8596-b7309a7dea58', '2023-07-14 11:32:25.000000', b'1', 'A', '11:32:25', 358),
	(828, 1, '2023-07-14 07:19:51.770149', 'b8f33129-b9ce-43db-b11f-1e1b5c0eda8a', '2023-07-14 12:49:51.000000', b'0', 'A', '12:49:51', 358),
	(829, 1, '2023-07-14 07:22:55.801160', 'b8f33129-b9ce-43db-b11f-1e1b5c0eda8a', '2023-07-14 12:52:55.000000', b'1', 'A', '12:52:55', 358),
	(830, 1, '2023-07-14 07:23:04.238146', 'b8f33129-b9ce-43db-b11f-1e1b5c0eda8a', '2023-07-14 12:53:04.000000', b'0', 'A', '12:53:04', 358),
	(831, 1, '2023-07-14 09:46:34.987143', 'anonymousUser', '2023-07-14 15:16:34.000000', b'1', 'A', '15:16:34', 363),
	(832, 1, '2023-07-14 10:01:55.419164', '245da5d8-1f92-4d54-b6be-e3db460ceb78', '2023-07-14 15:31:55.000000', b'0', 'A', '15:31:55', 357),
	(833, 1, '2023-07-14 10:02:15.706159', '245da5d8-1f92-4d54-b6be-e3db460ceb78', '2023-07-14 15:32:15.000000', b'1', 'A', '15:32:15', 357),
	(834, 1, '2023-07-14 11:52:44.103170', '53f78cbc-f73a-4bee-ada7-e9e823770f2d', '2023-07-14 17:22:44.000000', b'0', 'A', '17:22:44', 360),
	(835, 1, '2023-07-14 11:54:16.803173', '538181f9-39f2-43c8-8596-b7309a7dea58', '2023-07-14 17:24:16.000000', b'0', 'A', '17:24:16', 362),
	(836, 1, '2023-07-14 11:54:24.457137', '538181f9-39f2-43c8-8596-b7309a7dea58', '2023-07-14 17:24:24.000000', b'0', 'A', '17:24:24', 363),
	(837, 1, '2023-07-14 11:54:30.801171', '538181f9-39f2-43c8-8596-b7309a7dea58', '2023-07-14 17:24:30.000000', b'0', 'A', '17:24:30', 356),
	(838, 1, '2023-07-14 11:54:36.704127', '538181f9-39f2-43c8-8596-b7309a7dea58', '2023-07-14 17:24:36.000000', b'0', 'A', '17:24:36', 352),
	(839, 1, '2023-07-14 11:54:45.632158', '538181f9-39f2-43c8-8596-b7309a7dea58', '2023-07-14 17:24:45.000000', b'0', 'A', '17:24:45', 355),
	(840, 1, '2023-07-14 11:54:52.403165', '538181f9-39f2-43c8-8596-b7309a7dea58', '2023-07-14 17:24:52.000000', b'0', 'A', '17:24:52', 357),
	(841, 1, '2023-07-14 11:55:07.917127', '538181f9-39f2-43c8-8596-b7309a7dea58', '2023-07-14 17:25:07.000000', b'0', 'A', '17:25:07', 359),
	(842, 1, '2023-07-14 11:55:47.705161', '538181f9-39f2-43c8-8596-b7309a7dea58', '2023-07-14 17:25:47.000000', b'0', 'A', '17:25:47', 361),
	(843, 1, '2023-07-14 11:55:55.299131', '538181f9-39f2-43c8-8596-b7309a7dea58', '2023-07-14 17:25:55.000000', b'0', 'A', '17:25:55', 354),
	(844, 1, '2023-07-14 11:56:01.807147', '538181f9-39f2-43c8-8596-b7309a7dea58', '2023-07-14 17:26:01.000000', b'0', 'A', '17:26:01', 353),
	(845, 1, '2023-07-14 12:04:54.167170', '57a46b5d-f172-4fe5-b503-cf8b7a0a9faa', '2023-07-14 17:34:54.000000', b'1', 'A', '17:34:54', 364),
	(846, 1, '2023-07-14 12:07:09.729150', '538181f9-39f2-43c8-8596-b7309a7dea58', '2023-07-14 17:37:09.000000', b'1', 'A', '17:37:09', 353),
	(847, 1, '2023-07-17 03:36:01.119989', 'b8f33129-b9ce-43db-b11f-1e1b5c0eda8a', '2023-07-17 09:06:00.000000', b'1', 'A', '09:06:00', 365),
	(848, 1, '2023-07-17 03:36:46.213791', 'b8f33129-b9ce-43db-b11f-1e1b5c0eda8a', '2023-07-17 09:06:46.000000', b'0', 'A', '09:06:46', 365),
	(849, 1, '2023-07-17 04:20:30.638559', '538181f9-39f2-43c8-8596-b7309a7dea58', '2023-07-17 09:50:30.000000', b'1', 'A', '09:50:30', 366),
	(850, 1, '2023-07-17 05:06:00.354815', '245da5d8-1f92-4d54-b6be-e3db460ceb78', '2023-07-17 10:36:00.000000', b'1', 'A', '10:36:00', 367),
	(851, 1, '2023-07-17 06:53:54.367051', '538181f9-39f2-43c8-8596-b7309a7dea58', '2023-07-17 12:23:54.000000', b'1', 'A', '12:23:54', 368),
	(852, 1, '2023-07-17 06:54:37.142551', '538181f9-39f2-43c8-8596-b7309a7dea58', '2023-07-17 12:24:37.000000', b'1', 'A', '12:24:37', 369),
	(853, 1, '2023-07-17 06:55:16.907825', '538181f9-39f2-43c8-8596-b7309a7dea58', '2023-07-17 12:25:16.000000', b'1', 'A', '12:25:16', 370),
	(854, 1, '2023-07-17 06:55:53.814054', '538181f9-39f2-43c8-8596-b7309a7dea58', '2023-07-17 12:25:53.000000', b'1', 'A', '12:25:53', 371),
	(855, 1, '2023-07-17 06:56:04.517187', '538181f9-39f2-43c8-8596-b7309a7dea58', '2023-07-17 12:26:04.000000', b'1', 'A', '12:26:04', 372),
	(856, 1, '2023-07-17 06:56:11.970353', '538181f9-39f2-43c8-8596-b7309a7dea58', '2023-07-17 12:26:11.000000', b'1', 'A', '12:26:11', 373),
	(857, 1, '2023-07-17 06:56:34.704725', '538181f9-39f2-43c8-8596-b7309a7dea58', '2023-07-17 12:26:34.000000', b'1', 'A', '12:26:34', 365),
	(858, 1, '2023-07-17 06:56:45.360965', '538181f9-39f2-43c8-8596-b7309a7dea58', '2023-07-17 12:26:45.000000', b'1', 'A', '12:26:45', 374),
	(859, 1, '2023-07-17 06:56:54.454812', '538181f9-39f2-43c8-8596-b7309a7dea58', '2023-07-17 12:26:54.000000', b'1', 'A', '12:26:54', 375),
	(860, 1, '2023-07-17 06:57:05.720355', '538181f9-39f2-43c8-8596-b7309a7dea58', '2023-07-17 12:27:05.000000', b'1', 'A', '12:27:05', 376),
	(861, 1, '2023-07-17 06:57:58.017016', '538181f9-39f2-43c8-8596-b7309a7dea58', '2023-07-17 12:27:57.000000', b'1', 'A', '12:27:57', 377),
	(862, 1, '2023-07-17 08:35:00.230547', '538181f9-39f2-43c8-8596-b7309a7dea58', '2023-07-17 14:05:00.000000', b'0', 'A', '14:05:00', 366),
	(863, 1, '2023-07-17 08:35:08.601557', '538181f9-39f2-43c8-8596-b7309a7dea58', '2023-07-17 14:05:08.000000', b'1', 'A', '14:05:08', 366),
	(864, 1, '2023-07-17 09:51:37.653572', 'b8f33129-b9ce-43db-b11f-1e1b5c0eda8a', '2023-07-17 15:21:37.000000', b'0', 'A', '15:21:37', 365),
	(865, 1, '2023-07-17 09:54:03.185539', 'b8f33129-b9ce-43db-b11f-1e1b5c0eda8a', '2023-07-17 15:24:03.000000', b'1', 'A', '15:24:03', 365),
	(866, 1, '2023-07-17 10:04:54.375548', 'b8f33129-b9ce-43db-b11f-1e1b5c0eda8a', '2023-07-17 15:34:54.000000', b'0', 'A', '15:34:54', 365),
	(867, 1, '2023-07-17 10:05:13.773576', 'b8f33129-b9ce-43db-b11f-1e1b5c0eda8a', '2023-07-17 15:35:13.000000', b'1', 'A', '15:35:13', 365),
	(868, 1, '2023-07-17 10:09:14.875535', 'b8f33129-b9ce-43db-b11f-1e1b5c0eda8a', '2023-07-17 15:39:14.000000', b'0', 'A', '15:39:14', 365),
	(869, 1, '2023-07-17 10:16:38.611534', 'b8f33129-b9ce-43db-b11f-1e1b5c0eda8a', '2023-07-17 15:46:38.000000', b'1', 'A', '15:46:38', 365),
	(870, 1, '2023-07-17 10:26:11.579553', 'b8f33129-b9ce-43db-b11f-1e1b5c0eda8a', '2023-07-17 15:56:11.000000', b'0', 'A', '15:56:11', 365),
	(871, 1, '2023-07-17 10:26:26.459530', 'b8f33129-b9ce-43db-b11f-1e1b5c0eda8a', '2023-07-17 15:56:26.000000', b'1', 'A', '15:56:26', 365),
	(872, 1, '2023-07-17 10:58:46.188555', 'b8f33129-b9ce-43db-b11f-1e1b5c0eda8a', '2023-07-17 16:28:46.000000', b'0', 'A', '16:28:46', 365),
	(873, 1, '2023-07-17 10:59:59.180559', 'b8f33129-b9ce-43db-b11f-1e1b5c0eda8a', '2023-07-17 16:29:59.000000', b'1', 'A', '16:29:59', 365),
	(874, 1, '2023-07-17 11:00:09.290570', 'b8f33129-b9ce-43db-b11f-1e1b5c0eda8a', '2023-07-17 16:30:09.000000', b'0', 'A', '16:30:09', 365),
	(875, 1, '2023-07-17 11:02:01.355573', 'b8f33129-b9ce-43db-b11f-1e1b5c0eda8a', '2023-07-17 16:32:01.000000', b'1', 'A', '16:32:01', 365),
	(876, 1, '2023-07-17 11:02:39.654563', 'b8f33129-b9ce-43db-b11f-1e1b5c0eda8a', '2023-07-17 16:32:39.000000', b'0', 'A', '16:32:39', 365),
	(877, 1, '2023-07-17 11:10:47.783568', 'b8f33129-b9ce-43db-b11f-1e1b5c0eda8a', '2023-07-17 16:40:47.000000', b'1', 'A', '16:40:47', 365),
	(878, 1, '2023-07-17 11:10:51.845542', 'b8f33129-b9ce-43db-b11f-1e1b5c0eda8a', '2023-07-17 16:40:51.000000', b'0', 'A', '16:40:51', 365),
	(879, 1, '2023-07-17 11:16:47.749551', 'b8f33129-b9ce-43db-b11f-1e1b5c0eda8a', '2023-07-17 16:46:47.000000', b'1', 'A', '16:46:47', 365),
	(880, 1, '2023-07-17 11:19:07.877537', 'b8f33129-b9ce-43db-b11f-1e1b5c0eda8a', '2023-07-17 16:49:07.000000', b'0', 'A', '16:49:07', 365),
	(881, 1, '2023-07-17 11:22:21.049521', 'b8f33129-b9ce-43db-b11f-1e1b5c0eda8a', '2023-07-17 16:52:20.000000', b'1', 'A', '16:52:20', 365),
	(882, 1, '2023-07-17 11:30:38.434622', 'b8f33129-b9ce-43db-b11f-1e1b5c0eda8a', '2023-07-17 17:00:38.000000', b'0', 'A', '17:00:38', 365),
	(883, 1, '2023-07-17 11:30:56.110555', '53f78cbc-f73a-4bee-ada7-e9e823770f2d', '2023-07-17 17:00:56.000000', b'0', 'A', '17:00:56', 375),
	(884, 1, '2023-07-17 11:30:57.845572', '53f78cbc-f73a-4bee-ada7-e9e823770f2d', '2023-07-17 17:00:57.000000', b'1', 'A', '17:00:57', 375),
	(885, 1, '2023-07-17 11:33:08.729552', 'b8f33129-b9ce-43db-b11f-1e1b5c0eda8a', '2023-07-17 17:03:08.000000', b'1', 'A', '17:03:08', 365),
	(886, 1, '2023-07-17 11:33:18.502547', 'b8f33129-b9ce-43db-b11f-1e1b5c0eda8a', '2023-07-17 17:03:18.000000', b'0', 'A', '17:03:18', 365),
	(887, 1, '2023-07-17 11:34:35.708579', 'b8f33129-b9ce-43db-b11f-1e1b5c0eda8a', '2023-07-17 17:04:35.000000', b'1', 'A', '17:04:35', 365),
	(888, 1, '2023-07-17 11:34:38.550574', 'b8f33129-b9ce-43db-b11f-1e1b5c0eda8a', '2023-07-17 17:04:38.000000', b'0', 'A', '17:04:38', 365),
	(889, 1, '2023-07-17 11:40:38.462554', 'b8f33129-b9ce-43db-b11f-1e1b5c0eda8a', '2023-07-17 17:10:38.000000', b'1', 'A', '17:10:38', 365),
	(890, 1, '2023-07-17 11:42:51.661555', 'b8f33129-b9ce-43db-b11f-1e1b5c0eda8a', '2023-07-17 17:12:51.000000', b'0', 'A', '17:12:51', 365),
	(891, 1, '2023-07-17 11:47:31.365586', 'b8f33129-b9ce-43db-b11f-1e1b5c0eda8a', '2023-07-17 17:17:31.000000', b'1', 'A', '17:17:31', 365),
	(892, 1, '2023-07-17 11:47:58.503565', 'b8f33129-b9ce-43db-b11f-1e1b5c0eda8a', '2023-07-17 17:17:58.000000', b'0', 'A', '17:17:58', 365),
	(893, 1, '2023-07-17 11:50:19.604567', '0e4c3fc1-57e7-435d-891b-bc8e989c44a7', '2023-07-17 17:20:19.000000', b'0', 'A', '17:20:19', 368),
	(894, 1, '2023-07-17 11:50:23.369551', '0e4c3fc1-57e7-435d-891b-bc8e989c44a7', '2023-07-17 17:20:23.000000', b'1', 'A', '17:20:23', 368),
	(895, 1, '2023-07-17 11:50:26.614586', '0e4c3fc1-57e7-435d-891b-bc8e989c44a7', '2023-07-17 17:20:26.000000', b'0', 'A', '17:20:26', 368),
	(896, 1, '2023-07-17 11:50:27.955611', '0e4c3fc1-57e7-435d-891b-bc8e989c44a7', '2023-07-17 17:20:27.000000', b'1', 'A', '17:20:27', 368),
	(897, 1, '2023-07-17 11:50:30.642554', '0e4c3fc1-57e7-435d-891b-bc8e989c44a7', '2023-07-17 17:20:30.000000', b'0', 'A', '17:20:30', 368),
	(898, 1, '2023-07-17 11:50:31.196557', '0e4c3fc1-57e7-435d-891b-bc8e989c44a7', '2023-07-17 17:20:31.000000', b'1', 'A', '17:20:31', 368),
	(899, 1, '2023-07-17 11:50:32.003626', '0e4c3fc1-57e7-435d-891b-bc8e989c44a7', '2023-07-17 17:20:31.000000', b'0', 'A', '17:20:31', 368),
	(900, 1, '2023-07-17 11:50:32.657577', '0e4c3fc1-57e7-435d-891b-bc8e989c44a7', '2023-07-17 17:20:32.000000', b'1', 'A', '17:20:32', 368),
	(901, 1, '2023-07-17 11:50:33.479547', '0e4c3fc1-57e7-435d-891b-bc8e989c44a7', '2023-07-17 17:20:33.000000', b'0', 'A', '17:20:33', 368),
	(902, 1, '2023-07-17 11:50:34.137584', '0e4c3fc1-57e7-435d-891b-bc8e989c44a7', '2023-07-17 17:20:34.000000', b'1', 'A', '17:20:34', 368),
	(903, 1, '2023-07-17 11:50:34.810555', '0e4c3fc1-57e7-435d-891b-bc8e989c44a7', '2023-07-17 17:20:34.000000', b'0', 'A', '17:20:34', 368),
	(904, 1, '2023-07-17 11:50:35.424557', '0e4c3fc1-57e7-435d-891b-bc8e989c44a7', '2023-07-17 17:20:35.000000', b'1', 'A', '17:20:35', 368),
	(905, 1, '2023-07-17 11:50:36.094533', '0e4c3fc1-57e7-435d-891b-bc8e989c44a7', '2023-07-17 17:20:36.000000', b'0', 'A', '17:20:36', 368),
	(906, 1, '2023-07-17 11:50:36.672563', '0e4c3fc1-57e7-435d-891b-bc8e989c44a7', '2023-07-17 17:20:36.000000', b'1', 'A', '17:20:36', 368),
	(907, 1, '2023-07-17 11:50:37.369554', '0e4c3fc1-57e7-435d-891b-bc8e989c44a7', '2023-07-17 17:20:37.000000', b'0', 'A', '17:20:37', 368),
	(908, 1, '2023-07-17 11:50:37.932590', '0e4c3fc1-57e7-435d-891b-bc8e989c44a7', '2023-07-17 17:20:37.000000', b'1', 'A', '17:20:37', 368),
	(909, 1, '2023-07-17 11:50:38.938558', '0e4c3fc1-57e7-435d-891b-bc8e989c44a7', '2023-07-17 17:20:38.000000', b'0', 'A', '17:20:38', 368),
	(910, 1, '2023-07-17 11:50:39.723569', '0e4c3fc1-57e7-435d-891b-bc8e989c44a7', '2023-07-17 17:20:39.000000', b'1', 'A', '17:20:39', 368),
	(911, 1, '2023-07-17 11:50:40.885557', '0e4c3fc1-57e7-435d-891b-bc8e989c44a7', '2023-07-17 17:20:40.000000', b'0', 'A', '17:20:40', 368),
	(912, 1, '2023-07-17 11:50:41.635592', '0e4c3fc1-57e7-435d-891b-bc8e989c44a7', '2023-07-17 17:20:41.000000', b'1', 'A', '17:20:41', 368),
	(913, 1, '2023-07-17 11:50:42.776548', '0e4c3fc1-57e7-435d-891b-bc8e989c44a7', '2023-07-17 17:20:42.000000', b'0', 'A', '17:20:42', 368),
	(914, 1, '2023-07-17 11:50:43.504539', '0e4c3fc1-57e7-435d-891b-bc8e989c44a7', '2023-07-17 17:20:43.000000', b'1', 'A', '17:20:43', 368),
	(915, 1, '2023-07-17 11:50:44.559544', '0e4c3fc1-57e7-435d-891b-bc8e989c44a7', '2023-07-17 17:20:44.000000', b'0', 'A', '17:20:44', 368),
	(916, 1, '2023-07-17 11:50:45.340545', '0e4c3fc1-57e7-435d-891b-bc8e989c44a7', '2023-07-17 17:20:45.000000', b'1', 'A', '17:20:45', 368),
	(917, 1, '2023-07-17 11:50:46.067552', 'b8f33129-b9ce-43db-b11f-1e1b5c0eda8a', '2023-07-17 17:20:46.000000', b'1', 'A', '17:20:46', 365),
	(918, 1, '2023-07-17 11:50:46.414546', '0e4c3fc1-57e7-435d-891b-bc8e989c44a7', '2023-07-17 17:20:46.000000', b'0', 'A', '17:20:46', 368),
	(919, 1, '2023-07-17 11:50:47.280575', '0e4c3fc1-57e7-435d-891b-bc8e989c44a7', '2023-07-17 17:20:47.000000', b'1', 'A', '17:20:47', 368),
	(920, 1, '2023-07-17 11:50:48.049589', '0e4c3fc1-57e7-435d-891b-bc8e989c44a7', '2023-07-17 17:20:47.000000', b'0', 'A', '17:20:47', 368),
	(921, 1, '2023-07-17 11:50:48.902548', '0e4c3fc1-57e7-435d-891b-bc8e989c44a7', '2023-07-17 17:20:48.000000', b'1', 'A', '17:20:48', 368),
	(922, 1, '2023-07-17 11:50:49.726570', '0e4c3fc1-57e7-435d-891b-bc8e989c44a7', '2023-07-17 17:20:49.000000', b'0', 'A', '17:20:49', 368),
	(923, 1, '2023-07-17 11:50:50.543567', '0e4c3fc1-57e7-435d-891b-bc8e989c44a7', '2023-07-17 17:20:50.000000', b'1', 'A', '17:20:50', 368),
	(924, 1, '2023-07-17 11:50:51.351539', '0e4c3fc1-57e7-435d-891b-bc8e989c44a7', '2023-07-17 17:20:51.000000', b'0', 'A', '17:20:51', 368),
	(925, 1, '2023-07-17 11:50:52.118554', '0e4c3fc1-57e7-435d-891b-bc8e989c44a7', '2023-07-17 17:20:52.000000', b'1', 'A', '17:20:52', 368),
	(926, 1, '2023-07-17 11:50:53.240529', '0e4c3fc1-57e7-435d-891b-bc8e989c44a7', '2023-07-17 17:20:53.000000', b'0', 'A', '17:20:53', 368),
	(927, 1, '2023-07-17 11:50:54.001566', '0e4c3fc1-57e7-435d-891b-bc8e989c44a7', '2023-07-17 17:20:53.000000', b'1', 'A', '17:20:53', 368),
	(928, 1, '2023-07-17 11:51:58.637547', 'b8f33129-b9ce-43db-b11f-1e1b5c0eda8a', '2023-07-17 17:21:58.000000', b'0', 'A', '17:21:58', 365),
	(929, 1, '2023-07-18 03:59:32.645552', 'b8f33129-b9ce-43db-b11f-1e1b5c0eda8a', '2023-07-18 09:29:32.000000', b'1', 'A', '09:29:32', 378),
	(930, 1, '2023-07-18 04:00:04.257535', 'b8f33129-b9ce-43db-b11f-1e1b5c0eda8a', '2023-07-18 09:30:04.000000', b'0', 'A', '09:30:04', 378),
	(931, 1, '2023-07-18 04:01:39.940591', 'b8f33129-b9ce-43db-b11f-1e1b5c0eda8a', '2023-07-18 09:31:39.000000', b'1', 'A', '09:31:39', 378),
	(932, 1, '2023-07-18 04:07:04.478555', 'b8f33129-b9ce-43db-b11f-1e1b5c0eda8a', '2023-07-18 09:37:04.000000', b'0', 'A', '09:37:04', 378),
	(933, 1, '2023-07-18 04:07:43.686560', 'b8f33129-b9ce-43db-b11f-1e1b5c0eda8a', '2023-07-18 09:37:43.000000', b'1', 'A', '09:37:43', 378),
	(934, 1, '2023-07-18 04:08:04.377536', 'b8f33129-b9ce-43db-b11f-1e1b5c0eda8a', '2023-07-18 09:38:04.000000', b'0', 'A', '09:38:04', 378),
	(935, 1, '2023-07-18 04:39:49.131554', '538181f9-39f2-43c8-8596-b7309a7dea58', '2023-07-17 23:59:59.000000', b'0', 'A', '23:59:59', 366),
	(936, 1, '2023-07-18 04:39:49.239539', '538181f9-39f2-43c8-8596-b7309a7dea58', '2023-07-18 10:09:49.000000', b'1', 'A', '10:09:49', 379),
	(937, 1, '2023-07-18 04:46:54.390561', '538181f9-39f2-43c8-8596-b7309a7dea58', '2023-07-17 23:59:59.000000', b'0', 'A', '23:59:59', 368),
	(938, 1, '2023-07-18 04:46:54.470547', '538181f9-39f2-43c8-8596-b7309a7dea58', '2023-07-18 10:16:54.000000', b'1', 'A', '10:16:54', 380),
	(939, 1, '2023-07-18 04:47:01.468538', '538181f9-39f2-43c8-8596-b7309a7dea58', '2023-07-17 23:59:59.000000', b'0', 'A', '23:59:59', 369),
	(940, 1, '2023-07-18 04:47:01.543523', '538181f9-39f2-43c8-8596-b7309a7dea58', '2023-07-18 10:17:01.000000', b'1', 'A', '10:17:01', 381),
	(941, 1, '2023-07-18 04:47:09.136554', '538181f9-39f2-43c8-8596-b7309a7dea58', '2023-07-17 23:59:59.000000', b'0', 'A', '23:59:59', 370),
	(942, 1, '2023-07-18 04:47:09.204560', '538181f9-39f2-43c8-8596-b7309a7dea58', '2023-07-18 10:17:09.000000', b'1', 'A', '10:17:09', 382),
	(943, 1, '2023-07-18 04:47:17.522555', '538181f9-39f2-43c8-8596-b7309a7dea58', '2023-07-18 10:17:17.000000', b'1', 'A', '10:17:17', 383),
	(944, 1, '2023-07-18 04:47:31.200549', '538181f9-39f2-43c8-8596-b7309a7dea58', '2023-07-17 23:59:59.000000', b'0', 'A', '23:59:59', 371),
	(945, 1, '2023-07-18 04:47:31.304534', '538181f9-39f2-43c8-8596-b7309a7dea58', '2023-07-18 10:17:31.000000', b'1', 'A', '10:17:31', 384),
	(946, 1, '2023-07-18 04:47:36.277535', '538181f9-39f2-43c8-8596-b7309a7dea58', '2023-07-17 23:59:59.000000', b'0', 'A', '23:59:59', 373),
	(947, 1, '2023-07-18 04:47:36.350560', '538181f9-39f2-43c8-8596-b7309a7dea58', '2023-07-18 10:17:36.000000', b'1', 'A', '10:17:36', 385),
	(948, 1, '2023-07-18 04:47:42.136547', '538181f9-39f2-43c8-8596-b7309a7dea58', '2023-07-17 23:59:59.000000', b'0', 'A', '23:59:59', 367),
	(949, 1, '2023-07-18 04:47:42.229536', '538181f9-39f2-43c8-8596-b7309a7dea58', '2023-07-18 10:17:42.000000', b'1', 'A', '10:17:42', 386),
	(950, 1, '2023-07-18 04:47:50.408554', '538181f9-39f2-43c8-8596-b7309a7dea58', '2023-07-18 10:17:50.000000', b'1', 'A', '10:17:50', 378),
	(951, 1, '2023-07-18 04:47:57.891544', '538181f9-39f2-43c8-8596-b7309a7dea58', '2023-07-17 23:59:59.000000', b'0', 'A', '23:59:59', 374),
	(952, 1, '2023-07-18 04:47:57.983584', '538181f9-39f2-43c8-8596-b7309a7dea58', '2023-07-18 10:17:57.000000', b'1', 'A', '10:17:57', 387),
	(953, 1, '2023-07-18 04:48:03.975564', '538181f9-39f2-43c8-8596-b7309a7dea58', '2023-07-17 23:59:59.000000', b'0', 'A', '23:59:59', 375),
	(954, 1, '2023-07-18 04:48:04.071582', '538181f9-39f2-43c8-8596-b7309a7dea58', '2023-07-18 10:18:04.000000', b'1', 'A', '10:18:04', 388),
	(955, 1, '2023-07-18 04:48:10.802537', '538181f9-39f2-43c8-8596-b7309a7dea58', '2023-07-17 23:59:59.000000', b'0', 'A', '23:59:59', 376),
	(956, 1, '2023-07-18 04:48:10.903539', '538181f9-39f2-43c8-8596-b7309a7dea58', '2023-07-18 10:18:10.000000', b'1', 'A', '10:18:10', 389),
	(957, 1, '2023-07-18 04:48:22.650573', '538181f9-39f2-43c8-8596-b7309a7dea58', '2023-07-17 23:59:59.000000', b'0', 'A', '23:59:59', 377),
	(958, 1, '2023-07-18 04:48:22.725578', '538181f9-39f2-43c8-8596-b7309a7dea58', '2023-07-18 10:18:22.000000', b'1', 'A', '10:18:22', 390),
	(959, 1, '2023-07-18 04:55:50.160578', 'b8f33129-b9ce-43db-b11f-1e1b5c0eda8a', '2023-07-18 10:25:50.000000', b'0', 'A', '10:25:50', 378),
	(960, 1, '2023-07-18 04:59:55.224542', 'b8f33129-b9ce-43db-b11f-1e1b5c0eda8a', '2023-07-18 10:29:55.000000', b'1', 'A', '10:29:55', 378),
	(961, 1, '2023-07-18 05:00:04.859555', 'b8f33129-b9ce-43db-b11f-1e1b5c0eda8a', '2023-07-18 10:30:04.000000', b'0', 'A', '10:30:04', 378),
	(962, 1, '2023-07-18 05:01:15.238621', 'b8f33129-b9ce-43db-b11f-1e1b5c0eda8a', '2023-07-18 10:31:15.000000', b'1', 'A', '10:31:15', 378),
	(963, 1, '2023-07-18 05:02:50.881554', 'b8f33129-b9ce-43db-b11f-1e1b5c0eda8a', '2023-07-18 10:32:50.000000', b'0', 'A', '10:32:50', 378),
	(964, 1, '2023-07-18 10:34:40.112271', 'b8f33129-b9ce-43db-b11f-1e1b5c0eda8a', '2023-07-18 16:04:40.000000', b'1', 'A', '16:04:40', 378),
	(965, 1, '2023-07-18 10:34:51.446067', 'b8f33129-b9ce-43db-b11f-1e1b5c0eda8a', '2023-07-18 16:04:51.000000', b'0', 'A', '16:04:51', 378),
	(966, 1, '2023-07-18 10:35:18.646090', 'b8f33129-b9ce-43db-b11f-1e1b5c0eda8a', '2023-07-18 16:05:18.000000', b'1', 'A', '16:05:18', 378),
	(967, 1, '2023-07-18 10:35:29.227824', 'b8f33129-b9ce-43db-b11f-1e1b5c0eda8a', '2023-07-18 16:05:29.000000', b'0', 'A', '16:05:29', 378),
	(968, 1, '2023-07-18 10:35:31.922203', 'b8f33129-b9ce-43db-b11f-1e1b5c0eda8a', '2023-07-18 16:05:31.000000', b'1', 'A', '16:05:31', 378),
	(969, 1, '2023-07-18 11:02:49.605765', 'b8f33129-b9ce-43db-b11f-1e1b5c0eda8a', '2023-07-18 16:32:49.000000', b'0', 'A', '16:32:49', 378),
	(970, 1, '2023-07-18 11:06:03.937251', 'b8f33129-b9ce-43db-b11f-1e1b5c0eda8a', '2023-07-18 16:36:03.000000', b'1', 'A', '16:36:03', 378),
	(971, 1, '2023-07-18 11:20:27.681144', '538181f9-39f2-43c8-8596-b7309a7dea58', '2023-07-18 16:50:27.000000', b'0', 'A', '16:50:27', 379),
	(972, 1, '2023-07-18 11:20:30.279496', '538181f9-39f2-43c8-8596-b7309a7dea58', '2023-07-18 16:50:30.000000', b'1', 'A', '16:50:30', 379),
	(973, 1, '2023-07-18 11:37:41.947583', '538181f9-39f2-43c8-8596-b7309a7dea58', '2023-07-18 17:07:41.000000', b'1', 'A', '17:07:41', 391),
	(974, 1, '2023-07-18 11:53:41.688728', 'b8f33129-b9ce-43db-b11f-1e1b5c0eda8a', '2023-07-18 17:23:41.000000', b'0', 'A', '17:23:41', 378),
	(975, 1, '2023-07-18 12:03:38.986193', 'c9c5de82-7567-4023-afdb-7555aa120b96', '2023-07-18 17:33:38.000000', b'0', 'A', '17:33:38', 391),
	(976, 1, '2023-07-18 12:03:49.401846', 'c9c5de82-7567-4023-afdb-7555aa120b96', '2023-07-18 17:33:49.000000', b'0', 'A', '17:33:49', 380),
	(977, 1, '2023-07-18 12:04:09.178953', 'c9c5de82-7567-4023-afdb-7555aa120b96', '2023-07-18 17:34:09.000000', b'0', 'A', '17:34:09', 381),
	(978, 1, '2023-07-18 12:04:17.773859', 'c9c5de82-7567-4023-afdb-7555aa120b96', '2023-07-18 17:34:17.000000', b'0', 'A', '17:34:17', 382),
	(979, 1, '2023-07-18 12:04:33.135375', 'c9c5de82-7567-4023-afdb-7555aa120b96', '2023-07-18 17:34:33.000000', b'0', 'A', '17:34:33', 383),
	(980, 1, '2023-07-18 12:04:41.880846', 'c9c5de82-7567-4023-afdb-7555aa120b96', '2023-07-18 17:34:41.000000', b'0', 'A', '17:34:41', 384),
	(981, 1, '2023-07-18 12:05:06.636451', 'c9c5de82-7567-4023-afdb-7555aa120b96', '2023-07-18 17:35:06.000000', b'0', 'A', '17:35:06', 385),
	(982, 1, '2023-07-18 12:05:14.708067', 'c9c5de82-7567-4023-afdb-7555aa120b96', '2023-07-18 17:35:14.000000', b'0', 'A', '17:35:14', 386),
	(983, 1, '2023-07-18 12:05:22.057537', 'c9c5de82-7567-4023-afdb-7555aa120b96', '2023-07-18 17:35:22.000000', b'1', 'A', '17:35:22', 378),
	(984, 1, '2023-07-18 12:05:23.663948', 'c9c5de82-7567-4023-afdb-7555aa120b96', '2023-07-18 17:35:23.000000', b'0', 'A', '17:35:23', 378),
	(985, 1, '2023-07-18 12:05:32.331937', 'c9c5de82-7567-4023-afdb-7555aa120b96', '2023-07-18 17:35:32.000000', b'0', 'A', '17:35:32', 387),
	(986, 1, '2023-07-19 03:44:11.769402', '538181f9-39f2-43c8-8596-b7309a7dea58', '2023-07-19 09:14:11.000000', b'1', 'A', '09:14:11', 392),
	(987, 1, '2023-07-19 03:44:18.901843', '538181f9-39f2-43c8-8596-b7309a7dea58', '2023-07-19 09:14:18.000000', b'1', 'A', '09:14:18', 393),
	(988, 1, '2023-07-19 03:44:30.676390', '538181f9-39f2-43c8-8596-b7309a7dea58', '2023-07-19 09:14:30.000000', b'1', 'A', '09:14:30', 394),
	(989, 1, '2023-07-19 03:44:36.835178', 'b8f33129-b9ce-43db-b11f-1e1b5c0eda8a', '2023-07-19 09:14:36.000000', b'1', 'A', '09:14:36', 395),
	(990, 1, '2023-07-19 03:44:47.306635', '538181f9-39f2-43c8-8596-b7309a7dea58', '2023-07-19 09:14:47.000000', b'1', 'A', '09:14:47', 396),
	(991, 1, '2023-07-19 03:44:57.174766', '538181f9-39f2-43c8-8596-b7309a7dea58', '2023-07-19 09:14:57.000000', b'1', 'A', '09:14:57', 397),
	(992, 1, '2023-07-19 03:45:04.671338', '538181f9-39f2-43c8-8596-b7309a7dea58', '2023-07-19 09:15:04.000000', b'1', 'A', '09:15:04', 398),
	(993, 1, '2023-07-19 03:45:12.958329', '538181f9-39f2-43c8-8596-b7309a7dea58', '2023-07-19 09:15:12.000000', b'1', 'A', '09:15:12', 399),
	(994, 1, '2023-07-19 03:45:23.666051', '538181f9-39f2-43c8-8596-b7309a7dea58', '2023-07-19 09:15:23.000000', b'1', 'A', '09:15:23', 400),
	(995, 1, '2023-07-19 03:45:31.113952', '538181f9-39f2-43c8-8596-b7309a7dea58', '2023-07-19 09:15:31.000000', b'1', 'A', '09:15:31', 401),
	(996, 1, '2023-07-19 03:46:04.848873', 'b8f33129-b9ce-43db-b11f-1e1b5c0eda8a', '2023-07-19 09:16:04.000000', b'0', 'A', '09:16:04', 395),
	(997, 1, '2023-07-19 03:46:20.411968', 'b8f33129-b9ce-43db-b11f-1e1b5c0eda8a', '2023-07-19 09:16:20.000000', b'1', 'A', '09:16:20', 395),
	(998, 1, '2023-07-19 03:47:28.651168', '538181f9-39f2-43c8-8596-b7309a7dea58', '2023-07-18 23:59:59.000000', b'0', 'A', '23:59:59', 379),
	(999, 1, '2023-07-19 03:47:28.742288', '538181f9-39f2-43c8-8596-b7309a7dea58', '2023-07-19 09:17:28.000000', b'1', 'A', '09:17:28', 402),
	(1000, 1, '2023-07-19 03:48:53.839451', '538181f9-39f2-43c8-8596-b7309a7dea58', '2023-07-19 09:18:53.000000', b'1', 'A', '09:18:53', 403),
	(1001, 1, '2023-07-19 03:50:01.769757', '538181f9-39f2-43c8-8596-b7309a7dea58', '2023-07-18 23:59:59.000000', b'0', 'A', '23:59:59', 390),
	(1002, 1, '2023-07-19 03:50:01.867918', '538181f9-39f2-43c8-8596-b7309a7dea58', '2023-07-19 09:20:01.000000', b'1', 'A', '09:20:01', 404),
	(1003, 1, '2023-07-19 03:50:08.813666', 'b8f33129-b9ce-43db-b11f-1e1b5c0eda8a', '2023-07-19 09:20:08.000000', b'0', 'A', '09:20:08', 395),
	(1004, 1, '2023-07-19 03:50:23.169882', '538181f9-39f2-43c8-8596-b7309a7dea58', '2023-07-18 23:59:59.000000', b'0', 'A', '23:59:59', 388),
	(1005, 1, '2023-07-19 03:50:23.269027', '538181f9-39f2-43c8-8596-b7309a7dea58', '2023-07-19 09:20:23.000000', b'1', 'A', '09:20:23', 405),
	(1006, 1, '2023-07-19 03:57:46.273775', '538181f9-39f2-43c8-8596-b7309a7dea58', '2023-07-19 09:27:46.000000', b'1', 'A', '09:27:46', 406),
	(1007, 1, '2023-07-19 04:29:19.993625', '118b393b-d112-45c5-9d70-4860114f8eea', '2023-07-18 23:59:59.000000', b'0', 'A', '23:59:59', 389),
	(1008, 1, '2023-07-19 04:29:20.061759', '118b393b-d112-45c5-9d70-4860114f8eea', '2023-07-19 09:59:20.000000', b'1', 'A', '09:59:20', 407),
	(1009, 1, '2023-07-19 05:55:17.095140', '538181f9-39f2-43c8-8596-b7309a7dea58', '2023-07-19 11:25:17.000000', b'0', 'A', '11:25:17', 402),
	(1010, 1, '2023-07-19 05:55:37.077549', '538181f9-39f2-43c8-8596-b7309a7dea58', '2023-07-19 11:25:37.000000', b'1', 'A', '11:25:37', 402),
	(1011, 1, '2023-07-19 08:50:30.325887', 'c9c5de82-7567-4023-afdb-7555aa120b96', '2023-07-19 14:20:30.000000', b'1', 'A', '14:20:30', 408),
	(1012, 1, '2023-07-19 08:56:33.234992', 'c9c5de82-7567-4023-afdb-7555aa120b96', '2023-07-19 14:26:33.000000', b'1', 'A', '14:26:33', 409),
	(1013, 1, '2023-07-19 09:07:13.147307', 'b8f33129-b9ce-43db-b11f-1e1b5c0eda8a', '2023-07-19 14:37:13.000000', b'1', 'A', '14:37:13', 395),
	(1014, 1, '2023-07-19 09:11:04.201721', 'b8f33129-b9ce-43db-b11f-1e1b5c0eda8a', '2023-07-19 14:41:04.000000', b'0', 'A', '14:41:04', 395),
	(1015, 1, '2023-07-19 09:18:04.218590', 'c9c5de82-7567-4023-afdb-7555aa120b96', '2023-07-19 14:48:04.000000', b'1', 'A', '14:48:04', 410),
	(1016, 1, '2023-07-19 09:20:02.474044', '99c16640-80aa-48d6-9016-efa89603fddb', '2023-07-19 14:50:02.000000', b'1', 'A', '14:50:02', 411),
	(1017, 1, '2023-07-19 09:25:17.014428', '538181f9-39f2-43c8-8596-b7309a7dea58', '2023-07-19 14:55:16.000000', b'0', 'A', '14:55:16', 402),
	(1018, 1, '2023-07-19 12:47:13.713358', '0e93736c-591c-4a65-b352-5fc83979bfde', '2023-07-19 18:17:13.000000', b'0', 'A', '18:17:13', 403),
	(1019, 1, '2023-07-20 03:45:13.524580', 'b8f33129-b9ce-43db-b11f-1e1b5c0eda8a', '2023-07-20 09:15:13.000000', b'1', 'A', '09:15:13', 412),
	(1020, 1, '2023-07-20 03:45:46.233970', 'b8f33129-b9ce-43db-b11f-1e1b5c0eda8a', '2023-07-20 09:15:46.000000', b'0', 'A', '09:15:46', 412),
	(1021, 1, '2023-07-20 03:46:14.227007', 'b8f33129-b9ce-43db-b11f-1e1b5c0eda8a', '2023-07-20 09:16:14.000000', b'1', 'A', '09:16:14', 412),
	(1022, 1, '2023-07-20 03:47:12.225459', '538181f9-39f2-43c8-8596-b7309a7dea58', '2023-07-20 09:17:12.000000', b'1', 'A', '09:17:12', 413),
	(1023, 1, '2023-07-20 03:47:24.148171', '538181f9-39f2-43c8-8596-b7309a7dea58', '2023-07-19 23:59:59.000000', b'0', 'A', '23:59:59', 410),
	(1024, 1, '2023-07-20 03:47:24.258306', '538181f9-39f2-43c8-8596-b7309a7dea58', '2023-07-20 09:17:24.000000', b'1', 'A', '09:17:24', 414),
	(1025, 1, '2023-07-20 03:47:31.349275', '538181f9-39f2-43c8-8596-b7309a7dea58', '2023-07-19 23:59:59.000000', b'0', 'A', '23:59:59', 408),
	(1026, 1, '2023-07-20 03:47:31.452455', '538181f9-39f2-43c8-8596-b7309a7dea58', '2023-07-20 09:17:31.000000', b'1', 'A', '09:17:31', 415),
	(1027, 1, '2023-07-20 03:47:39.968910', '538181f9-39f2-43c8-8596-b7309a7dea58', '2023-07-19 23:59:59.000000', b'0', 'A', '23:59:59', 411),
	(1028, 1, '2023-07-20 03:47:40.105081', '538181f9-39f2-43c8-8596-b7309a7dea58', '2023-07-20 09:17:40.000000', b'1', 'A', '09:17:40', 416),
	(1029, 1, '2023-07-20 03:47:47.298316', '538181f9-39f2-43c8-8596-b7309a7dea58', '2023-07-20 09:17:47.000000', b'1', 'A', '09:17:47', 417),
	(1030, 1, '2023-07-20 03:47:57.754896', '538181f9-39f2-43c8-8596-b7309a7dea58', '2023-07-19 23:59:59.000000', b'0', 'A', '23:59:59', 406),
	(1031, 1, '2023-07-20 03:47:57.860997', '538181f9-39f2-43c8-8596-b7309a7dea58', '2023-07-20 09:17:57.000000', b'1', 'A', '09:17:57', 418),
	(1032, 1, '2023-07-20 03:48:06.387248', '538181f9-39f2-43c8-8596-b7309a7dea58', '2023-07-19 23:59:59.000000', b'0', 'A', '23:59:59', 392),
	(1033, 1, '2023-07-20 03:48:06.473783', '538181f9-39f2-43c8-8596-b7309a7dea58', '2023-07-20 09:18:06.000000', b'1', 'A', '09:18:06', 419),
	(1034, 1, '2023-07-20 03:48:13.907330', '538181f9-39f2-43c8-8596-b7309a7dea58', '2023-07-19 23:59:59.000000', b'0', 'A', '23:59:59', 393),
	(1035, 1, '2023-07-20 03:48:14.016427', '538181f9-39f2-43c8-8596-b7309a7dea58', '2023-07-20 09:18:13.000000', b'1', 'A', '09:18:13', 420),
	(1036, 1, '2023-07-20 03:48:23.012772', '538181f9-39f2-43c8-8596-b7309a7dea58', '2023-07-20 09:18:22.000000', b'1', 'A', '09:18:22', 421),
	(1037, 1, '2023-07-20 03:48:30.576824', '538181f9-39f2-43c8-8596-b7309a7dea58', '2023-07-19 23:59:59.000000', b'0', 'A', '23:59:59', 396),
	(1038, 1, '2023-07-20 03:48:30.689954', '538181f9-39f2-43c8-8596-b7309a7dea58', '2023-07-20 09:18:30.000000', b'1', 'A', '09:18:30', 422),
	(1039, 1, '2023-07-20 03:49:07.243977', '538181f9-39f2-43c8-8596-b7309a7dea58', '2023-07-20 09:19:07.000000', b'1', 'A', '09:19:07', 423),
	(1040, 1, '2023-07-20 03:49:23.358982', '538181f9-39f2-43c8-8596-b7309a7dea58', '2023-07-19 23:59:59.000000', b'0', 'A', '23:59:59', 398),
	(1041, 1, '2023-07-20 03:49:23.472151', '538181f9-39f2-43c8-8596-b7309a7dea58', '2023-07-20 09:19:23.000000', b'1', 'A', '09:19:23', 424),
	(1042, 1, '2023-07-20 03:50:33.398795', '538181f9-39f2-43c8-8596-b7309a7dea58', '2023-07-20 09:20:33.000000', b'1', 'A', '09:20:33', 425),
	(1043, 1, '2023-07-20 04:00:24.177171', '538181f9-39f2-43c8-8596-b7309a7dea58', '2023-07-19 23:59:59.000000', b'0', 'A', '23:59:59', 400),
	(1044, 1, '2023-07-20 04:00:24.283381', '538181f9-39f2-43c8-8596-b7309a7dea58', '2023-07-20 09:30:24.000000', b'1', 'A', '09:30:24', 426),
	(1045, 1, '2023-07-20 04:00:47.654607', '538181f9-39f2-43c8-8596-b7309a7dea58', '2023-07-19 23:59:59.000000', b'0', 'A', '23:59:59', 401),
	(1046, 1, '2023-07-20 04:00:47.770958', '538181f9-39f2-43c8-8596-b7309a7dea58', '2023-07-20 09:30:47.000000', b'1', 'A', '09:30:47', 427),
	(1047, 1, '2023-07-20 04:56:11.080031', 'b8f33129-b9ce-43db-b11f-1e1b5c0eda8a', '2023-07-20 10:26:11.000000', b'0', 'A', '10:26:11', 412),
	(1048, 1, '2023-07-20 05:07:08.558485', '538181f9-39f2-43c8-8596-b7309a7dea58', '2023-07-19 23:59:59.000000', b'0', 'A', '23:59:59', 404),
	(1049, 1, '2023-07-20 05:07:08.664128', '538181f9-39f2-43c8-8596-b7309a7dea58', '2023-07-20 10:37:08.000000', b'1', 'A', '10:37:08', 428),
	(1050, 1, '2023-07-20 05:09:45.754566', '538181f9-39f2-43c8-8596-b7309a7dea58', '2023-07-19 23:59:59.000000', b'0', 'A', '23:59:59', 405),
	(1051, 1, '2023-07-20 05:09:45.855763', '538181f9-39f2-43c8-8596-b7309a7dea58', '2023-07-20 10:39:45.000000', b'1', 'A', '10:39:45', 429),
	(1052, 1, '2023-07-20 06:27:54.214753', '538181f9-39f2-43c8-8596-b7309a7dea58', '2023-07-20 11:57:54.000000', b'1', 'A', '11:57:54', 430),
	(1053, 1, '2023-07-20 06:46:20.326989', 'b8f33129-b9ce-43db-b11f-1e1b5c0eda8a', '2023-07-20 12:16:20.000000', b'1', 'A', '12:16:20', 412),
	(1054, 1, '2023-07-20 06:47:16.447476', 'b8f33129-b9ce-43db-b11f-1e1b5c0eda8a', '2023-07-20 12:17:16.000000', b'0', 'A', '12:17:16', 412),
	(1055, 1, '2023-07-20 06:48:31.556791', 'b8f33129-b9ce-43db-b11f-1e1b5c0eda8a', '2023-07-20 12:18:31.000000', b'1', 'A', '12:18:31', 412),
	(1056, 1, '2023-07-20 06:49:06.164260', 'b8f33129-b9ce-43db-b11f-1e1b5c0eda8a', '2023-07-20 12:19:06.000000', b'0', 'A', '12:19:06', 412),
	(1057, 1, '2023-07-20 06:50:18.704096', 'b8f33129-b9ce-43db-b11f-1e1b5c0eda8a', '2023-07-20 12:20:18.000000', b'1', 'A', '12:20:18', 412),
	(1058, 1, '2023-07-20 07:08:45.745115', 'b8f33129-b9ce-43db-b11f-1e1b5c0eda8a', '2023-07-20 12:38:45.000000', b'0', 'A', '12:38:45', 412),
	(1059, 1, '2023-07-20 07:10:04.219993', '118b393b-d112-45c5-9d70-4860114f8eea', '2023-07-19 23:59:59.000000', b'0', 'A', '23:59:59', 407),
	(1060, 1, '2023-07-20 07:10:04.316161', '118b393b-d112-45c5-9d70-4860114f8eea', '2023-07-20 12:40:04.000000', b'1', 'A', '12:40:04', 431),
	(1061, 1, '2023-07-20 07:35:01.362450', 'b8f33129-b9ce-43db-b11f-1e1b5c0eda8a', '2023-07-20 13:05:01.000000', b'1', 'A', '13:05:01', 412),
	(1062, 1, '2023-07-20 07:35:05.329567', 'b8f33129-b9ce-43db-b11f-1e1b5c0eda8a', '2023-07-20 13:05:05.000000', b'0', 'A', '13:05:05', 412),
	(1063, 1, '2023-07-20 07:36:17.900437', 'b8f33129-b9ce-43db-b11f-1e1b5c0eda8a', '2023-07-20 13:06:17.000000', b'1', 'A', '13:06:17', 412),
	(1064, 1, '2023-07-20 07:57:51.540311', 'b8f33129-b9ce-43db-b11f-1e1b5c0eda8a', '2023-07-20 13:27:51.000000', b'0', 'A', '13:27:51', 412),
	(1065, 1, '2023-07-20 07:59:04.479632', 'b8f33129-b9ce-43db-b11f-1e1b5c0eda8a', '2023-07-20 13:29:04.000000', b'1', 'A', '13:29:04', 412),
	(1066, 1, '2023-07-20 07:59:14.868050', 'b8f33129-b9ce-43db-b11f-1e1b5c0eda8a', '2023-07-20 13:29:14.000000', b'0', 'A', '13:29:14', 412),
	(1067, 1, '2023-07-20 07:59:27.928318', 'b8f33129-b9ce-43db-b11f-1e1b5c0eda8a', '2023-07-20 13:29:27.000000', b'1', 'A', '13:29:27', 412),
	(1068, 1, '2023-07-20 09:08:45.736635', 'b8f33129-b9ce-43db-b11f-1e1b5c0eda8a', '2023-07-20 14:38:45.000000', b'0', 'A', '14:38:45', 412),
	(1069, 1, '2023-07-20 10:39:28.264109', '538181f9-39f2-43c8-8596-b7309a7dea58', '2023-07-20 16:09:27.000000', b'0', 'A', '16:09:27', 423),
	(1070, 1, '2023-07-20 10:39:35.654018', '538181f9-39f2-43c8-8596-b7309a7dea58', '2023-07-20 16:09:35.000000', b'1', 'A', '16:09:35', 423),
	(1071, 1, '2023-07-20 10:43:08.919664', '538181f9-39f2-43c8-8596-b7309a7dea58', '2023-07-20 16:13:08.000000', b'0', 'A', '16:13:08', 423),
	(1072, 1, '2023-07-20 10:54:58.853460', '538181f9-39f2-43c8-8596-b7309a7dea58', '2023-07-20 16:24:58.000000', b'1', 'A', '16:24:58', 423),
	(1073, 1, '2023-07-20 10:56:07.322130', '538181f9-39f2-43c8-8596-b7309a7dea58', '2023-07-20 16:26:07.000000', b'1', 'A', '16:26:07', 432),
	(1074, 1, '2023-07-20 11:01:28.127373', '538181f9-39f2-43c8-8596-b7309a7dea58', '2023-07-20 16:31:28.000000', b'1', 'A', '16:31:28', 433),
	(1075, 1, '2023-07-20 14:36:04.725678', 'c9c5de82-7567-4023-afdb-7555aa120b96', '2023-07-20 20:06:04.000000', b'1', 'A', '20:06:04', 434),
	(1076, 1, '2023-07-20 15:09:23.631221', 'c9c5de82-7567-4023-afdb-7555aa120b96', '2023-07-20 20:39:23.000000', b'0', 'A', '20:39:23', 428),
	(1077, 1, '2023-07-20 15:09:34.468600', 'c9c5de82-7567-4023-afdb-7555aa120b96', '2023-07-20 20:39:34.000000', b'1', 'A', '20:39:34', 428),
	(1078, 1, '2023-07-21 03:41:38.213679', 'b8f33129-b9ce-43db-b11f-1e1b5c0eda8a', '2023-07-21 09:11:38.000000', b'1', 'A', '09:11:38', 435),
	(1079, 1, '2023-07-21 03:42:03.331771', 'b8f33129-b9ce-43db-b11f-1e1b5c0eda8a', '2023-07-21 09:12:03.000000', b'0', 'A', '09:12:03', 435),
	(1080, 1, '2023-07-21 04:07:00.107039', '538181f9-39f2-43c8-8596-b7309a7dea58', '2023-07-20 23:59:59.000000', b'0', 'A', '23:59:59', 423),
	(1081, 1, '2023-07-21 04:07:00.225206', '538181f9-39f2-43c8-8596-b7309a7dea58', '2023-07-21 09:37:00.000000', b'1', 'A', '09:37:00', 436),
	(1082, 1, '2023-07-21 04:35:43.920242', '538181f9-39f2-43c8-8596-b7309a7dea58', '2023-07-20 23:59:59.000000', b'0', 'A', '23:59:59', 434),
	(1083, 1, '2023-07-21 04:35:44.044413', '538181f9-39f2-43c8-8596-b7309a7dea58', '2023-07-21 10:05:43.000000', b'1', 'A', '10:05:43', 437),
	(1084, 1, '2023-07-21 04:36:10.997801', '538181f9-39f2-43c8-8596-b7309a7dea58', '2023-07-20 23:59:59.000000', b'0', 'A', '23:59:59', 433),
	(1085, 1, '2023-07-21 04:36:11.124975', '538181f9-39f2-43c8-8596-b7309a7dea58', '2023-07-21 10:06:11.000000', b'1', 'A', '10:06:11', 438),
	(1086, 1, '2023-07-21 04:36:19.188741', '538181f9-39f2-43c8-8596-b7309a7dea58', '2023-07-20 23:59:59.000000', b'0', 'A', '23:59:59', 432),
	(1087, 1, '2023-07-21 04:36:19.306938', '538181f9-39f2-43c8-8596-b7309a7dea58', '2023-07-21 10:06:19.000000', b'1', 'A', '10:06:19', 439),
	(1088, 1, '2023-07-21 04:36:25.867446', '538181f9-39f2-43c8-8596-b7309a7dea58', '2023-07-20 23:59:59.000000', b'0', 'A', '23:59:59', 430),
	(1089, 1, '2023-07-21 04:36:25.959151', '538181f9-39f2-43c8-8596-b7309a7dea58', '2023-07-21 10:06:25.000000', b'1', 'A', '10:06:25', 440),
	(1090, 1, '2023-07-21 04:36:34.936635', '538181f9-39f2-43c8-8596-b7309a7dea58', '2023-07-20 23:59:59.000000', b'0', 'A', '23:59:59', 413),
	(1091, 1, '2023-07-21 04:36:35.054857', '538181f9-39f2-43c8-8596-b7309a7dea58', '2023-07-21 10:06:34.000000', b'1', 'A', '10:06:34', 441),
	(1092, 1, '2023-07-21 04:36:41.097604', '538181f9-39f2-43c8-8596-b7309a7dea58', '2023-07-20 23:59:59.000000', b'0', 'A', '23:59:59', 414),
	(1093, 1, '2023-07-21 04:36:41.220703', '538181f9-39f2-43c8-8596-b7309a7dea58', '2023-07-21 10:06:41.000000', b'1', 'A', '10:06:41', 442),
	(1094, 1, '2023-07-21 04:36:48.766869', '538181f9-39f2-43c8-8596-b7309a7dea58', '2023-07-20 23:59:59.000000', b'0', 'A', '23:59:59', 415),
	(1095, 1, '2023-07-21 04:36:48.883076', '538181f9-39f2-43c8-8596-b7309a7dea58', '2023-07-21 10:06:48.000000', b'1', 'A', '10:06:48', 443),
	(1096, 1, '2023-07-21 04:36:59.353430', '538181f9-39f2-43c8-8596-b7309a7dea58', '2023-07-20 23:59:59.000000', b'0', 'A', '23:59:59', 416),
	(1097, 1, '2023-07-21 04:36:59.484546', '538181f9-39f2-43c8-8596-b7309a7dea58', '2023-07-21 10:06:59.000000', b'1', 'A', '10:06:59', 444),
	(1098, 1, '2023-07-21 04:37:10.422397', '538181f9-39f2-43c8-8596-b7309a7dea58', '2023-07-21 10:07:10.000000', b'1', 'A', '10:07:10', 445),
	(1099, 1, '2023-07-21 04:37:57.584995', '538181f9-39f2-43c8-8596-b7309a7dea58', '2023-07-20 23:59:59.000000', b'0', 'A', '23:59:59', 417),
	(1100, 1, '2023-07-21 04:37:57.663166', '538181f9-39f2-43c8-8596-b7309a7dea58', '2023-07-21 10:07:57.000000', b'1', 'A', '10:07:57', 446),
	(1101, 1, '2023-07-21 04:54:54.141166', '538181f9-39f2-43c8-8596-b7309a7dea58', '2023-07-20 23:59:59.000000', b'0', 'A', '23:59:59', 418),
	(1102, 1, '2023-07-21 04:54:54.228339', '538181f9-39f2-43c8-8596-b7309a7dea58', '2023-07-21 10:24:54.000000', b'1', 'A', '10:24:54', 447),
	(1103, 1, '2023-07-21 04:58:09.556347', '538181f9-39f2-43c8-8596-b7309a7dea58', '2023-07-21 10:28:09.000000', b'0', 'A', '10:28:09', 436),
	(1104, 1, '2023-07-21 04:59:05.006697', '538181f9-39f2-43c8-8596-b7309a7dea58', '2023-07-21 10:29:04.000000', b'1', 'A', '10:29:04', 436),
	(1105, 1, '2023-07-21 05:02:43.170041', '538181f9-39f2-43c8-8596-b7309a7dea58', '2023-07-21 10:32:43.000000', b'0', 'A', '10:32:43', 436),
	(1106, 1, '2023-07-21 05:04:04.078778', '538181f9-39f2-43c8-8596-b7309a7dea58', '2023-07-20 23:59:59.000000', b'0', 'A', '23:59:59', 419),
	(1107, 1, '2023-07-21 05:04:04.159941', '538181f9-39f2-43c8-8596-b7309a7dea58', '2023-07-21 10:34:04.000000', b'1', 'A', '10:34:04', 448),
	(1108, 1, '2023-07-21 05:04:37.148028', '538181f9-39f2-43c8-8596-b7309a7dea58', '2023-07-20 23:59:59.000000', b'0', 'A', '23:59:59', 428),
	(1109, 1, '2023-07-21 05:04:37.235196', '538181f9-39f2-43c8-8596-b7309a7dea58', '2023-07-21 10:34:37.000000', b'1', 'A', '10:34:37', 449),
	(1110, 1, '2023-07-21 05:06:25.575131', '538181f9-39f2-43c8-8596-b7309a7dea58', '2023-07-20 23:59:59.000000', b'0', 'A', '23:59:59', 420),
	(1111, 1, '2023-07-21 05:06:25.681050', '538181f9-39f2-43c8-8596-b7309a7dea58', '2023-07-21 10:36:25.000000', b'1', 'A', '10:36:25', 450),
	(1112, 1, '2023-07-21 05:06:43.706718', '538181f9-39f2-43c8-8596-b7309a7dea58', '2023-07-20 23:59:59.000000', b'0', 'A', '23:59:59', 421),
	(1113, 1, '2023-07-21 05:06:43.811089', '538181f9-39f2-43c8-8596-b7309a7dea58', '2023-07-21 10:36:43.000000', b'1', 'A', '10:36:43', 451),
	(1115, 1, '2023-07-21 05:10:10.988078', '538181f9-39f2-43c8-8596-b7309a7dea58', '2023-07-20 23:59:59.000000', b'0', 'A', '23:59:59', 426),
	(1116, 1, '2023-07-21 05:10:11.076089', '538181f9-39f2-43c8-8596-b7309a7dea58', '2023-07-21 10:40:11.000000', b'1', 'A', '10:40:11', 453),
	(1117, 1, '2023-07-21 05:10:30.154559', '538181f9-39f2-43c8-8596-b7309a7dea58', '2023-07-20 23:59:59.000000', b'0', 'A', '23:59:59', 427),
	(1118, 1, '2023-07-21 05:10:30.252672', '538181f9-39f2-43c8-8596-b7309a7dea58', '2023-07-21 10:40:30.000000', b'1', 'A', '10:40:30', 454),
	(1119, 1, '2023-07-21 05:10:52.381323', '538181f9-39f2-43c8-8596-b7309a7dea58', '2023-07-21 10:40:52.000000', b'1', 'A', '10:40:52', 435),
	(1120, 1, '2023-07-21 05:11:19.546572', '538181f9-39f2-43c8-8596-b7309a7dea58', '2023-07-20 23:59:59.000000', b'0', 'A', '23:59:59', 425),
	(1121, 1, '2023-07-21 05:11:19.643781', '538181f9-39f2-43c8-8596-b7309a7dea58', '2023-07-21 10:41:19.000000', b'1', 'A', '10:41:19', 455),
	(1122, 1, '2023-07-21 05:11:39.480758', '538181f9-39f2-43c8-8596-b7309a7dea58', '2023-07-20 23:59:59.000000', b'0', 'A', '23:59:59', 429),
	(1123, 1, '2023-07-21 05:11:39.578894', '538181f9-39f2-43c8-8596-b7309a7dea58', '2023-07-21 10:41:39.000000', b'1', 'A', '10:41:39', 456),
	(1124, 1, '2023-07-21 05:12:04.877251', '538181f9-39f2-43c8-8596-b7309a7dea58', '2023-07-20 23:59:59.000000', b'0', 'A', '23:59:59', 431),
	(1125, 1, '2023-07-21 05:12:04.970409', '538181f9-39f2-43c8-8596-b7309a7dea58', '2023-07-21 10:42:04.000000', b'1', 'A', '10:42:04', 457),
	(1126, 1, '2023-07-21 05:44:37.866693', '538181f9-39f2-43c8-8596-b7309a7dea58', '2023-07-21 11:14:37.000000', b'1', 'A', '11:14:37', 436),
	(1127, 1, '2023-07-21 05:45:04.211439', '538181f9-39f2-43c8-8596-b7309a7dea58', '2023-07-21 11:15:04.000000', b'0', 'A', '11:15:04', 436),
	(1128, 1, '2023-07-21 05:50:18.969782', '538181f9-39f2-43c8-8596-b7309a7dea58', '2023-07-21 11:20:18.000000', b'1', 'A', '11:20:18', 436),
	(1129, 1, '2023-07-21 06:17:00.528846', '538181f9-39f2-43c8-8596-b7309a7dea58', '2023-07-21 11:47:00.000000', b'0', 'A', '11:47:00', 436),
	(1130, 1, '2023-07-21 06:52:53.775351', 'b8f33129-b9ce-43db-b11f-1e1b5c0eda8a', '2023-07-21 12:22:53.000000', b'0', 'A', '12:22:53', 435),
	(1131, 1, '2023-07-21 07:10:42.435251', '538181f9-39f2-43c8-8596-b7309a7dea58', '2023-07-21 12:40:42.000000', b'1', 'A', '12:40:42', 458),
	(1132, 1, '2023-07-21 07:28:47.767232', '538181f9-39f2-43c8-8596-b7309a7dea58', '2023-07-21 12:58:47.000000', b'1', 'A', '12:58:47', 436),
	(1133, 1, '2023-07-21 07:28:50.969195', '538181f9-39f2-43c8-8596-b7309a7dea58', '2023-07-21 12:58:50.000000', b'0', 'A', '12:58:50', 436),
	(1134, 1, '2023-07-21 07:59:07.177292', '538181f9-39f2-43c8-8596-b7309a7dea58', '2023-07-21 13:29:07.000000', b'1', 'A', '13:29:07', 436),
	(1135, 1, '2023-07-21 08:04:41.182765', 'b8f33129-b9ce-43db-b11f-1e1b5c0eda8a', '2023-07-21 13:34:41.000000', b'1', 'A', '13:34:41', 435),
	(1136, 1, '2023-07-21 08:04:41.263341', 'b8f33129-b9ce-43db-b11f-1e1b5c0eda8a', '2023-07-21 13:34:41.000000', b'0', 'A', '13:34:41', 435),
	(1137, 1, '2023-07-21 08:05:27.003638', 'b8f33129-b9ce-43db-b11f-1e1b5c0eda8a', '2023-07-21 13:35:26.000000', b'1', 'A', '13:35:26', 435),
	(1138, 1, '2023-07-21 08:08:10.695676', 'b8f33129-b9ce-43db-b11f-1e1b5c0eda8a', '2023-07-21 13:38:10.000000', b'0', 'A', '13:38:10', 435),
	(1139, 1, '2023-07-21 08:25:39.779109', '538181f9-39f2-43c8-8596-b7309a7dea58', '2023-07-21 13:55:39.000000', b'0', 'A', '13:55:39', 436),
	(1140, 1, '2023-07-21 08:36:39.519387', '538181f9-39f2-43c8-8596-b7309a7dea58', '2023-07-21 14:06:39.000000', b'1', 'A', '14:06:39', 436),
	(1141, 1, '2023-07-21 08:36:56.942817', '538181f9-39f2-43c8-8596-b7309a7dea58', '2023-07-21 14:06:56.000000', b'0', 'A', '14:06:56', 436),
	(1142, 1, '2023-07-21 09:43:24.227197', 'b8f33129-b9ce-43db-b11f-1e1b5c0eda8a', '2023-07-21 15:13:24.000000', b'1', 'A', '15:13:24', 435),
	(1143, 1, '2023-07-21 09:45:50.133181', 'b8f33129-b9ce-43db-b11f-1e1b5c0eda8a', '2023-07-21 15:15:50.000000', b'0', 'A', '15:15:50', 435),
	(1144, 1, '2023-07-24 05:05:38.635125', '538181f9-39f2-43c8-8596-b7309a7dea58', '2023-07-24 10:35:38.000000', b'1', 'A', '10:35:38', 459),
	(1145, 1, '2023-07-24 07:24:47.038724', 'b8f33129-b9ce-43db-b11f-1e1b5c0eda8a', '2023-07-24 12:54:46.000000', b'1', 'A', '12:54:46', 460),
	(1146, 1, '2023-07-24 07:27:48.425463', 'b8f33129-b9ce-43db-b11f-1e1b5c0eda8a', '2023-07-24 12:57:48.000000', b'0', 'A', '12:57:48', 460),
	(1147, 1, '2023-07-24 07:27:59.169160', 'b8f33129-b9ce-43db-b11f-1e1b5c0eda8a', '2023-07-24 12:57:59.000000', b'1', 'A', '12:57:59', 460),
	(1148, 1, '2023-07-24 07:30:46.399868', 'b8f33129-b9ce-43db-b11f-1e1b5c0eda8a', '2023-07-24 13:00:46.000000', b'0', 'A', '13:00:46', 460),
	(1149, 1, '2023-07-24 07:31:00.055262', 'b8f33129-b9ce-43db-b11f-1e1b5c0eda8a', '2023-07-24 13:01:00.000000', b'1', 'A', '13:01:00', 460),
	(1150, 1, '2023-07-24 08:24:26.292411', 'b8f33129-b9ce-43db-b11f-1e1b5c0eda8a', '2023-07-24 13:54:26.000000', b'0', 'A', '13:54:26', 460),
	(1151, 1, '2023-07-24 11:14:50.310223', '538181f9-39f2-43c8-8596-b7309a7dea58', '2023-07-24 16:44:50.000000', b'0', 'A', '16:44:50', 459),
	(1152, 1, '2023-07-24 11:15:06.047199', '538181f9-39f2-43c8-8596-b7309a7dea58', '2023-07-24 16:45:06.000000', b'1', 'A', '16:45:06', 459),
	(1153, 1, '2023-07-24 11:15:39.982537', '538181f9-39f2-43c8-8596-b7309a7dea58', '2023-07-24 16:45:39.000000', b'0', 'A', '16:45:39', 459),
	(1154, 1, '2023-07-24 11:16:58.484983', '538181f9-39f2-43c8-8596-b7309a7dea58', '2023-07-24 16:46:58.000000', b'1', 'A', '16:46:58', 459),
	(1155, 1, '2023-07-24 11:25:13.122619', '538181f9-39f2-43c8-8596-b7309a7dea58', '2023-07-24 16:55:13.000000', b'0', 'A', '16:55:13', 459),
	(1156, 1, '2023-07-24 12:27:24.715048', 'c9c5de82-7567-4023-afdb-7555aa120b96', '2023-07-24 17:57:24.000000', b'1', 'A', '17:57:24', 461),
	(1157, 1, '2023-07-25 03:46:38.575887', '538181f9-39f2-43c8-8596-b7309a7dea58', '2023-07-25 09:16:38.000000', b'1', 'A', '09:16:38', 462),
	(1158, 1, '2023-07-25 03:46:48.276952', '538181f9-39f2-43c8-8596-b7309a7dea58', '2023-07-25 09:16:48.000000', b'1', 'A', '09:16:48', 463),
	(1159, 1, '2023-07-25 03:46:54.432090', '538181f9-39f2-43c8-8596-b7309a7dea58', '2023-07-25 09:16:54.000000', b'1', 'A', '09:16:54', 464),
	(1160, 1, '2023-07-25 03:47:01.370135', '538181f9-39f2-43c8-8596-b7309a7dea58', '2023-07-25 09:17:01.000000', b'1', 'A', '09:17:01', 465),
	(1161, 1, '2023-07-25 03:47:07.077798', '538181f9-39f2-43c8-8596-b7309a7dea58', '2023-07-25 09:17:07.000000', b'1', 'A', '09:17:07', 466),
	(1162, 1, '2023-07-25 03:47:20.843445', '538181f9-39f2-43c8-8596-b7309a7dea58', '2023-07-25 09:17:20.000000', b'1', 'A', '09:17:20', 467),
	(1163, 1, '2023-07-25 03:47:28.446393', '538181f9-39f2-43c8-8596-b7309a7dea58', '2023-07-25 09:17:28.000000', b'1', 'A', '09:17:28', 468),
	(1164, 1, '2023-07-25 03:47:35.675886', '538181f9-39f2-43c8-8596-b7309a7dea58', '2023-07-25 09:17:35.000000', b'1', 'A', '09:17:35', 469),
	(1165, 1, '2023-07-25 03:47:41.973559', '538181f9-39f2-43c8-8596-b7309a7dea58', '2023-07-25 09:17:41.000000', b'1', 'A', '09:17:41', 470),
	(1166, 1, '2023-07-25 03:47:51.349285', '538181f9-39f2-43c8-8596-b7309a7dea58', '2023-07-25 09:17:51.000000', b'1', 'A', '09:17:51', 471),
	(1167, 1, '2023-07-25 03:47:57.814062', '538181f9-39f2-43c8-8596-b7309a7dea58', '2023-07-25 09:17:57.000000', b'1', 'A', '09:17:57', 472),
	(1168, 1, '2023-07-25 03:48:04.403310', '538181f9-39f2-43c8-8596-b7309a7dea58', '2023-07-25 09:18:04.000000', b'1', 'A', '09:18:04', 473),
	(1169, 1, '2023-07-25 03:48:11.185902', '538181f9-39f2-43c8-8596-b7309a7dea58', '2023-07-25 09:18:11.000000', b'1', 'A', '09:18:11', 474),
	(1170, 1, '2023-07-25 03:48:29.708500', '538181f9-39f2-43c8-8596-b7309a7dea58', '2023-07-25 09:18:29.000000', b'1', 'A', '09:18:29', 475),
	(1171, 1, '2023-07-25 03:48:35.361535', '538181f9-39f2-43c8-8596-b7309a7dea58', '2023-07-25 09:18:35.000000', b'1', 'A', '09:18:35', 476),
	(1172, 1, '2023-07-25 03:48:41.645179', '538181f9-39f2-43c8-8596-b7309a7dea58', '2023-07-25 09:18:41.000000', b'1', 'A', '09:18:41', 477),
	(1173, 1, '2023-07-25 03:48:57.533186', '538181f9-39f2-43c8-8596-b7309a7dea58', '2023-07-25 09:18:57.000000', b'1', 'A', '09:18:57', 478),
	(1174, 1, '2023-07-25 03:49:10.949218', '538181f9-39f2-43c8-8596-b7309a7dea58', '2023-07-25 09:19:10.000000', b'1', 'A', '09:19:10', 479),
	(1175, 1, '2023-07-25 03:49:21.928241', '538181f9-39f2-43c8-8596-b7309a7dea58', '2023-07-25 09:19:21.000000', b'1', 'A', '09:19:21', 480),
	(1176, 1, '2023-07-25 03:49:31.067069', '538181f9-39f2-43c8-8596-b7309a7dea58', '2023-07-25 09:19:31.000000', b'1', 'A', '09:19:31', 481),
	(1177, 1, '2023-07-25 03:49:38.628138', '538181f9-39f2-43c8-8596-b7309a7dea58', '2023-07-25 09:19:38.000000', b'1', 'A', '09:19:38', 482),
	(1178, 1, '2023-07-25 03:49:50.486557', '538181f9-39f2-43c8-8596-b7309a7dea58', '2023-07-25 09:19:50.000000', b'1', 'A', '09:19:50', 483),
	(1179, 1, '2023-07-25 03:49:57.102011', '538181f9-39f2-43c8-8596-b7309a7dea58', '2023-07-25 09:19:57.000000', b'1', 'A', '09:19:57', 484),
	(1180, 1, '2023-07-25 03:50:04.826816', '538181f9-39f2-43c8-8596-b7309a7dea58', '2023-07-25 09:20:04.000000', b'1', 'A', '09:20:04', 485),
	(1181, 1, '2023-07-25 03:50:10.556134', '538181f9-39f2-43c8-8596-b7309a7dea58', '2023-07-24 23:59:59.000000', b'0', 'A', '23:59:59', 461),
	(1182, 1, '2023-07-25 03:50:10.642228', '538181f9-39f2-43c8-8596-b7309a7dea58', '2023-07-25 09:20:10.000000', b'1', 'A', '09:20:10', 486),
	(1183, 1, '2023-07-25 04:13:33.805484', '538181f9-39f2-43c8-8596-b7309a7dea58', '2023-07-25 09:43:33.000000', b'0', 'A', '09:43:33', 462),
	(1184, 1, '2023-07-25 04:33:16.233266', 'c9c5de82-7567-4023-afdb-7555aa120b96', '2023-07-25 10:03:16.000000', b'1', 'A', '10:03:16', 487),
	(1185, 1, '2023-07-25 05:50:36.910376', '538181f9-39f2-43c8-8596-b7309a7dea58', '2023-07-25 11:20:36.000000', b'1', 'A', '11:20:36', 462),
	(1186, 1, '2023-07-25 06:24:53.533227', '538181f9-39f2-43c8-8596-b7309a7dea58', '2023-07-25 11:54:53.000000', b'0', 'A', '11:54:53', 462),
	(1187, 1, '2023-07-25 10:24:10.268802', '538181f9-39f2-43c8-8596-b7309a7dea58', '2023-07-25 15:54:10.000000', b'1', 'A', '15:54:10', 462),
	(1188, 1, '2023-07-25 10:25:06.595258', '538181f9-39f2-43c8-8596-b7309a7dea58', '2023-07-25 15:55:06.000000', b'0', 'A', '15:55:06', 462),
	(1189, 1, '2023-07-25 11:50:30.654636', '538181f9-39f2-43c8-8596-b7309a7dea58', '2023-07-25 17:20:30.000000', b'1', 'A', '17:20:30', 462),
	(1190, 1, '2023-07-25 11:50:34.765051', '538181f9-39f2-43c8-8596-b7309a7dea58', '2023-07-25 17:20:34.000000', b'0', 'A', '17:20:34', 462),
	(1191, 1, '2023-07-25 11:50:38.648747', '538181f9-39f2-43c8-8596-b7309a7dea58', '2023-07-25 17:20:38.000000', b'1', 'A', '17:20:38', 462);
/*!40000 ALTER TABLE `time_sheet` ENABLE KEYS */;

-- Dumping structure for table vghrms.trainer
CREATE TABLE IF NOT EXISTS `trainer` (
  `id` bigint(20) NOT NULL AUTO_INCREMENT,
  `company_id` bigint(20) DEFAULT NULL,
  `last_modified` datetime(6) DEFAULT NULL,
  `last_modified_by` varchar(255) DEFAULT NULL,
  `description` varchar(255) DEFAULT NULL,
  `employee_id` bigint(20) DEFAULT NULL,
  `first_name` varchar(255) DEFAULT NULL,
  `last_name` varchar(255) DEFAULT NULL,
  `role` varchar(255) DEFAULT NULL,
  `status` varchar(255) DEFAULT NULL,
  PRIMARY KEY (`id`)
) ENGINE=InnoDB AUTO_INCREMENT=27 DEFAULT CHARSET=latin1;

-- Dumping data for table vghrms.trainer: ~10 rows (approximately)
DELETE FROM `trainer`;
/*!40000 ALTER TABLE `trainer` DISABLE KEYS */;
INSERT INTO `trainer` (`id`, `company_id`, `last_modified`, `last_modified_by`, `description`, `employee_id`, `first_name`, `last_name`, `role`, `status`) VALUES
	(17, 1, '2023-07-13 04:54:17.290711', '538181f9-39f2-43c8-8596-b7309a7dea58', 'Accounts training', NULL, 'Mrudula', 'Chingale', 'Cashier', 'D'),
	(18, 1, '2023-07-13 04:54:18.243690', '538181f9-39f2-43c8-8596-b7309a7dea58', 'Accounts training', NULL, 'Mrudula', 'Chingale', 'Cashier', 'A'),
	(19, 1, '2023-07-13 07:35:20.696785', '538181f9-39f2-43c8-8596-b7309a7dea58', 'Training for basic accounts', NULL, 'Akash', 'Karvale', 'Employee', 'D'),
	(20, 1, '2023-07-13 07:36:47.211775', '538181f9-39f2-43c8-8596-b7309a7dea58', 'Basic training', NULL, 'Swapnil', 'Suryawanshi', 'Employee', 'D'),
	(21, 1, '2023-07-13 07:36:47.373788', '538181f9-39f2-43c8-8596-b7309a7dea58', 'Basic training', NULL, 'Swapnil', 'Suryawanshi', 'Employee', 'A'),
	(22, 1, '2023-07-17 11:17:27.133566', 'c9c5de82-7567-4023-afdb-7555aa120b96', 'knowledge for Finance', NULL, 'Atharv', 'More', 'Trainer', 'A'),
	(23, 1, '2023-07-18 12:46:21.606523', '538181f9-39f2-43c8-8596-b7309a7dea58', 'best teacher', NULL, 'Ramesh', 'Rokale', 'Staff Member', 'A'),
	(24, 1, '2023-07-18 12:45:45.339084', '538181f9-39f2-43c8-8596-b7309a7dea58', 'For finance training', NULL, 'Taramati', 'Sharma', 'Clerk', 'A'),
	(25, 1, '2023-07-20 12:10:53.549655', '538181f9-39f2-43c8-8596-b7309a7dea58', 'Finance Training ', NULL, 'Nihan ', 'Patil', 'Finance Trainer', 'A'),
	(26, 1, '2023-07-25 06:41:21.474732', '538181f9-39f2-43c8-8596-b7309a7dea58', 'net banking trainer', NULL, 'Sonam', 'Dhere', 'Trainer', 'A');
/*!40000 ALTER TABLE `trainer` ENABLE KEYS */;

-- Dumping structure for table vghrms.training
CREATE TABLE IF NOT EXISTS `training` (
  `id` bigint(20) NOT NULL AUTO_INCREMENT,
  `company_id` bigint(20) DEFAULT NULL,
  `last_modified` datetime(6) DEFAULT NULL,
  `last_modified_by` varchar(255) DEFAULT NULL,
  `department_id` bigint(20) DEFAULT NULL,
  `description` varchar(255) DEFAULT NULL,
  `employee_id` bigint(20) DEFAULT NULL,
  `end_date` datetime(6) DEFAULT NULL,
  `start_date` datetime(6) DEFAULT NULL,
  `status` varchar(255) DEFAULT NULL,
  `trainer_id` bigint(20) DEFAULT NULL,
  `training_cost` double DEFAULT NULL,
  `training_status` varchar(255) DEFAULT NULL,
  `training_type_id` bigint(20) DEFAULT NULL,
  PRIMARY KEY (`id`)
) ENGINE=InnoDB AUTO_INCREMENT=88 DEFAULT CHARSET=latin1;

-- Dumping data for table vghrms.training: ~20 rows (approximately)
DELETE FROM `training`;
/*!40000 ALTER TABLE `training` DISABLE KEYS */;
INSERT INTO `training` (`id`, `company_id`, `last_modified`, `last_modified_by`, `department_id`, `description`, `employee_id`, `end_date`, `start_date`, `status`, `trainer_id`, `training_cost`, `training_status`, `training_type_id`) VALUES
	(68, 1, '2023-07-13 04:56:34.465674', '538181f9-39f2-43c8-8596-b7309a7dea58', 1, 'Training for account software', 87, '2023-07-19 04:52:37.000000', '2023-07-17 04:52:37.000000', 'A', 18, 3000, 'Assigned', 17),
	(69, 1, '2023-07-13 04:56:34.470714', '538181f9-39f2-43c8-8596-b7309a7dea58', 1, 'Training for account software', 85, '2023-07-19 04:52:37.000000', '2023-07-17 04:52:37.000000', 'A', 18, 3000, 'Assigned', 17),
	(70, 1, '2023-07-13 04:56:34.471678', '538181f9-39f2-43c8-8596-b7309a7dea58', 1, 'Training for account software', 86, '2023-07-19 04:52:37.000000', '2023-07-17 04:52:37.000000', 'A', 18, 3000, 'Assigned', 17),
	(71, 1, '2023-07-14 07:02:38.364506', '538181f9-39f2-43c8-8596-b7309a7dea58', 1, 'account Training', 90, '2023-08-30 18:30:00.000000', '2023-07-31 06:58:54.000000', 'A', 18, 7000, 'Assigned', 19),
	(72, 1, '2023-07-14 07:02:38.364506', '538181f9-39f2-43c8-8596-b7309a7dea58', 1, 'account Training', 92, '2023-08-30 18:30:00.000000', '2023-07-31 06:58:54.000000', 'A', 18, 7000, 'Assigned', 19),
	(73, 1, '2023-07-14 07:02:38.366503', '538181f9-39f2-43c8-8596-b7309a7dea58', 1, 'account Training', 91, '2023-08-30 18:30:00.000000', '2023-07-31 06:58:54.000000', 'A', 18, 7000, 'Assigned', 19),
	(74, 1, '2023-07-17 08:47:22.998540', '538181f9-39f2-43c8-8596-b7309a7dea58', 1, 'uipath training', 90, '2023-07-13 07:30:08.000000', '2023-07-12 07:30:08.000000', 'A', 21, 5000, 'Assigned', 20),
	(75, 1, '2023-07-17 08:47:22.998540', '538181f9-39f2-43c8-8596-b7309a7dea58', 1, 'uipath training', 94, '2023-07-13 07:30:08.000000', '2023-07-12 07:30:08.000000', 'A', 21, 5000, 'Assigned', 20),
	(76, 1, '2023-07-17 08:47:23.001550', '538181f9-39f2-43c8-8596-b7309a7dea58', 1, 'uipath training', 87, '2023-07-13 07:30:08.000000', '2023-07-12 07:30:08.000000', 'A', 21, 5000, 'Assigned', 20),
	(77, 1, '2023-07-17 10:40:21.185598', 'c9c5de82-7567-4023-afdb-7555aa120b96', 1, 'finance', 93, '2023-07-31 10:19:56.000000', '2023-07-03 10:19:56.000000', 'A', 18, 7000, 'Assigned', 20),
	(78, 1, '2023-07-17 10:40:21.184579', 'c9c5de82-7567-4023-afdb-7555aa120b96', 1, 'finance', 95, '2023-07-31 10:19:56.000000', '2023-07-03 10:19:56.000000', 'A', 18, 7000, 'Assigned', 20),
	(79, 1, '2023-07-17 10:40:21.184579', 'c9c5de82-7567-4023-afdb-7555aa120b96', 1, 'finance', 94, '2023-07-31 10:19:56.000000', '2023-07-03 10:19:56.000000', 'A', 18, 7000, 'Assigned', 20),
	(80, 1, '2023-07-17 10:40:21.199542', 'c9c5de82-7567-4023-afdb-7555aa120b96', 1, 'finance', 91, '2023-07-31 10:19:56.000000', '2023-07-03 10:19:56.000000', 'A', 18, 7000, 'Assigned', 20),
	(81, 1, '2023-07-19 11:02:37.638468', '538181f9-39f2-43c8-8596-b7309a7dea58', 1, 'finance training ', 107, '2023-08-30 18:30:00.000000', '2023-07-03 10:44:36.000000', 'A', 25, 7000, 'Assigned', 24),
	(82, 1, '2023-07-19 11:02:37.641464', '538181f9-39f2-43c8-8596-b7309a7dea58', 1, 'finance training ', 104, '2023-08-30 18:30:00.000000', '2023-07-03 10:44:36.000000', 'A', 25, 7000, 'Assigned', 24),
	(83, 1, '2023-07-19 11:02:37.642477', '538181f9-39f2-43c8-8596-b7309a7dea58', 1, 'finance training ', 105, '2023-08-30 18:30:00.000000', '2023-07-03 10:44:36.000000', 'A', 25, 7000, 'Assigned', 24),
	(84, 1, '2023-07-19 11:02:37.658485', '538181f9-39f2-43c8-8596-b7309a7dea58', 1, 'finance training ', 106, '2023-08-30 18:30:00.000000', '2023-07-03 10:44:36.000000', 'A', 25, 7000, 'Assigned', 24),
	(85, 1, '2023-07-19 11:03:55.441737', '538181f9-39f2-43c8-8596-b7309a7dea58', 1, 'for marketting training', 104, '2023-08-16 18:30:00.000000', '2023-05-31 18:30:00.000000', 'A', 24, 0, 'Assigned', 22),
	(86, 1, '2023-07-19 11:03:55.580031', '538181f9-39f2-43c8-8596-b7309a7dea58', 1, 'for marketting training', 105, '2023-08-16 18:30:00.000000', '2023-05-31 18:30:00.000000', 'A', 24, 0, 'Assigned', 22),
	(87, 1, '2023-07-19 11:03:55.581057', '538181f9-39f2-43c8-8596-b7309a7dea58', 1, 'for marketting training', 106, '2023-08-16 18:30:00.000000', '2023-05-31 18:30:00.000000', 'A', 24, 0, 'Assigned', 22);
/*!40000 ALTER TABLE `training` ENABLE KEYS */;

-- Dumping structure for table vghrms.training_type
CREATE TABLE IF NOT EXISTS `training_type` (
  `id` bigint(20) NOT NULL AUTO_INCREMENT,
  `company_id` bigint(20) DEFAULT NULL,
  `last_modified` datetime(6) DEFAULT NULL,
  `last_modified_by` varchar(255) DEFAULT NULL,
  `department_id` bigint(20) DEFAULT NULL,
  `description` varchar(255) DEFAULT NULL,
  `status` varchar(255) DEFAULT NULL,
  `type` varchar(255) DEFAULT NULL,
  PRIMARY KEY (`id`)
) ENGINE=InnoDB AUTO_INCREMENT=26 DEFAULT CHARSET=latin1;

-- Dumping data for table vghrms.training_type: ~9 rows (approximately)
DELETE FROM `training_type`;
/*!40000 ALTER TABLE `training_type` DISABLE KEYS */;
INSERT INTO `training_type` (`id`, `company_id`, `last_modified`, `last_modified_by`, `department_id`, `description`, `status`, `type`) VALUES
	(17, 1, '2023-07-20 12:09:18.990120', '538181f9-39f2-43c8-8596-b7309a7dea58', 20, 'For handling bank website and issue ', 'A', 'Net Banking'),
	(18, 1, '2023-07-13 04:15:59.063681', 'anonymousUser', 19, 'This training is important for marketing', 'A', 'Marketing Leadership Development'),
	(19, 1, '2023-07-13 11:20:15.832934', '538181f9-39f2-43c8-8596-b7309a7dea58', 1, 'Account Education', 'A', 'Account Trainings'),
	(20, 1, '2023-07-19 10:59:50.720241', '538181f9-39f2-43c8-8596-b7309a7dea58', 1, 'Finance training', 'A', 'Share Marketing'),
	(21, 1, '2023-07-17 10:43:16.200599', 'c9c5de82-7567-4023-afdb-7555aa120b96', 22, 'Finance', 'A', 'Finance  Training Type'),
	(22, 1, '2023-07-19 11:01:06.998104', '538181f9-39f2-43c8-8596-b7309a7dea58', 1, 'going training', 'A', 'Economice Finance'),
	(23, 1, '2023-07-19 10:56:25.550886', '538181f9-39f2-43c8-8596-b7309a7dea58', 22, 'finance training', 'D', 'Finance'),
	(24, 1, '2023-07-19 10:58:59.719700', '538181f9-39f2-43c8-8596-b7309a7dea58', 1, 'Finance Training', 'A', 'Finance'),
	(25, 1, '2023-07-25 06:40:18.147963', '538181f9-39f2-43c8-8596-b7309a7dea58', 1, 'net banking', 'A', ' Net Banking');
/*!40000 ALTER TABLE `training_type` ENABLE KEYS */;

-- Dumping structure for table vghrms.working_hours
CREATE TABLE IF NOT EXISTS `working_hours` (
  `id` bigint(20) NOT NULL AUTO_INCREMENT,
  `company_id` bigint(20) DEFAULT NULL,
  `last_modified` datetime(6) DEFAULT NULL,
  `last_modified_by` varchar(255) DEFAULT NULL,
  `employment_type_id` bigint(20) DEFAULT NULL,
  `no_of_hours` double DEFAULT NULL,
  `ref_table` varchar(255) DEFAULT NULL,
  `ref_table_id` bigint(20) DEFAULT NULL,
  `status` varchar(255) DEFAULT NULL,
  PRIMARY KEY (`id`)
) ENGINE=InnoDB AUTO_INCREMENT=44 DEFAULT CHARSET=latin1;

-- Dumping data for table vghrms.working_hours: ~4 rows (approximately)
DELETE FROM `working_hours`;
/*!40000 ALTER TABLE `working_hours` DISABLE KEYS */;
INSERT INTO `working_hours` (`id`, `company_id`, `last_modified`, `last_modified_by`, `employment_type_id`, `no_of_hours`, `ref_table`, `ref_table_id`, `status`) VALUES
	(40, 1, '2023-07-12 12:07:43.705100', '538181f9-39f2-43c8-8596-b7309a7dea58', 4, 8, 'COMPANY', 1, 'A'),
	(41, 1, '2023-07-12 12:08:34.507126', '538181f9-39f2-43c8-8596-b7309a7dea58', 2, 9, 'COMPANY', 1, 'A'),
	(42, 1, '2023-07-12 12:08:50.580098', '538181f9-39f2-43c8-8596-b7309a7dea58', 1, 8, 'COMPANY', 1, 'A'),
	(43, 1, '2023-07-12 12:09:12.461093', '538181f9-39f2-43c8-8596-b7309a7dea58', 3, 8, 'COMPANY', 1, 'A');
/*!40000 ALTER TABLE `working_hours` ENABLE KEYS */;

-- Dumping structure for table vghrms.work_days_setting
CREATE TABLE IF NOT EXISTS `work_days_setting` (
  `id` bigint(20) NOT NULL AUTO_INCREMENT,
  `company_id` bigint(20) DEFAULT NULL,
  `last_modified` datetime(6) DEFAULT NULL,
  `last_modified_by` varchar(255) DEFAULT NULL,
  `day` varchar(255) DEFAULT NULL,
  `day_off` bit(1) DEFAULT NULL,
  `hours` varchar(255) DEFAULT NULL,
  `status` varchar(255) DEFAULT NULL,
  PRIMARY KEY (`id`)
) ENGINE=InnoDB AUTO_INCREMENT=24 DEFAULT CHARSET=latin1;

-- Dumping data for table vghrms.work_days_setting: ~14 rows (approximately)
DELETE FROM `work_days_setting`;
/*!40000 ALTER TABLE `work_days_setting` DISABLE KEYS */;
INSERT INTO `work_days_setting` (`id`, `company_id`, `last_modified`, `last_modified_by`, `day`, `day_off`, `hours`, `status`) VALUES
	(10, 1, '2023-07-12 11:44:15.233245', '538181f9-39f2-43c8-8596-b7309a7dea58', 'Monday', b'0', '9', 'A'),
	(11, 1, '2023-07-12 11:45:40.567222', '538181f9-39f2-43c8-8596-b7309a7dea58', 'Tuesday', b'0', '9', 'A'),
	(12, 1, '2023-07-12 11:45:56.559247', '538181f9-39f2-43c8-8596-b7309a7dea58', 'Wednesday', b'0', '9', 'A'),
	(13, 1, '2023-07-12 11:48:43.477249', '538181f9-39f2-43c8-8596-b7309a7dea58', 'Thursday', b'0', '9', 'A'),
	(14, 1, '2023-07-12 11:48:59.198222', '538181f9-39f2-43c8-8596-b7309a7dea58', 'Friday', b'0', '9', 'A'),
	(15, 1, '2023-07-13 07:49:58.200866', '538181f9-39f2-43c8-8596-b7309a7dea58', 'Saturday', b'1', '0', 'A'),
	(16, 1, '2023-07-12 12:14:53.292110', '538181f9-39f2-43c8-8596-b7309a7dea58', 'Sunday', b'1', '0', 'A'),
	(17, 2, '2023-06-12 09:26:03.781063', '538181f9-39f2-43c8-8596-b7309a7dea58', 'Tuesday', b'1', '0', 'A'),
	(18, 2, '2023-03-15 11:57:20.000000', 'Aarohi', 'Monday', b'0', '9', 'A'),
	(19, 2, '2023-03-15 11:57:20.000000', 'Aarohi', 'Wednesday', b'0', '9', 'A'),
	(20, 2, '2023-03-15 11:57:20.000000', 'Aarohi', 'Thursday', b'0', '9', 'A'),
	(21, 2, '2023-03-15 11:57:20.000000', 'Aarohi', 'Friday', b'0', '9', 'A'),
	(22, 2, '2023-03-15 11:57:20.000000', 'Aarohi', 'Saturday', b'1', '0', 'A'),
	(23, 2, '2023-05-25 09:03:30.567536', '538181f9-39f2-43c8-8596-b7309a7dea58', 'Sunday', b'1', '0', 'A');
/*!40000 ALTER TABLE `work_days_setting` ENABLE KEYS */;

-- Dumping structure for table vghrms.work_experience
CREATE TABLE IF NOT EXISTS `work_experience` (
  `id` bigint(20) NOT NULL AUTO_INCREMENT,
  `company_id` bigint(20) DEFAULT NULL,
  `last_modified` datetime(6) DEFAULT NULL,
  `last_modified_by` varchar(255) DEFAULT NULL,
  `address_id` bigint(20) DEFAULT NULL,
  `company_name` varchar(255) DEFAULT NULL,
  `employee_id` bigint(20) DEFAULT NULL,
  `end_date` datetime(6) DEFAULT NULL,
  `job_desc` varchar(255) DEFAULT NULL,
  `job_title` varchar(255) DEFAULT NULL,
  `start_date` datetime(6) DEFAULT NULL,
  `status` varchar(255) DEFAULT NULL,
  PRIMARY KEY (`id`)
) ENGINE=InnoDB AUTO_INCREMENT=42 DEFAULT CHARSET=latin1;

-- Dumping data for table vghrms.work_experience: ~22 rows (approximately)
DELETE FROM `work_experience`;
/*!40000 ALTER TABLE `work_experience` DISABLE KEYS */;
INSERT INTO `work_experience` (`id`, `company_id`, `last_modified`, `last_modified_by`, `address_id`, `company_name`, `employee_id`, `end_date`, `job_desc`, `job_title`, `start_date`, `status`) VALUES
	(10, 1, '2023-07-11 06:30:43.956988', '538181f9-39f2-43c8-8596-b7309a7dea58', NULL, 'Abc Pvt Ltd', 13, '2023-06-28 10:09:53.000000', 'Software Development', 'Junior Engineer', '2020-01-01 10:09:53.000000', 'A'),
	(21, 1, '2023-07-12 13:04:24.369205', '538181f9-39f2-43c8-8596-b7309a7dea58', NULL, 'City Bank Pune', 83, '2022-05-10 11:59:22.000000', ' Human Resource', 'Junior HR', '2019-02-02 11:59:22.000000', 'A'),
	(22, 1, '2023-07-12 13:09:04.647091', '538181f9-39f2-43c8-8596-b7309a7dea58', NULL, 'State Bank', 85, '2023-07-11 11:59:22.000000', 'Sales Managemnet', 'Trainee', '2020-05-05 11:59:22.000000', 'A'),
	(23, 1, '2023-07-12 14:01:34.067680', '538181f9-39f2-43c8-8596-b7309a7dea58', NULL, 'Bank of Baroda, Pune', 86, '2021-09-22 18:30:00.000000', 'Clerk', 'Clerk', '2020-05-04 18:30:00.000000', 'A'),
	(24, 1, '2023-07-12 14:02:23.953699', '538181f9-39f2-43c8-8596-b7309a7dea58', NULL, 'Bhagini Nivedita Bank', 88, '2023-07-06 13:48:18.000000', 'Clerical Work', 'Clerk', '2022-05-10 13:48:18.000000', 'A'),
	(25, 1, '2023-07-12 14:12:50.219675', '538181f9-39f2-43c8-8596-b7309a7dea58', NULL, 'Bank of Maharshtra, Pune', 84, '2023-07-04 13:51:05.000000', 'Trainee', 'Trainee', '2017-02-07 13:51:05.000000', 'A'),
	(26, 1, '2023-07-13 04:22:20.256681', '538181f9-39f2-43c8-8596-b7309a7dea58', NULL, 'City Bank Pune', 89, '2020-06-08 04:05:27.000000', 'Junior HR', 'Junior HR', '2019-02-03 04:05:27.000000', 'A'),
	(27, 1, '2023-07-19 10:35:00.874641', 'b8f33129-b9ce-43db-b11f-1e1b5c0eda8a', NULL, 'Janta Bank, Pune', 87, '2021-06-10 13:51:05.000000', 'Trainee', 'Trainee', '2020-05-05 13:51:05.000000', 'A'),
	(28, 1, '2023-07-19 10:35:00.395796', 'b8f33129-b9ce-43db-b11f-1e1b5c0eda8a', NULL, 'Bitwise', 87, '2023-07-13 04:59:57.000000', 'Quality Assurance', 'Tester', '2022-12-10 18:30:00.000000', 'A'),
	(29, 1, '2023-07-13 12:34:36.613940', '538181f9-39f2-43c8-8596-b7309a7dea58', NULL, 'Bitwise', 90, '2023-07-13 12:16:54.000000', 'Quality Analysis', 'Tester', '2022-05-09 18:30:00.000000', 'A'),
	(30, 1, '2023-07-13 17:23:53.460243', '538181f9-39f2-43c8-8596-b7309a7dea58', NULL, 'Bank Of Maharashtra', 91, '2022-05-18 17:11:47.000000', 'Account Manager', 'Account', '2018-09-11 17:11:47.000000', 'A'),
	(31, 1, '2023-07-14 10:26:44.613145', '538181f9-39f2-43c8-8596-b7309a7dea58', NULL, 'Bank Of Maharashtra', 93, '2020-08-11 10:25:20.000000', 'Finance', 'Account', '2018-12-27 10:25:20.000000', 'A'),
	(32, 1, '2023-07-14 10:28:07.305145', '538181f9-39f2-43c8-8596-b7309a7dea58', NULL, 'State Bank Of India', 93, '2022-09-21 10:25:20.000000', 'Marketing', 'Marketing', '2020-12-23 10:25:20.000000', 'A'),
	(33, 1, '2023-07-17 08:53:33.551531', '538181f9-39f2-43c8-8596-b7309a7dea58', NULL, 'Tcs', 95, '2023-07-03 07:05:40.000000', 'Software Engineer', 'Software Engineer', '2022-08-23 07:05:40.000000', 'A'),
	(34, 1, '2023-07-18 11:12:53.688827', '538181f9-39f2-43c8-8596-b7309a7dea58', NULL, 'SbI', 97, '2022-08-24 10:07:27.000000', 'Loan Manager', 'Loan Manager', '2020-08-19 10:07:27.000000', 'A'),
	(35, 1, '2023-07-19 08:32:44.403784', '538181f9-39f2-43c8-8596-b7309a7dea58', NULL, 'Accenture', 104, '2023-07-18 07:18:02.000000', 'Tester', 'Tester', '2016-01-12 07:18:02.000000', 'A'),
	(36, 1, '2023-07-20 11:39:36.579882', '538181f9-39f2-43c8-8596-b7309a7dea58', NULL, 'Radhika Enterprizes', 111, '2023-02-01 10:59:05.000000', 'Worked For The Manual Testing', 'Trainee', '2018-06-01 10:59:05.000000', 'A'),
	(37, 1, '2023-07-21 05:31:22.701077', '538181f9-39f2-43c8-8596-b7309a7dea58', NULL, 'Godraj', 109, '2023-07-11 05:00:46.000000', 'Employee', 'Electrician', '2022-05-11 05:00:46.000000', 'A'),
	(38, 1, '2023-07-21 05:56:53.814546', '538181f9-39f2-43c8-8596-b7309a7dea58', NULL, 'State Bank Of India', 110, '2023-07-18 05:52:30.000000', 'Manager', 'Loan Manager', '2020-05-12 05:52:30.000000', 'A'),
	(39, 1, '2023-07-21 06:11:03.752264', '538181f9-39f2-43c8-8596-b7309a7dea58', NULL, 'Bank Of Maharashtra', 107, '2023-06-14 05:52:30.000000', 'Finance Manger', 'Finance Manager', '2022-06-15 05:52:30.000000', 'A'),
	(40, 1, '2023-07-21 06:48:26.540527', '538181f9-39f2-43c8-8596-b7309a7dea58', NULL, 'Central Bank Of India', 103, '2023-04-03 06:31:18.000000', 'Manger', 'Loan  ', '2022-06-10 06:31:18.000000', 'A'),
	(41, 1, '2023-07-25 05:47:59.856265', '538181f9-39f2-43c8-8596-b7309a7dea58', NULL, 'Bank Of Maharashtra', 113, '2022-08-24 03:46:25.000000', 'Manger', 'Loan Manager', '2016-09-16 03:46:25.000000', 'A');
/*!40000 ALTER TABLE `work_experience` ENABLE KEYS */;

/*!40101 SET SQL_MODE=IFNULL(@OLD_SQL_MODE, '') */;
/*!40014 SET FOREIGN_KEY_CHECKS=IF(@OLD_FOREIGN_KEY_CHECKS IS NULL, 1, @OLD_FOREIGN_KEY_CHECKS) */;
/*!40101 SET CHARACTER_SET_CLIENT=@OLD_CHARACTER_SET_CLIENT */;
